filename,total_pixels,class_0_pixels,class_1_pixels,class_0_ratio,class_1_ratio,image_shape
002f20ad-2ace-499c-9335-c9080bc3e6b5.png,1920000,1367972,552028,0.7124854166666666,0.28751458333333335,"(1200, 1600)"
003a89b0-a095-417a-8dd6-f408339bbc68.png,1920000,1242100,677900,0.6469270833333334,0.3530729166666667,"(1200, 1600)"
003d1cdc-0aec-430b-90e0-f4d82135b1ac.png,1920000,1714697,205303,0.8930713541666667,0.10692864583333334,"(1200, 1600)"
005e60b6-77b8-458c-b57c-bfe0c7e7df78.png,1920000,1496755,423245,0.7795598958333333,0.22044010416666668,"(1200, 1600)"
00a02700-2ea2-4590-9e15-ffc9160fd3de.png,1920000,1455927,464073,0.7582953125,0.2417046875,"(1200, 1600)"
00c8364b-8c85-4502-bcfe-64736fe76815.png,1920000,1430913,489087,0.7452671875,0.2547328125,"(1200, 1600)"
00d04a90-80e5-4bce-9511-1b64eabb7a47.png,1920000,1117773,802227,0.5821734375,0.4178265625,"(1200, 1600)"
010961af-b38c-49de-aca0-e3732d73d414.png,2688552,1949968,738584,0.7252855812348059,0.27471441876519404,"(1383, 1944)"
0154dd8e-72f8-4d78-a4dd-93e139577bd1.png,1920000,1229373,690627,0.6402984375,0.3597015625,"(1200, 1600)"
01b38a56-13eb-447b-89ee-fc21cb40dcc1.png,1920000,1253201,666799,0.6527088541666667,0.3472911458333333,"(1200, 1600)"
01b99da8-b66b-464b-a7ee-1cadab8db18b.png,1920000,1488771,431229,0.7754015625,0.2245984375,"(1200, 1600)"
027ab174-e47a-44f8-b85b-372449eeb7d8.png,1920000,1671086,248914,0.8703572916666666,0.12964270833333333,"(1200, 1600)"
02ea7aa8-c142-4a3d-939f-e77689741341.png,1920000,1358900,561100,0.7077604166666667,0.29223958333333333,"(1200, 1600)"
02fb5e19-6f94-4787-bb78-e550a29a3cbd.png,1920000,1583550,336450,0.824765625,0.175234375,"(1200, 1600)"
030f3421-ed3f-4bf1-8f27-4d02590bffbc.png,1920000,1391612,528388,0.7247979166666667,0.27520208333333335,"(1200, 1600)"
03359d4d-69cb-4146-8286-ca7399366f97.png,1920000,1460692,459308,0.7607770833333334,0.23922291666666667,"(1200, 1600)"
0346611b-ea43-45bd-9f16-c6e8086273d2.png,2688552,1967274,721278,0.7317225034144774,0.26827749658552263,"(1383, 1944)"
034c8d57-04d5-4786-93a4-6ae8fde2c258.png,1920000,1414601,505399,0.7367713541666666,0.26322864583333333,"(1200, 1600)"
035f6c4b-0897-46ab-9c3b-5f3b0feff043.png,1920000,1460903,459097,0.7608869791666667,0.23911302083333333,"(1200, 1600)"
036404d1-b9fc-497b-bbe1-f4d9c5ac3ce0.png,1920000,1379824,540176,0.7186583333333333,0.28134166666666666,"(1200, 1600)"
036e008f-07a1-4e92-899d-1822dc390ccb.png,1920000,1535675,384325,0.7998307291666666,0.20016927083333333,"(1200, 1600)"
03b9d6ad-39ca-4097-a98b-77f02b3c00a7.png,1920000,1220285,699715,0.6355651041666667,0.3644348958333333,"(1200, 1600)"
03be08c8-2cf3-4de6-8ac6-5f7817a6a643.png,2688552,1823710,864842,0.6783242429382061,0.32167575706179385,"(1383, 1944)"
03c8da48-04b9-4520-b674-44a0ecd35688.png,1920000,1218107,701893,0.6344307291666667,0.36556927083333335,"(1200, 1600)"
03cbfcf2-8da6-462c-b30d-16d63357371f.png,1920000,1440879,479121,0.7504578125,0.2495421875,"(1200, 1600)"
040112be-3c8d-49aa-93f1-522f94a592ff.png,1920000,1274557,645443,0.6638317708333333,0.33616822916666667,"(1200, 1600)"
04018590-4e66-4cb9-ad2d-83570f1b29ae.png,1920000,1445488,474512,0.7528583333333333,0.24714166666666668,"(1200, 1600)"
0403835d-43f4-4a97-abfc-b2ff915f6d7b.png,1920000,1774863,145137,0.9244078125,0.0755921875,"(1200, 1600)"
04628a94-b674-469b-aff6-b476b70df87d.png,1920000,1314225,605775,0.6844921875,0.3155078125,"(1200, 1600)"
04a567df-5463-4043-81f1-d726223c19a9.png,1920000,1352470,567530,0.7044114583333333,0.29558854166666665,"(1200, 1600)"
04c07425-57c7-415c-a0bc-36857bbd4049.png,1920000,1534834,385166,0.7993927083333333,0.20060729166666666,"(1200, 1600)"
04d21589-b777-43c2-86b5-038cbf8c3a4e.png,1920000,1096048,823952,0.5708583333333334,0.42914166666666664,"(1200, 1600)"
04de27ff-0d36-4da3-a829-e93851d76981.png,1920000,1487152,432848,0.7745583333333333,0.22544166666666668,"(1200, 1600)"
04de3a31-fc09-40be-9c2c-9830c57f809d.png,1920000,1496656,423344,0.7795083333333334,0.22049166666666667,"(1200, 1600)"
04fb49a2-07b8-4cdf-b6f7-df5c3688e5f8.png,1920000,1388110,531890,0.7229739583333333,0.27702604166666667,"(1200, 1600)"
0546d843-d778-4aca-b8b5-bfe23d7c87da.png,1920000,1392089,527911,0.7250463541666666,0.2749536458333333,"(1200, 1600)"
05717db9-f1ef-4101-a9f7-7a007e83b1c9.png,1920000,1472359,447641,0.7668536458333334,0.23314635416666665,"(1200, 1600)"
05804cf0-f854-4099-97c2-df287f7c8a8c.png,1920000,1164151,755849,0.6063286458333333,0.39367135416666665,"(1200, 1600)"
05ac7b2a-6a77-4464-926b-8570f7c01693.png,1920000,1309186,610814,0.6818677083333333,0.3181322916666667,"(1200, 1600)"
06401963-8b02-46c5-ab2a-3d70bd01623f.png,1920000,1354682,565318,0.7055635416666667,0.2944364583333333,"(1200, 1600)"
064b84fe-bd21-4c27-b682-0a832272eac4.png,1920000,1621095,298905,0.8443203125,0.1556796875,"(1200, 1600)"
065af549-320a-4862-b92a-8ef750d7b5fb.png,1920000,1288660,631340,0.6711770833333334,0.3288229166666667,"(1200, 1600)"
06a3effb-996c-4767-afd2-6aa3b697cb4e.png,1920000,1194236,725764,0.6219979166666667,0.37800208333333335,"(1200, 1600)"
06bbcd42-3ba8-4476-8804-8455f56dd928.png,2688552,1669874,1018678,0.6211053384870369,0.37889466151296314,"(1383, 1944)"
06cd484f-e864-4fee-8819-688b45eed98e.png,1920000,1338576,581424,0.697175,0.302825,"(1200, 1600)"
06df7bbe-60d4-4f7c-ba4a-5a42ac4be91b.png,1920000,1288390,631610,0.6710364583333334,0.3289635416666667,"(1200, 1600)"
071901eb-4c3f-404b-a747-3d0b9d0a5158.png,1920000,1200207,719793,0.6251078125,0.3748921875,"(1200, 1600)"
07346d2e-a6e6-4dc0-95f1-9f7d8d7e3f66.png,1920000,1725194,194806,0.8985385416666667,0.10146145833333334,"(1200, 1600)"
073c10c9-5749-44b5-b08b-1be556a960f0.png,1920000,1265848,654152,0.6592958333333333,0.34070416666666664,"(1200, 1600)"
07a80340-f65e-4f58-9317-94bb6ebd5a28.png,1920000,1288278,631722,0.670978125,0.329021875,"(1200, 1600)"
07a96126-482e-4beb-b42a-0cb59e505372.png,1920000,1603012,316988,0.8349020833333334,0.16509791666666668,"(1200, 1600)"
07d15855-eb9b-46a9-b894-7cfe4d097826.png,1920000,1341099,578901,0.6984890625,0.3015109375,"(1200, 1600)"
082e1f81-4f49-44ad-b5bb-9dfc155b2ed8.png,1920000,1131234,788766,0.589184375,0.410815625,"(1200, 1600)"
0864c569-2ad7-48ed-b12a-e40aa5b93756.png,2688552,2074436,614116,0.7715811336362474,0.2284188663637527,"(1383, 1944)"
087602a2-288b-4a4d-b01a-524f0d799d89.png,2688552,1927993,760559,0.7171120365163106,0.2828879634836894,"(1383, 1944)"
087f2c9c-188d-43cc-a94c-0eb8f10ac092.png,1920000,1516508,403492,0.7898479166666666,0.21015208333333332,"(1200, 1600)"
0897f682-5301-49fc-a8d5-9df7762040bb.png,2688552,2147345,541207,0.7986994486251335,0.20130055137486647,"(1383, 1944)"
089c9744-f906-41d8-908d-1e37919a8658.png,1920000,1580041,339959,0.8229380208333333,0.17706197916666666,"(1200, 1600)"
08f5a524-0554-49c2-83a8-ae9a6d51e8fd.png,1920000,1295081,624919,0.6745213541666667,0.32547864583333336,"(1200, 1600)"
0901f9d1-be4f-4c19-8e83-dd724dded9f5.png,1920000,1396255,523745,0.7272161458333334,0.2727838541666667,"(1200, 1600)"
0906111b-bac7-4541-a6dc-da435c0724a8.png,1920000,1297330,622670,0.6756927083333333,0.32430729166666666,"(1200, 1600)"
093a831a-bf71-4333-bc06-942ae70cb164.png,1920000,955681,964319,0.4977505208333333,0.5022494791666666,"(1200, 1600)"
09bcedaa-e007-4692-a13f-ab02c3f872c4.png,1920000,1379376,540624,0.718425,0.281575,"(1200, 1600)"
09ecf7be-28e2-4531-b9e2-07e01c44097d.png,1920000,1327207,592793,0.6912536458333334,0.3087463541666667,"(1200, 1600)"
0a3b53c7-e7ab-4135-80aa-fd2079d727d6.png,2688552,2269668,418884,0.8441971737946672,0.15580282620533284,"(1383, 1944)"
0a747cb3-c720-4572-a661-ab5670a5c42e.png,1920000,1367445,552555,0.7122109375,0.2877890625,"(1200, 1600)"
0a7bfa8a-ee52-4f7a-b9c5-2919ecfa93ef.png,1920000,1109842,810158,0.5780427083333334,0.4219572916666667,"(1200, 1600)"
0ab56f9a-846d-49e2-a617-c6cc477fdfad.png,1920000,1526452,393548,0.7950270833333334,0.20497291666666667,"(1200, 1600)"
0ac747cd-ff32-49bf-bc1a-3e9b7702ce9c.png,1920000,1021744,898256,0.5321583333333333,0.46784166666666666,"(1200, 1600)"
0b04ec46-5119-4cda-8c35-c4e5b6f0eed0.png,1920000,1592244,327756,0.82929375,0.17070625,"(1200, 1600)"
0b923ab7-ebff-4079-a4bb-af7da89f374e.png,1920000,1536269,383731,0.8001401041666667,0.19985989583333333,"(1200, 1600)"
0ca25c88-457f-4f03-bbc1-98fb6663f1d1.png,1920000,1282407,637593,0.6679203125,0.3320796875,"(1200, 1600)"
0ceb4539-5c4c-487d-9826-452a88b5d537.png,1920000,1332685,587315,0.6941067708333334,0.30589322916666667,"(1200, 1600)"
0d095f3a-9243-472b-90b4-0ce8309e778c.png,1920000,1369723,550277,0.7133973958333333,0.28660260416666666,"(1200, 1600)"
0d098413-6911-4535-b70a-3c3effd8cf49.png,1920000,1384347,535653,0.7210140625,0.2789859375,"(1200, 1600)"
0d2aba33-6920-4001-bd54-59fe0bf9f50e.png,1920000,1448473,471527,0.7544130208333333,0.24558697916666666,"(1200, 1600)"
0d3c2521-da55-4df5-bf06-56b3bd4fb2fc.png,1920000,1249728,670272,0.6509,0.3491,"(1200, 1600)"
0d7bf56f-3b5a-40bd-971c-2ca33dd89b2c.png,1920000,1112526,807474,0.579440625,0.420559375,"(1200, 1600)"
0da07970-3146-479c-8a07-f61ed32814a9.png,1920000,1535322,384678,0.799646875,0.200353125,"(1200, 1600)"
0dcbf2c9-f959-4703-a72b-f6a81e66c2ea.png,1920000,1251988,668012,0.6520770833333334,0.3479229166666667,"(1200, 1600)"
0dcca702-a4ef-4fb3-a940-9c0c140b21c7.png,1920000,1012694,907306,0.5274447916666667,0.4725552083333333,"(1200, 1600)"
0e0bc36f-6fb2-4763-b0a1-b4c67b2d2d2a.png,2688552,2367641,320911,0.8806379791054814,0.11936202089451868,"(1383, 1944)"
0ed416f9-7c20-4829-9016-559e4009568e.png,1920000,1160307,759693,0.6043265625,0.3956734375,"(1200, 1600)"
0f0c949e-018a-4f3f-ab02-3704f49c7754.png,1920000,1493318,426682,0.7777697916666667,0.22223020833333335,"(1200, 1600)"
0f26699f-a776-4424-b092-27da9a1d12e2.png,1920000,1322393,597607,0.6887463541666666,0.3112536458333333,"(1200, 1600)"
0f2a6cda-afec-437b-8803-8d3176b072c1.png,1920000,1198897,721103,0.6244255208333334,0.37557447916666664,"(1200, 1600)"
0f735cca-051c-4048-a1fa-cb36f389e12f.png,1920000,1371312,548688,0.714225,0.285775,"(1200, 1600)"
0fa5b35d-6c44-4207-b6f8-d5b355086b5f.png,1920000,1306924,613076,0.6806895833333333,0.31931041666666665,"(1200, 1600)"
0fcd1ebe-ee4a-40a0-b787-29cee18bfa1b.png,1920000,979185,940815,0.5099921875,0.4900078125,"(1200, 1600)"
1012abf2-cb05-4337-86c5-513ec4ca904d.png,1920000,1489639,430361,0.7758536458333334,0.22414635416666667,"(1200, 1600)"
105af41b-13cc-4ad1-8a1f-8bc4d47cdd94.png,1920000,1310848,609152,0.6827333333333333,0.31726666666666664,"(1200, 1600)"
10891eed-b0f2-4dd0-90cb-da185f6761b2.png,1920000,1423071,496929,0.7411828125,0.2588171875,"(1200, 1600)"
109fbb82-bc3c-41ac-984d-e2da86202873.png,1920000,1277334,642666,0.665278125,0.334721875,"(1200, 1600)"
10be6380-cbbb-4886-8b9e-ff56b1710576.png,1920000,1436192,483808,0.7480166666666667,0.25198333333333334,"(1200, 1600)"
11b72c7b-5c52-44b7-adb7-21eacc25e441.png,1920000,1286736,633264,0.670175,0.329825,"(1200, 1600)"
11e517bf-943b-4928-929a-e9f72c097880.png,1920000,1274877,645123,0.6639984375,0.3360015625,"(1200, 1600)"
12269960-075f-40ca-9630-49ea2ce78294.png,1920000,1605628,314372,0.8362645833333333,0.16373541666666666,"(1200, 1600)"
13099edb-35d9-438f-b093-2cf2ebf9d255.png,1920000,1490856,429144,0.7764875,0.2235125,"(1200, 1600)"
1315c2a4-0794-4dfa-a709-e2451723d2b6.png,1920000,1492722,427278,0.777459375,0.222540625,"(1200, 1600)"
1345dc89-a3d9-4b71-8a75-b3bff01ba518.png,1920000,1627062,292938,0.847428125,0.152571875,"(1200, 1600)"
137d540f-d71e-47e8-bd9b-6cd0a6433c33.png,1920000,1556563,363437,0.8107098958333333,0.18929010416666667,"(1200, 1600)"
1380f9b4-bf54-4492-90c3-743c7aa8898b.png,1920000,1539038,380962,0.8015822916666666,0.19841770833333333,"(1200, 1600)"
13bab3c3-3f79-44d9-a287-0ae6d71eff31.png,1920000,976989,943011,0.5088484375,0.4911515625,"(1200, 1600)"
14005767-9296-4b48-8a9d-bbe9b2040005.png,1920000,1426181,493819,0.7428026041666667,0.25719739583333334,"(1200, 1600)"
143f5959-5b6d-4f95-bcee-9e110450fc22.png,1920000,1112996,807004,0.5796854166666666,0.4203145833333333,"(1200, 1600)"
1493d140-c9d5-4c3a-9caf-3eafb290a49b.png,1920000,1456104,463896,0.7583875,0.2416125,"(1200, 1600)"
14b68d86-ac7f-419d-b4a5-6b0b1d9aaa18.png,1920000,1131390,788610,0.589265625,0.410734375,"(1200, 1600)"
14efbfc8-39f6-4599-9994-a8cc95605b9c.png,1920000,1291202,628798,0.6725010416666667,0.3274989583333333,"(1200, 1600)"
1519257c-e3e5-4474-908f-8665b3cf1258.png,1920000,1310685,609315,0.6826484375,0.3173515625,"(1200, 1600)"
151f3af5-5e6e-4bcd-9389-4974fc68813e.png,1920000,1142419,777581,0.5950098958333333,0.40499010416666664,"(1200, 1600)"
15625643-d964-4b14-9839-c126384ae35b.png,2688552,2206985,481567,0.8208823931990157,0.17911760680098432,"(1383, 1944)"
1574565f-f45b-4160-947e-25ce1a81aaca.png,1920000,1440708,479292,0.75036875,0.24963125,"(1200, 1600)"
157ac97a-396e-4f6c-94c6-72a4d06ccc5f.png,1920000,1687419,232581,0.8788640625,0.1211359375,"(1200, 1600)"
15a5849d-8bc7-4e01-938b-c1f55067787d.png,2688552,2145047,543505,0.797844713436824,0.20215528656317602,"(1383, 1944)"
161978c3-3a05-47a5-9fee-be7d25693eae.png,1920000,1288260,631740,0.67096875,0.32903125,"(1200, 1600)"
16244280-6c74-47d3-b544-9fd6831a6bf9.png,1920000,1323012,596988,0.68906875,0.31093125,"(1200, 1600)"
169d541c-daed-468e-8b41-0f1abccdf319.png,1920000,1090494,829506,0.567965625,0.432034375,"(1200, 1600)"
16a51468-9f93-45df-9ae2-5a74c25c5a4b.png,1920000,1606988,313012,0.8369729166666666,0.16302708333333332,"(1200, 1600)"
16ec6e1f-5020-40b3-ba26-51c340d03ee7.png,1920000,1499849,420151,0.7811713541666667,0.21882864583333334,"(1200, 1600)"
177a3141-fa93-426a-9b52-7da71547ce44.png,1920000,1403496,516504,0.7309875,0.2690125,"(1200, 1600)"
177f883a-f0f1-4b8e-b598-2ca4bab27381.png,1920000,1265593,654407,0.6591630208333333,0.34083697916666666,"(1200, 1600)"
17c06a23-bb77-49cb-9ffb-fbfc75fcc715.png,1920000,1672246,247754,0.8709614583333334,0.12903854166666667,"(1200, 1600)"
17ef5841-bd19-4610-ba47-7d321231847b.png,1920000,1403934,516066,0.731215625,0.268784375,"(1200, 1600)"
184b376b-03cb-4c2d-af51-fc1a62196293.png,1920000,1367768,552232,0.7123791666666667,0.2876208333333333,"(1200, 1600)"
1863da5f-c595-4541-a8f4-21fe78678168.png,1920000,1403776,516224,0.7311333333333333,0.26886666666666664,"(1200, 1600)"
187f92b2-71ed-484a-9bd3-599ca0d2636f.png,1920000,1649465,270535,0.8590963541666666,0.14090364583333334,"(1200, 1600)"
1893e0c5-88e9-4644-bd59-3e47bc53a88c.png,1920000,1655613,264387,0.8622984375,0.1377015625,"(1200, 1600)"
18dbe7c4-89d2-42a6-a969-1e951ab313b1.png,1920000,1392008,527992,0.7250041666666667,0.27499583333333333,"(1200, 1600)"
191071ab-6515-428c-9f05-8e4309542b75.png,1920000,1259129,660871,0.6557963541666667,0.34420364583333335,"(1200, 1600)"
191f87a4-6f2d-49e7-bba0-08e3aa78ddaf.png,1920000,1424400,495600,0.741875,0.258125,"(1200, 1600)"
19370afd-f897-47d8-bfae-c0d257bbf795.png,1920000,1506524,413476,0.7846479166666667,0.21535208333333333,"(1200, 1600)"
194aec70-41a5-4ac3-b22f-0b6eda91f730.png,1920000,1382953,537047,0.7202880208333333,0.2797119791666667,"(1200, 1600)"
1976cd04-d24f-457c-b423-7e4cdb05de9e.png,1920000,563929,1356071,0.29371302083333334,0.7062869791666667,"(1200, 1600)"
19979a60-df80-4111-bf69-81a7e9c4dd0b.png,1920000,1510282,409718,0.7866052083333334,0.21339479166666667,"(1200, 1600)"
1a27ebe9-93a1-4898-af69-f276057d4012.png,1920000,1236530,683470,0.6440260416666667,0.35597395833333334,"(1200, 1600)"
1a332b2c-9d49-4ff2-810c-5633d2314527.png,1920000,1037252,882748,0.5402354166666666,0.4597645833333333,"(1200, 1600)"
1a48cbc1-5423-47e5-8ca5-2ab4f83a05a5.png,1920000,1074694,845306,0.5597364583333333,0.44026354166666665,"(1200, 1600)"
1b369bcf-ced4-4ae2-9196-2664bd2b1738.png,1920000,1096542,823458,0.571115625,0.428884375,"(1200, 1600)"
1b7f47fc-26cd-4273-b848-88a7cbfd9f85.png,1920000,1240228,679772,0.6459520833333333,0.3540479166666667,"(1200, 1600)"
1b814efc-7bf9-40ae-8e13-49dc2c04732f.png,2688552,2259551,429001,0.8404341816710259,0.1595658183289741,"(1383, 1944)"
1c406ce1-023b-47fc-a2cd-5ea2e255de65.png,1920000,1359981,560019,0.7083234375,0.2916765625,"(1200, 1600)"
1c87b997-a8e6-48ca-bf40-19b9a7fd6a96.png,1920000,1401065,518935,0.7297213541666666,0.27027864583333333,"(1200, 1600)"
1c90231b-2830-42d9-884e-7301edb16933.png,1920000,1240034,679966,0.6458510416666666,0.3541489583333333,"(1200, 1600)"
1d4cdf2e-79a0-41e9-aabe-e437a190dfc4.png,1920000,1619960,300040,0.8437291666666666,0.15627083333333333,"(1200, 1600)"
1d4f06e1-9c9b-487e-84cd-e7e50cc754da.png,1920000,1392163,527837,0.7250848958333334,0.27491510416666665,"(1200, 1600)"
1d9d4dac-66f9-4c87-b714-d723d5b15fa9.png,1920000,1463149,456851,0.7620567708333333,0.23794322916666666,"(1200, 1600)"
1dd3e6dd-343f-4cc9-b0ed-e4d27fb36f0a.png,1920000,1175756,744244,0.6123729166666667,0.38762708333333334,"(1200, 1600)"
1e647046-333b-4102-a0c6-4c29405c37b3.png,2688552,1902824,785728,0.7077504917144991,0.2922495082855009,"(1383, 1944)"
1e86933d-6a5a-4a3c-a0f2-ca22afd767b3.png,1920000,1319573,600427,0.6872776041666666,0.31272239583333333,"(1200, 1600)"
1e978dfa-d339-4025-809d-09cee76728ed.png,1920000,1372306,547694,0.7147427083333333,0.2852572916666667,"(1200, 1600)"
1ecb0405-a6e9-4485-819e-2fbbf2b718aa.png,1920000,1195440,724560,0.622625,0.377375,"(1200, 1600)"
1f337b61-1b0d-4539-91f9-73d4a0798a4a.png,1920000,1358768,561232,0.7076916666666667,0.29230833333333334,"(1200, 1600)"
1f8edb2a-40bc-4beb-aa6b-884d2473df0f.png,1920000,1357738,562262,0.7071552083333333,0.29284479166666666,"(1200, 1600)"
1f8f08ea-b5b3-4f68-94d4-3cc071b7dce8.png,1920000,1410510,509490,0.734640625,0.265359375,"(1200, 1600)"
1fdf99d1-a494-4174-bcd7-efbe457ab899.png,1920000,1172563,747437,0.6107098958333333,0.38929010416666665,"(1200, 1600)"
1fe1e118-adb8-4b10-a41e-1e5814e8f067.png,1920000,1516446,403554,0.789815625,0.210184375,"(1200, 1600)"
205306da-0ed8-475a-ace6-f2f81d4be88a.png,1920000,966640,953360,0.5034583333333333,0.49654166666666666,"(1200, 1600)"
20d4f65e-6c63-433a-935c-d568d577967b.png,1920000,702233,1217767,0.3657463541666667,0.6342536458333333,"(1200, 1600)"
2102e5d1-8bec-4ab6-ab35-2705485da1f8.png,1920000,1613128,306872,0.8401708333333333,0.15982916666666666,"(1200, 1600)"
21116b9d-e6be-483f-8394-e74622b2e182.png,2688552,2358109,330443,0.8770925762269057,0.12290742377309422,"(1383, 1944)"
21417261-475a-456f-b03f-57ac85a6e106.png,1920000,1536915,383085,0.8004765625,0.1995234375,"(1200, 1600)"
214f1d15-a081-476e-992d-6c3a77f03d59.png,1920000,1313082,606918,0.683896875,0.316103125,"(1200, 1600)"
2165fe38-b474-467d-be11-d1d728085efd.png,1920000,861324,1058676,0.44860625,0.55139375,"(1200, 1600)"
216f9d43-6869-4ba1-9106-4f5ea6aac223.png,1920000,1364716,555284,0.7107895833333333,0.2892104166666667,"(1200, 1600)"
2196389c-45ec-46b5-bc6c-1f4a33df7f7c.png,1920000,1525090,394910,0.7943177083333334,0.20568229166666666,"(1200, 1600)"
21a50e4c-b750-46b5-801f-5429ede7dea9.png,1920000,1447338,472662,0.753821875,0.246178125,"(1200, 1600)"
21c2a8aa-407c-4569-8212-96fcafa84138.png,1920000,1294395,625605,0.6741640625,0.3258359375,"(1200, 1600)"
21cc498b-8cb2-42ed-8f80-bfa27b86ef11.png,1920000,1131406,788594,0.5892739583333333,0.41072604166666665,"(1200, 1600)"
21ea4841-8998-4c04-b345-bc99cd8ecee6.png,1920000,1418743,501257,0.7389286458333333,0.26107135416666666,"(1200, 1600)"
21f001d6-f568-4ea4-82da-fab54c77c419.png,1920000,721141,1198859,0.37559427083333335,0.6244057291666667,"(1200, 1600)"
2240b991-48f6-4c59-9b62-5a8b5e541fae.png,1920000,1212164,707836,0.6313354166666667,0.36866458333333335,"(1200, 1600)"
224c80b8-6c55-48cf-b719-96a47d223dc3.png,2688552,1953603,734949,0.7266376101336333,0.27336238986636674,"(1383, 1944)"
22516db4-8687-4051-90c4-2bb1ca3204a5.png,1920000,1387074,532926,0.722434375,0.277565625,"(1200, 1600)"
22a464ef-c3da-4d56-b37e-e22e95d945e7.png,1920000,1167945,752055,0.6083046875,0.3916953125,"(1200, 1600)"
22cbf509-c9bf-46ec-bfce-f079c6b76c8c.png,1920000,1398109,521891,0.7281817708333334,0.27181822916666665,"(1200, 1600)"
2374ae5b-c2df-4db5-afea-c54180aa22e3.png,1920000,1229019,690981,0.6401140625,0.3598859375,"(1200, 1600)"
239f17eb-a2e2-47e9-82e3-fa0d9a70fb9f.png,1920000,1193081,726919,0.6213963541666667,0.37860364583333334,"(1200, 1600)"
23e581e7-0fb7-42ff-ba55-a86beefc0619.png,2688552,2141532,547020,0.7965373182292922,0.2034626817707078,"(1383, 1944)"
24115f58-a7d6-4022-a95a-86b515a78d3e.png,1920000,1018399,901601,0.5304161458333333,0.46958385416666665,"(1200, 1600)"
24418314-f7a4-49fc-a03e-ec597ca6796e.png,1920000,1132947,787053,0.5900765625,0.4099234375,"(1200, 1600)"
244ac6fa-8a92-4214-9cf4-ae0811d9ec7e.png,1920000,1546387,373613,0.8054098958333333,0.19459010416666667,"(1200, 1600)"
24879caf-a327-464c-9cd9-e0f3d9161079.png,1920000,1643787,276213,0.8561390625,0.1438609375,"(1200, 1600)"
25132962-ff5d-4737-995f-c54d8490539b.png,1920000,1357418,562582,0.7069885416666667,0.2930114583333333,"(1200, 1600)"
2518f6e4-29cc-4ae4-a914-b215a4c56099.png,1920000,582754,1337246,0.30351770833333336,0.6964822916666666,"(1200, 1600)"
252071ac-e9f2-41d2-abbb-87ef01b8a997.png,1920000,577605,1342395,0.3008359375,0.6991640625,"(1200, 1600)"
2559636b-f01a-4414-93da-210c3b12d153.png,1920000,1389900,530100,0.72390625,0.27609375,"(1200, 1600)"
255d5f0c-87fc-4337-bb51-07c440df4f1b.png,1920000,1358201,561799,0.7073963541666667,0.2926036458333333,"(1200, 1600)"
25865b39-56fb-409a-8800-3d368dd264ed.png,2688552,1572391,1116161,0.5848467874156795,0.4151532125843205,"(1383, 1944)"
2596eb32-1323-41e9-8c0f-64819abcfc73.png,1920000,1367022,552978,0.711990625,0.288009375,"(1200, 1600)"
259da25f-40f3-4d37-bca9-a9c807af1547.png,1920000,1246711,673289,0.6493286458333334,0.35067135416666667,"(1200, 1600)"
25c6cfb1-01d0-4864-87f9-02b7593683c7.png,1920000,1209935,710065,0.6301744791666667,0.3698255208333333,"(1200, 1600)"
25cfca07-2101-484f-b312-a927395f2651.png,1920000,1341187,578813,0.6985348958333333,0.30146510416666666,"(1200, 1600)"
25ddc1ca-d368-4fff-b1ad-1dbf1e7c97aa.png,1920000,1376135,543865,0.7167369791666667,0.2832630208333333,"(1200, 1600)"
261562a8-ffd8-4e0e-919b-22e267000b74.png,1920000,761960,1158040,0.3968541666666667,0.6031458333333334,"(1200, 1600)"
266180ed-77a3-4284-8292-50a49fc47fce.png,1920000,1435016,484984,0.7474041666666666,0.25259583333333335,"(1200, 1600)"
26799d2b-a289-4eff-9218-0aad77e05e41.png,1920000,1321181,598819,0.6881151041666667,0.31188489583333334,"(1200, 1600)"
27388ff2-4000-4c9a-a2e3-addc448a5f92.png,1920000,1478376,441624,0.7699875,0.2300125,"(1200, 1600)"
27cdd837-e40f-491e-8adb-61e493189832.png,1920000,1543354,376646,0.8038302083333333,0.19616979166666668,"(1200, 1600)"
27fab82c-5bf0-426f-aeb9-47da829b6629.png,1920000,1321724,598276,0.6883979166666667,0.31160208333333334,"(1200, 1600)"
289ef1b7-02d5-42e9-a401-687688181306.png,1920000,1511028,408972,0.78699375,0.21300625,"(1200, 1600)"
28bd16ba-2bcf-46af-b889-41b78d2a50c0.png,1920000,1543649,376351,0.8039838541666666,0.19601614583333332,"(1200, 1600)"
28c96a4a-4549-4761-99e4-ace4ea7e7ac9.png,1920000,1486464,433536,0.7742,0.2258,"(1200, 1600)"
291fe50c-2134-4708-bfa4-09b36ffea123.png,2688552,2280593,407959,0.8482606994396984,0.1517393005603016,"(1383, 1944)"
294bc238-efdb-4f88-b83b-f41fe5750106.png,2688552,1572832,1115720,0.5850108162311907,0.4149891837688094,"(1383, 1944)"
29539cb0-1c52-46b2-9302-552f8349dc71.png,1920000,1292638,627362,0.6732489583333333,0.3267510416666667,"(1200, 1600)"
29648565-fe28-4517-ba72-68df0c82c9c5.png,1920000,1035459,884541,0.5393015625,0.4606984375,"(1200, 1600)"
29861cf9-9a1e-4733-8309-4bd10706b4a3.png,1920000,1354179,565821,0.7053015625,0.2946984375,"(1200, 1600)"
29d40b60-cde1-45b5-b403-692437a77ac1.png,1920000,1425638,494362,0.7425197916666667,0.25748020833333335,"(1200, 1600)"
29d4b75f-d400-4702-a9ac-e5a4ed1a1db1.png,1920000,1518239,401761,0.7907494791666667,0.20925052083333334,"(1200, 1600)"
29dc8176-dfe1-40e0-8247-2dc3c530057e.png,1920000,1449335,470665,0.7548619791666666,0.24513802083333333,"(1200, 1600)"
2a02cec2-a09b-483a-ad38-14359a763fa4.png,1920000,1229034,690966,0.640121875,0.359878125,"(1200, 1600)"
2a6370b0-08f1-4c11-a639-265d4419c9a3.png,1920000,1507974,412026,0.785403125,0.214596875,"(1200, 1600)"
2a91387a-d30f-418d-ac3a-f7cfa6836261.png,1920000,1349258,570742,0.7027385416666667,0.29726145833333334,"(1200, 1600)"
2ac343e4-c889-47c1-8fe2-461b626def76.png,1920000,1366401,553599,0.7116671875,0.2883328125,"(1200, 1600)"
2ae3e6e6-7482-4ab8-ad73-b530b5c2ee3b.png,1920000,1265809,654191,0.6592755208333333,0.34072447916666665,"(1200, 1600)"
2aeb7b85-7df9-4a63-8d37-2eecaaa190e7.png,1920000,1037578,882422,0.5404052083333334,0.45959479166666667,"(1200, 1600)"
2afe2750-c963-46f9-a1ad-9260e80679ca.png,1920000,1760830,159170,0.9170989583333333,0.08290104166666666,"(1200, 1600)"
2b128a1a-95ed-408b-b9f8-8795cc814d80.png,1920000,1388282,531718,0.7230635416666666,0.27693645833333336,"(1200, 1600)"
2b369d75-9c55-43e0-b352-d981aea544e3.png,1920000,1256514,663486,0.654434375,0.345565625,"(1200, 1600)"
2bd15b6e-fe2d-49f3-b394-940d024d1f91.png,1920000,1179919,740081,0.6145411458333333,0.38545885416666664,"(1200, 1600)"
2bd26501-2fbc-4c1a-bef0-4ad57e02b4d0.png,1920000,1198759,721241,0.6243536458333333,0.37564635416666664,"(1200, 1600)"
2bed2796-75a9-4d93-bb2d-e3ccbe1a5cbe.png,1920000,1398742,521258,0.7285114583333333,0.2714885416666667,"(1200, 1600)"
2c03b3c9-7786-4e1b-ac2b-c98e9f8358f2.png,2688552,2314379,374173,0.860827315223957,0.13917268477604303,"(1383, 1944)"
2c1eaf87-3fd3-4803-92b8-23bab40bf28c.png,1920000,1470676,449324,0.7659770833333334,0.23402291666666666,"(1200, 1600)"
2c4d72f1-71a6-4bf1-b5d9-8023c7bbec74.png,1920000,1587739,332261,0.8269473958333333,0.17305260416666668,"(1200, 1600)"
2cc3c4ad-670f-41b6-8910-0704cbc192ef.png,1920000,1682232,237768,0.8761625,0.1238375,"(1200, 1600)"
2d0f600d-f94e-4907-b712-52fb37d9ed52.png,1920000,1195849,724151,0.6228380208333333,0.37716197916666666,"(1200, 1600)"
2d2e81f3-e329-4765-9ba1-2c95f12dc9f3.png,1920000,1338899,581101,0.6973432291666667,0.3026567708333333,"(1200, 1600)"
2d857091-efcd-41c0-ba3f-226de90445c4.png,1920000,1049694,870306,0.546715625,0.453284375,"(1200, 1600)"
2dbf6f69-e020-4948-9e49-4b33edb7cebd.png,1920000,1485181,434819,0.7735317708333334,0.22646822916666667,"(1200, 1600)"
2e8d6a43-0110-4bf4-8e70-20567e513b81.png,1920000,1523736,396264,0.7936125,0.2063875,"(1200, 1600)"
2f3ebec8-ef64-420d-9aa0-c2fcadc27d74.png,1920000,1527091,392909,0.7953598958333333,0.20464010416666667,"(1200, 1600)"
2f6224be-50d0-4e85-94ef-88315df561b6.png,1920000,1119915,800085,0.5832890625,0.4167109375,"(1200, 1600)"
2f68686f-1fe8-46e7-ad92-a08e3523ea79.png,1920000,1529447,390553,0.7965869791666667,0.20341302083333335,"(1200, 1600)"
2f9f400d-2d67-4118-aaa1-9094bc4b0e47.png,1920000,1652581,267419,0.8607192708333333,0.13928072916666667,"(1200, 1600)"
2fdbd9bc-bbaf-44c2-b40c-d193709639fa.png,1920000,1334802,585198,0.695209375,0.304790625,"(1200, 1600)"
3003252a-2d2e-4687-ad30-9c38d68f1394.png,1920000,1282649,637351,0.6680463541666667,0.3319536458333333,"(1200, 1600)"
3006096f-ceeb-42be-b69e-785179d7438b.png,1920000,1311643,608357,0.6831473958333333,0.31685260416666666,"(1200, 1600)"
30167dc1-f739-4036-b5c4-5fad435c2c67.png,1920000,1612080,307920,0.839625,0.160375,"(1200, 1600)"
3061aac0-cda3-47d1-8c48-6293e9ffdf36.png,1920000,1678419,241581,0.8741765625,0.1258234375,"(1200, 1600)"
3090a362-1f3d-49e9-a76e-ce76ff9c2276.png,1920000,1172369,747631,0.6106088541666667,0.38939114583333334,"(1200, 1600)"
30948737-0d0d-4b68-b9ab-50577e0fe026.png,1920000,1339415,580585,0.6976119791666666,0.3023880208333333,"(1200, 1600)"
30ad83f1-a9b3-4a07-aea6-6c06b71e9ace.png,1920000,1718275,201725,0.8949348958333333,0.10506510416666667,"(1200, 1600)"
3130f950-8345-4315-9711-92f7af3f5c14.png,1920000,1479534,440466,0.770590625,0.229409375,"(1200, 1600)"
313ed8d9-3c00-4415-9de0-0eda07c60ad9.png,1920000,1528057,391943,0.7958630208333334,0.20413697916666668,"(1200, 1600)"
31435107-c77d-42f8-a619-75cba6a5161b.png,1920000,1273903,646097,0.6634911458333334,0.33650885416666665,"(1200, 1600)"
3147f1e4-6fc4-4eff-a9dd-ddeee5e2de13.png,2688552,2136097,552455,0.7945157839610318,0.2054842160389682,"(1383, 1944)"
31653d0f-c4e6-4e12-8005-518c2de34687.png,1920000,1359221,560779,0.7079276041666667,0.29207239583333333,"(1200, 1600)"
318de807-7232-4ab1-843e-a901547c0125.png,1920000,1625483,294517,0.8466057291666667,0.15339427083333335,"(1200, 1600)"
319c9c52-f316-49f3-baad-4444ab19f85b.png,1920000,1097836,822164,0.5717895833333333,0.42821041666666665,"(1200, 1600)"
31af9c31-7868-44a6-8eb4-82ce118af425.png,1920000,1655491,264509,0.8622348958333333,0.13776510416666668,"(1200, 1600)"
31c62771-4e90-4038-9abc-d196beda9898.png,2688552,2429572,258980,0.9036730552356808,0.09632694476431923,"(1383, 1944)"
31c749e8-18d1-4105-b7e6-8319cceddae0.png,1920000,1383743,536257,0.7206994791666667,0.27930052083333334,"(1200, 1600)"
32700bc7-7a86-49d3-aded-ccaaed4ddc5c.png,1920000,1533276,386724,0.79858125,0.20141875,"(1200, 1600)"
32a1ea24-b6b7-4253-ad3e-bdf99c2c9b9d.png,1920000,1350242,569758,0.7032510416666666,0.2967489583333333,"(1200, 1600)"
33068c1a-48f7-470b-8e49-e2f0888042e9.png,1920000,1449061,470939,0.7547192708333333,0.24528072916666666,"(1200, 1600)"
3317d733-ec0d-45e6-b631-40457392f343.png,1920000,1061263,858737,0.5527411458333333,0.44725885416666666,"(1200, 1600)"
334bf865-e3fb-4200-bd53-d9ff5808ed9f.png,1920000,1152356,767644,0.6001854166666667,0.3998145833333333,"(1200, 1600)"
33bdb7b5-ad5b-4a73-bbc2-3350f8c2ac0c.png,1920000,1212689,707311,0.6316088541666667,0.3683911458333333,"(1200, 1600)"
340a1727-0df7-4e6f-9c0e-9c5deddbfca2.png,1920000,1236243,683757,0.6438765625,0.3561234375,"(1200, 1600)"
345cb914-7583-49df-96e3-3cf19c2ba8f1.png,1920000,1364509,555491,0.7106817708333333,0.28931822916666666,"(1200, 1600)"
34950f4e-fe44-49ec-9d49-14bd4a8ce7c0.png,2688552,2051564,636988,0.7630739520753179,0.23692604792468214,"(1383, 1944)"
34a70114-d3e3-4351-b8db-f6caab17e743.png,1920000,1481116,438884,0.7714145833333333,0.22858541666666668,"(1200, 1600)"
34df8890-272d-423a-ae78-ff8d068d3306.png,1920000,1232603,687397,0.6419807291666667,0.35801927083333335,"(1200, 1600)"
34e024a5-5698-42d4-972f-fee234b4bd64.png,1920000,1106050,813950,0.5760677083333333,0.4239322916666667,"(1200, 1600)"
34f334e6-a163-4af7-a1ed-51a7ef15934a.png,2688552,2232077,456475,0.8302152980489126,0.1697847019510874,"(1383, 1944)"
351d6536-3a5c-46eb-a6e4-d71dd999908a.png,2688552,1825256,863296,0.6788992736610636,0.3211007263389363,"(1383, 1944)"
3612aa3b-2906-44a6-9c80-6144511a35ce.png,1920000,1614063,305937,0.8406578125,0.1593421875,"(1200, 1600)"
361a3578-4cbb-422b-9e3c-b5e61395b12e.png,1920000,1829057,90943,0.9526338541666667,0.04736614583333333,"(1200, 1600)"
36569710-a574-40be-ad42-897a6e74a128.png,1920000,991560,928440,0.5164375,0.4835625,"(1200, 1600)"
367663b2-5d09-4020-ab0a-c2200e7a1c8c.png,1920000,1500572,419428,0.7815479166666667,0.21845208333333332,"(1200, 1600)"
370277f8-436b-4103-8210-b4feb5ab95ea.png,1920000,867846,1052154,0.452003125,0.547996875,"(1200, 1600)"
3722d213-f2a9-46d5-aa76-9183b443e455.png,1920000,1369971,550029,0.7135265625,0.2864734375,"(1200, 1600)"
3768c577-4e5e-4d70-8c4d-93d8aacd5baa.png,1920000,1587998,332002,0.8270822916666667,0.17291770833333334,"(1200, 1600)"
37a5a96b-f76e-4607-82fd-f47f7f2903c6.png,2688552,1455459,1233093,0.5413542308275979,0.4586457691724021,"(1383, 1944)"
37a94c0f-e5d4-46fc-b4f8-994d477995fd.png,1920000,1223299,696701,0.6371348958333334,0.3628651041666667,"(1200, 1600)"
37b4142a-2c7d-400d-8f01-4e438845a484.png,2688552,1914162,774390,0.7119676316470724,0.2880323683529275,"(1383, 1944)"
37df4ffb-f268-4557-94d6-bf68d005feae.png,2688552,2324235,364317,0.8644932290690305,0.13550677093096952,"(1383, 1944)"
37e072a6-000d-4773-8d9f-d66b60ace668.png,1920000,1678474,241526,0.8742052083333334,0.12579479166666666,"(1200, 1600)"
3850f2a5-ab62-49d3-8135-68d60baa676b.png,1920000,1197946,722054,0.6239302083333333,0.37606979166666665,"(1200, 1600)"
3859deaf-6ae1-49a3-9051-898d0f0d7de6.png,1920000,963400,956600,0.5017708333333334,0.49822916666666667,"(1200, 1600)"
3892b776-f49a-4368-b0fa-7e855e76ccec.png,1920000,1217398,702602,0.6340614583333334,0.3659385416666667,"(1200, 1600)"
38c69905-8a4f-451a-8d0a-b855dc88dd16.png,1920000,1410438,509562,0.734603125,0.265396875,"(1200, 1600)"
38d1b930-dd97-4248-9160-e9389a1a8dd7.png,1920000,1559248,360752,0.8121083333333333,0.18789166666666668,"(1200, 1600)"
390ad256-e1ed-476a-9f14-2dc34e0da632.png,1920000,1492342,427658,0.7772614583333334,0.22273854166666668,"(1200, 1600)"
3911fcd2-4e26-4ad9-aaf0-d1c5bf41defc.png,1920000,1003783,916217,0.5228036458333334,0.47719635416666667,"(1200, 1600)"
393df10a-5d64-476b-88f5-14ac56d6ed60.png,1920000,1413575,506425,0.7362369791666666,0.2637630208333333,"(1200, 1600)"
397f37bc-a3a4-4257-9430-c8fc5716f8b1.png,1920000,1307384,612616,0.6809291666666667,0.31907083333333336,"(1200, 1600)"
39cc33be-d752-40fe-b7a8-2e69a3517205.png,1920000,977932,942068,0.5093395833333333,0.49066041666666665,"(1200, 1600)"
3a8f468f-f9de-46a8-a7c8-f2be239fa207.png,1920000,869520,1050480,0.452875,0.547125,"(1200, 1600)"
3abbc4d3-1d7e-40c9-9963-33732da7cc50.png,1920000,1383767,536233,0.7207119791666666,0.2792880208333333,"(1200, 1600)"
3af90874-59f3-4f0c-a7e6-cc889e80c605.png,1920000,1547732,372268,0.8061104166666667,0.19388958333333334,"(1200, 1600)"
3b13e20f-ec0d-44ec-b2f4-eaebfa09150e.png,1920000,1120064,799936,0.5833666666666667,0.41663333333333336,"(1200, 1600)"
3b4440f7-a69b-4042-a9d0-d6958abcdf4e.png,1920000,1515195,404805,0.7891640625,0.2108359375,"(1200, 1600)"
3b55c42f-ad59-422f-ba99-4f4f4ca9cb2e.png,1920000,725272,1194728,0.37774583333333334,0.6222541666666667,"(1200, 1600)"
3b5a8060-dec6-4a83-b7f2-b604e4e69dfc.png,1920000,830724,1089276,0.43266875,0.56733125,"(1200, 1600)"
3b601a1b-26d8-4873-afcf-fdd1b1e0010c.png,1920000,1679866,240134,0.8749302083333333,0.12506979166666668,"(1200, 1600)"
3cdcb09b-6a8c-43ca-b1d0-c1a289202f65.png,1920000,1234136,685864,0.6427791666666667,0.3572208333333333,"(1200, 1600)"
3ce76f1d-636a-48b9-b0e3-fc7eb791a169.png,2688552,2300778,387774,0.8557684582630353,0.14423154173696473,"(1383, 1944)"
3d1429ed-4619-41f7-8ff3-d698ad28034c.png,1920000,1533386,386614,0.7986385416666667,0.20136145833333333,"(1200, 1600)"
3d1b889e-bb4a-4ee6-b899-974ee7d956a7.png,1920000,1245437,674563,0.6486651041666667,0.3513348958333333,"(1200, 1600)"
3d302619-473d-4c5b-af43-8833ff94233f.png,1920000,1263933,656067,0.6582984375,0.3417015625,"(1200, 1600)"
3d32a988-449d-4d58-b71f-abbfdc3f2fbc.png,1920000,763019,1156981,0.39740572916666667,0.6025942708333333,"(1200, 1600)"
3d4d7ba7-6c7c-4ddd-b282-31fb5d80edb5.png,1920000,1407615,512385,0.7331328125,0.2668671875,"(1200, 1600)"
3d8fb5bf-3315-48fb-8ab1-802eafd550bc.png,1920000,926716,993284,0.48266458333333334,0.5173354166666667,"(1200, 1600)"
3dad6483-ac30-4d2b-b045-9f24fe6ff75e.png,1920000,1299886,620114,0.6770239583333333,0.32297604166666666,"(1200, 1600)"
3dcd4f1b-ce43-4a34-b1ed-076bb42963b1.png,1920000,1083415,836585,0.5642786458333333,0.4357213541666667,"(1200, 1600)"
3de03fa2-3ad3-43fc-8435-b2a80bdd7550.png,1920000,1518741,401259,0.7910109375,0.2089890625,"(1200, 1600)"
3e03b313-66eb-471f-a97a-7b2bf20dcff5.png,2688552,1778887,909665,0.6616524433970404,0.3383475566029595,"(1383, 1944)"
3e33ee12-ef02-4287-8318-7ad3b284a617.png,1920000,1382216,537784,0.7199041666666667,0.2800958333333333,"(1200, 1600)"
3e36698f-8c09-4c8b-8948-737310bf97e5.png,1920000,1394255,525745,0.7261744791666667,0.27382552083333334,"(1200, 1600)"
3e753a44-3264-438c-8389-a7822e4a84cc.png,1920000,1462464,457536,0.7617,0.2383,"(1200, 1600)"
3e764461-22ee-44d3-925d-cd658ff7d154.png,1920000,1297706,622294,0.6758885416666667,0.3241114583333333,"(1200, 1600)"
3eba916c-998b-40a7-993c-7ed916c2a04c.png,1920000,1223255,696745,0.6371119791666666,0.3628880208333333,"(1200, 1600)"
3f106606-9a21-40d5-b849-273866fe0f49.png,1920000,1456180,463820,0.7584270833333333,0.24157291666666666,"(1200, 1600)"
3f26fbbc-deb1-494f-b71c-c7cb3d4819fb.png,1920000,1272117,647883,0.6625609375,0.3374390625,"(1200, 1600)"
3f390b82-8859-4c27-bbfe-d1b242477f63.png,1920000,1584161,335839,0.8250838541666666,0.17491614583333334,"(1200, 1600)"
3f8c5ae1-b9fd-464b-8e91-98143ddd8d29.png,1920000,1569081,350919,0.8172296875,0.1827703125,"(1200, 1600)"
3fa1a4e3-c80d-49da-8f7b-a1abb0424f48.png,1920000,935210,984790,0.48708854166666665,0.5129114583333333,"(1200, 1600)"
3ff98212-7c2a-46cd-afb7-34a2479bed07.png,1920000,1423431,496569,0.7413703125,0.2586296875,"(1200, 1600)"
4063945d-03fc-4ce3-a04c-17435dce8f91.png,1920000,1081768,838232,0.5634208333333334,0.4365791666666667,"(1200, 1600)"
406e05f0-4444-414c-bb40-f4cb08e75ac9.png,1920000,1394299,525701,0.7261973958333333,0.2738026041666667,"(1200, 1600)"
408745a6-79fb-4804-9c24-e2d6673f8f2e.png,2688552,2088416,600136,0.7767809586721774,0.22321904132782255,"(1383, 1944)"
412c9fa5-fcf4-402b-b1e4-3271f775058e.png,1920000,1718127,201873,0.8948578125,0.1051421875,"(1200, 1600)"
415409ac-97b3-4cd9-b203-11ef00662352.png,1920000,1311861,608139,0.6832609375,0.3167390625,"(1200, 1600)"
4184a235-d209-4151-86e9-6c77e7938dab.png,1920000,1427781,492219,0.7436359375,0.2563640625,"(1200, 1600)"
419309ef-da3f-4424-93cf-01ff4c52b017.png,1920000,1422082,497918,0.7406677083333333,0.25933229166666666,"(1200, 1600)"
41be1bd3-0d31-4881-bf1f-3ccdfa21ff12.png,2688552,1855311,833241,0.6900781535934585,0.3099218464065415,"(1383, 1944)"
41ebf9a1-24dc-454e-8bf8-508218f5ee57.png,1920000,1388761,531239,0.7233130208333334,0.2766869791666667,"(1200, 1600)"
4257342d-6d77-4671-a84b-1f0c36ccb367.png,1920000,1253442,666558,0.652834375,0.347165625,"(1200, 1600)"
4272cbd7-5b0a-4bf7-b690-dee1c128f07b.png,1920000,1356125,563875,0.7063151041666667,0.29368489583333335,"(1200, 1600)"
42845335-4ab2-4963-806d-0985d1382a31.png,1920000,1209946,710054,0.6301802083333333,0.3698197916666667,"(1200, 1600)"
42e87148-a015-4148-923a-fb83016f64e7.png,1920000,1474935,445065,0.7681953125,0.2318046875,"(1200, 1600)"
43072c64-4c08-47cd-ae8a-b74d31f80008.png,1920000,1519566,400434,0.791440625,0.208559375,"(1200, 1600)"
43158031-a335-4533-9c20-48bebba90123.png,1920000,1309104,610896,0.681825,0.318175,"(1200, 1600)"
434523fd-d4d9-4961-a7c2-d71d6ae68e13.png,1920000,1352763,567237,0.7045640625,0.2954359375,"(1200, 1600)"
4372709c-f356-4906-be17-415384d916e8.png,1920000,1495797,424203,0.7790609375,0.2209390625,"(1200, 1600)"
43bc935a-f655-45e1-a64d-fcb8b78267a6.png,1920000,1528488,391512,0.7960875,0.2039125,"(1200, 1600)"
4411fea2-d785-4eeb-80c6-c739ab6114c4.png,1920000,1568616,351384,0.8169875,0.1830125,"(1200, 1600)"
441d7843-b20b-4c10-84e3-e6d32621e880.png,1920000,1314888,605112,0.6848375,0.3151625,"(1200, 1600)"
445d0db9-e830-4ceb-a845-b23d819e6097.png,1920000,1554802,365198,0.8097927083333334,0.19020729166666667,"(1200, 1600)"
446734b7-6bc9-4a66-a3a0-49f6aa90db33.png,2688552,1507498,1181054,0.5607100030053352,0.4392899969946648,"(1383, 1944)"
44b4a765-104e-4182-8871-e933c83c91ef.png,1920000,1472897,447103,0.7671338541666667,0.23286614583333334,"(1200, 1600)"
452482bc-24a3-413e-ba03-fad4c9d61f3c.png,1920000,1302828,617172,0.67855625,0.32144375,"(1200, 1600)"
452ab003-ced5-40cb-82d1-5495d9e068b1.png,1920000,1748573,171427,0.9107151041666667,0.08928489583333334,"(1200, 1600)"
45651e76-4bd0-45e5-895b-edec65f51987.png,1920000,1257511,662489,0.6549536458333334,0.3450463541666667,"(1200, 1600)"
458cb2e9-5a7f-437c-ac5d-a56f98a3efdf.png,1920000,1206747,713253,0.6285140625,0.3714859375,"(1200, 1600)"
45902b63-be9a-49ae-9ede-3a8015671bc4.png,1920000,1508154,411846,0.785496875,0.214503125,"(1200, 1600)"
45ac9409-5537-44ed-90cd-5c8a1ae0e1e0.png,1920000,1479389,440611,0.7705151041666667,0.22948489583333334,"(1200, 1600)"
45f18ac0-f097-4b20-a99d-8837cf488822.png,1920000,1243807,676193,0.6478161458333334,0.35218385416666664,"(1200, 1600)"
461a3ed6-039f-4a70-97cf-c474ecf51ccd.png,1920000,1620527,299473,0.8440244791666667,0.15597552083333333,"(1200, 1600)"
464055b6-3351-4636-a919-8be9840fb850.png,1920000,1416198,503802,0.737603125,0.262396875,"(1200, 1600)"
468c261d-f5d8-423f-883e-48af2bbbc5d1.png,1920000,1146662,773338,0.5972197916666667,0.40278020833333333,"(1200, 1600)"
46a03374-64c7-49ac-81c9-c3d62542bbf3.png,1920000,811492,1108508,0.4226520833333333,0.5773479166666666,"(1200, 1600)"
46a2d369-4bea-4405-ac78-91bbe130b9a7.png,1920000,735657,1184343,0.3831546875,0.6168453125,"(1200, 1600)"
46f5bd4f-8bea-48d1-a1da-4dea28e3b814.png,1920000,1294678,625322,0.6743114583333333,0.32568854166666666,"(1200, 1600)"
47112c6b-aaf6-488d-8f3b-f9ed0cce9a95.png,2688552,2281130,407422,0.8484604352082459,0.15153956479175407,"(1383, 1944)"
471f75c6-bd5d-4c20-bcc1-258e836f4d69.png,1920000,1192852,727148,0.6212770833333333,0.3787229166666667,"(1200, 1600)"
4736f545-1f1f-4d77-9241-d69cbf4dae35.png,1920000,1121603,798397,0.5841682291666667,0.41583177083333334,"(1200, 1600)"
4748ba2b-6771-41d9-93a5-af9ccd559261.png,1920000,1672898,247102,0.8713010416666667,0.12869895833333334,"(1200, 1600)"
4767bfcc-fe87-4962-8c40-6ce8d9363cdf.png,1920000,1676651,243349,0.8732557291666667,0.12674427083333334,"(1200, 1600)"
477e541c-0519-4542-9b13-8ee7922644d3.png,1920000,1311490,608510,0.6830677083333333,0.31693229166666664,"(1200, 1600)"
4811fdf2-d7e8-475e-a840-45dda5282bf3.png,1920000,1506836,413164,0.7848104166666666,0.21518958333333332,"(1200, 1600)"
4823c1fe-a7f9-4b92-959f-0d9be09cd14b.png,1920000,1068758,851242,0.5566447916666667,0.4433552083333333,"(1200, 1600)"
4849866a-73a2-4fcf-a407-2d0a25a09a89.png,1920000,1197522,722478,0.623709375,0.376290625,"(1200, 1600)"
4876c9d0-b386-48fb-84e8-91bf87529161.png,1920000,1509200,410800,0.7860416666666666,0.21395833333333333,"(1200, 1600)"
48e2f0bd-2164-40c3-af43-1f2708359978.png,1920000,1307620,612380,0.6810520833333333,0.31894791666666666,"(1200, 1600)"
4903d9c7-de88-426a-b42d-a7e797e5ebcd.png,1920000,1367300,552700,0.7121354166666667,0.2878645833333333,"(1200, 1600)"
49288109-80e9-4ec8-96d1-26a0166b8883.png,1920000,1459256,460744,0.7600291666666666,0.23997083333333333,"(1200, 1600)"
4935818a-7e7a-4f44-a3b6-b361d1abfe16.png,1920000,1282897,637103,0.6681755208333333,0.3318244791666667,"(1200, 1600)"
49b03a6e-6b26-4a96-a061-e05647a02138.png,1920000,1266769,653231,0.6597755208333334,0.34022447916666665,"(1200, 1600)"
49c4dbd3-6269-4d4c-9648-a2146c57bab1.png,1920000,1360867,559133,0.7087848958333334,0.2912151041666667,"(1200, 1600)"
49efc89d-9cba-44f7-8257-7f911b73f68a.png,1920000,1366471,553529,0.7117036458333333,0.28829635416666666,"(1200, 1600)"
4a0a05e1-11ad-4bfc-bfa3-adf3b9bd0b56.png,1920000,1115136,804864,0.5808,0.4192,"(1200, 1600)"
4a49841f-216c-4815-8140-b8762c4f6603.png,1920000,1074125,845875,0.5594401041666667,0.4405598958333333,"(1200, 1600)"
4a717a39-80f8-4b75-a25e-c46d65d7dcd5.png,1920000,1339026,580974,0.697409375,0.302590625,"(1200, 1600)"
4aad9589-6b32-4522-bcd7-ca04687a02ca.png,1920000,1714649,205351,0.8930463541666667,0.10695364583333333,"(1200, 1600)"
4ab47131-c2ac-461f-b95c-ac19ce24edbd.png,1920000,1101024,818976,0.57345,0.42655,"(1200, 1600)"
4adcaa26-aa1f-47b5-bdf0-18c9f814f576.png,1920000,1487514,432486,0.774746875,0.225253125,"(1200, 1600)"
4b346035-b8c0-46ca-8fdb-a01b1421ee4a.png,1920000,1038302,881698,0.5407822916666667,0.4592177083333333,"(1200, 1600)"
4b3a49bc-8536-4760-9553-440a6f64db37.png,1920000,1294028,625972,0.6739729166666667,0.32602708333333336,"(1200, 1600)"
4b3de416-ac61-43eb-80d0-36b81c4baf82.png,2688552,2298600,389952,0.8549583567660213,0.14504164323397872,"(1383, 1944)"
4c13e22e-dfd1-4fa1-b373-be9d0c272c0f.png,1920000,812436,1107564,0.42314375,0.57685625,"(1200, 1600)"
4c460388-e0c1-4970-8527-c9e5b42bea49.png,1920000,1565562,354438,0.815396875,0.184603125,"(1200, 1600)"
4c7d2382-a962-4237-a053-955eea3decd8.png,1920000,1272017,647983,0.6625088541666667,0.33749114583333334,"(1200, 1600)"
4cccfcf0-cac9-46f0-870c-0eabfdc781ba.png,1920000,1221964,698036,0.6364395833333333,0.36356041666666666,"(1200, 1600)"
4ce5a070-9ede-4bb1-9ca2-1bae5746776b.png,1920000,1495772,424228,0.7790479166666666,0.22095208333333333,"(1200, 1600)"
4d0a1598-e4dd-45c4-8a90-dd7c780fe1da.png,1920000,1208563,711437,0.6294598958333333,0.37054010416666666,"(1200, 1600)"
4d88e2d2-5aad-410c-9bbc-702ee9496995.png,1920000,1321938,598062,0.688509375,0.311490625,"(1200, 1600)"
4d8a4ce8-0f9c-4f21-8844-4cf0e5514bbf.png,1920000,968063,951937,0.5041994791666666,0.4958005208333333,"(1200, 1600)"
4da8f6c5-5f85-4280-92d0-1ba008e8c404.png,2688552,1964580,723972,0.7307204770448925,0.26927952295510743,"(1383, 1944)"
4dcd5df9-c56c-471b-8d44-fa4b1ca9a600.png,2688552,2054421,634131,0.7641366058755791,0.23586339412442087,"(1383, 1944)"
4e2873dd-651e-4ecc-ac70-7335cf21a469.png,1920000,1553955,366045,0.8093515625,0.1906484375,"(1200, 1600)"
4e43fc22-dc08-4cde-b3ce-ce8a4f377c47.png,1920000,1214624,705376,0.6326166666666667,0.36738333333333334,"(1200, 1600)"
4f62b14e-c6f4-4155-8f50-881558f83fae.png,1920000,1282572,637428,0.66800625,0.33199375,"(1200, 1600)"
4fac16e1-8e62-499b-a66b-c4c890372914.png,1920000,1476540,443460,0.76903125,0.23096875,"(1200, 1600)"
4fb83278-adc5-4424-9f45-b6d0db2955b6.png,1920000,1095510,824490,0.570578125,0.429421875,"(1200, 1600)"
4fc9a597-aaa8-43b0-ad1c-2eabbe442e84.png,1920000,979839,940161,0.5103328125,0.4896671875,"(1200, 1600)"
505355c9-23bf-4f90-8ebc-6a7ef50964d0.png,1920000,1344852,575148,0.70044375,0.29955625,"(1200, 1600)"
50715879-2300-4dba-8f4a-3314ff8cfcce.png,1920000,1503174,416826,0.782903125,0.217096875,"(1200, 1600)"
5077f87d-a19f-494c-b911-14ccb03bd230.png,1920000,1556146,363854,0.8104927083333333,0.18950729166666666,"(1200, 1600)"
50d52637-f5e0-4d0d-aaee-4a29f044cf74.png,1920000,1503247,416753,0.7829411458333333,0.21705885416666668,"(1200, 1600)"
50d7c6c9-3230-48fe-947c-7dcfd0aad710.png,1920000,1448524,471476,0.7544395833333334,0.24556041666666667,"(1200, 1600)"
50d9fc90-8642-4bb6-91a7-0069a7e37392.png,1920000,1559070,360930,0.812015625,0.187984375,"(1200, 1600)"
50f2f514-6c8e-4c79-b3b3-0be56dd0b78b.png,1920000,1492153,427847,0.7771630208333333,0.22283697916666667,"(1200, 1600)"
5107dcb7-164f-4e10-bbff-822b39b76efc.png,1920000,1301966,618034,0.6781072916666666,0.32189270833333333,"(1200, 1600)"
511b6e13-acd7-4dd3-b1d0-c4aa10a514c7.png,2688552,1167071,1521481,0.43408905611645227,0.5659109438835477,"(1383, 1944)"
516bf1d5-5d00-4985-926c-3993e9bc3ff5.png,1920000,1355025,564975,0.7057421875,0.2942578125,"(1200, 1600)"
51a42643-256f-463a-bf22-7fd295caead0.png,2688552,1495173,1193379,0.556125750961856,0.44387424903814393,"(1383, 1944)"
51c6bc6b-4f37-4ce3-b624-840b27c1584a.png,2688552,2298597,389955,0.8549572409237389,0.14504275907626113,"(1383, 1944)"
51e86aa9-caa0-4297-94e8-34a57d7f7e36.png,1920000,1457375,462625,0.7590494791666667,0.24095052083333332,"(1200, 1600)"
51f6463c-1622-4c0d-8482-b864e0ed2e74.png,2688552,1977921,710631,0.735682627674674,0.26431737232532604,"(1383, 1944)"
521a26aa-0a31-4c07-b4d0-fac08eb08344.png,1920000,1553734,366266,0.8092364583333334,0.19076354166666668,"(1200, 1600)"
52767904-4cdc-4821-ba68-8cd0c28f9023.png,1920000,1445989,474011,0.7531192708333333,0.24688072916666667,"(1200, 1600)"
530761d4-1931-44cd-b220-d60db0e228f9.png,1920000,1237348,682652,0.6444520833333334,0.3555479166666667,"(1200, 1600)"
533c47c9-02a6-419b-961b-81797f022f6c.png,1920000,1296204,623796,0.67510625,0.32489375,"(1200, 1600)"
5397d8e2-bb09-42e7-9861-65ffad0fe94e.png,1920000,1511731,408269,0.7873598958333333,0.21264010416666668,"(1200, 1600)"
53afd70c-08a7-4b9a-b137-7003b2ecbeab.png,1920000,1316854,603146,0.6858614583333333,0.31413854166666666,"(1200, 1600)"
540a5fee-175b-4b92-bf62-1ea9b59c86c6.png,1920000,953031,966969,0.4963703125,0.5036296875,"(1200, 1600)"
5487faad-24a7-46b6-92d8-479d3a8d229f.png,1920000,1355161,564839,0.7058130208333333,0.29418697916666664,"(1200, 1600)"
54c88d45-30c3-46f8-8fef-b3e9c07781f2.png,2688552,2555803,132749,0.950624350951739,0.049375649048260924,"(1383, 1944)"
55078c19-bfaf-4988-a779-767e1c6d22f6.png,2688552,2208246,480306,0.8213514189050463,0.1786485810949537,"(1383, 1944)"
550cf4ce-b641-44a3-8487-3e16d4049187.png,1920000,1164433,755567,0.6064755208333333,0.39352447916666666,"(1200, 1600)"
555c6ea2-c76c-4e71-af57-855d940c2b37.png,1920000,1492817,427183,0.7775088541666667,0.22249114583333332,"(1200, 1600)"
55836297-fc8e-4e00-9767-0d12b86e4604.png,1920000,1252271,667729,0.6522244791666667,0.34777552083333335,"(1200, 1600)"
55f8c052-8e49-4423-a4c4-365fc6afb6e1.png,1920000,1600600,319400,0.8336458333333333,0.16635416666666666,"(1200, 1600)"
56077789-8580-41b4-89d6-deea227e5c60.png,1920000,1067350,852650,0.5559114583333333,0.44408854166666667,"(1200, 1600)"
565513be-2c20-4ee3-94f3-093869515d3d.png,1920000,1500316,419684,0.7814145833333334,0.21858541666666667,"(1200, 1600)"
56551792-4aa1-4301-9f8f-8bfebcd20050.png,1920000,1260931,659069,0.6567348958333333,0.34326510416666667,"(1200, 1600)"
56a57a8d-c9b9-432a-a3b0-32a09355806c.png,1920000,808423,1111577,0.4210536458333333,0.5789463541666666,"(1200, 1600)"
56adbb1e-96a8-40a5-a5a2-243c97ea889b.png,1920000,1184973,735027,0.6171734375,0.3828265625,"(1200, 1600)"
56fbae44-4677-47f8-9c3a-22dac043c115.png,1920000,1387761,532239,0.7227921875,0.2772078125,"(1200, 1600)"
5721e41b-90ef-4851-8587-8dc71227ef90.png,1920000,1072750,847250,0.5587239583333333,0.4412760416666667,"(1200, 1600)"
57e1879e-4294-45e7-9c1b-627e8cca0271.png,1920000,1179813,740187,0.6144859375,0.3855140625,"(1200, 1600)"
580210c2-a8ed-4720-b71c-a77945968abc.png,1920000,1516174,403826,0.7896739583333333,0.21032604166666666,"(1200, 1600)"
58065a0c-d4c5-40fd-bcdc-037f61788482.png,1920000,1480912,439088,0.7713083333333334,0.22869166666666665,"(1200, 1600)"
582e4b8b-404e-4b30-9df3-66f2afb3cdb3.png,1920000,1496290,423710,0.7793177083333334,0.22068229166666667,"(1200, 1600)"
5836500a-221e-40ca-a8be-caaa37f7d300.png,1920000,1184665,735335,0.6170130208333333,0.3829869791666667,"(1200, 1600)"
584d62ed-4329-45dd-94ce-e929d8b2bb74.png,1920000,779221,1140779,0.40584427083333335,0.5941557291666667,"(1200, 1600)"
58594235-0d32-4a4e-91cd-4c800eaaaa73.png,1920000,1456849,463151,0.7587755208333333,0.24122447916666667,"(1200, 1600)"
587e5464-d70b-4279-8562-010279f6efbd.png,1920000,1171792,748208,0.6103083333333333,0.38969166666666666,"(1200, 1600)"
5893e081-04f2-4e33-9851-bed5f0e4d333.png,1920000,1619139,300861,0.8433015625,0.1566984375,"(1200, 1600)"
58ced55c-bf0d-4204-b6b2-4f8992d92779.png,1920000,1247244,672756,0.64960625,0.35039375,"(1200, 1600)"
58d75854-be99-484e-89f0-4ab208fe07e0.png,1920000,1350784,569216,0.7035333333333333,0.29646666666666666,"(1200, 1600)"
58f7e1da-3478-48f4-958c-e9b1cb8696aa.png,1920000,1528227,391773,0.7959515625,0.2040484375,"(1200, 1600)"
592c941a-aa54-4971-b499-dc47356f80a3.png,1920000,1130692,789308,0.5889020833333334,0.4110979166666667,"(1200, 1600)"
5939f341-a886-4f63-ae87-2219d000a1d4.png,1920000,1368509,551491,0.7127651041666667,0.28723489583333334,"(1200, 1600)"
59542a24-b409-4c95-8608-d9691a741526.png,1920000,1290302,629698,0.6720322916666667,0.32796770833333333,"(1200, 1600)"
5955289d-19e5-45ef-a012-c8ea08ef45e2.png,1920000,1198180,721820,0.6240520833333333,0.37594791666666666,"(1200, 1600)"
597bbff8-6592-41cf-8946-e59b0d1f289a.png,1920000,1470802,449198,0.7660427083333333,0.23395729166666668,"(1200, 1600)"
59daa25e-85d6-42f2-8f39-cc9f9d5d252e.png,1920000,1581622,338378,0.8237614583333334,0.17623854166666666,"(1200, 1600)"
59dc7da9-35d1-421e-a61b-1e9637bfbfa1.png,1920000,1359123,560877,0.7078765625,0.2921234375,"(1200, 1600)"
59f5699f-885f-4004-b783-a60060144e43.png,1920000,1717772,202228,0.8946729166666667,0.10532708333333334,"(1200, 1600)"
5a043d69-f435-46d4-8691-395c1602a76a.png,1920000,1343172,576828,0.69956875,0.30043125,"(1200, 1600)"
5a0628af-4c0a-4ba6-a935-4ec94c9c700e.png,1920000,1709985,210015,0.8906171875,0.1093828125,"(1200, 1600)"
5a105b89-c592-4d78-b208-7db6c6572752.png,1920000,1225124,694876,0.6380854166666666,0.3619145833333333,"(1200, 1600)"
5a2447bf-a92b-4a47-a384-4b2ff020ecdc.png,2688552,2225490,463062,0.827765280344215,0.17223471965578496,"(1383, 1944)"
5a386082-397f-4524-a6f9-c2b8efe5014d.png,1920000,920992,999008,0.47968333333333335,0.5203166666666666,"(1200, 1600)"
5a539312-6cfa-43e6-8d5d-db883f343ad9.png,1920000,1580120,339880,0.8229791666666667,0.17702083333333332,"(1200, 1600)"
5a631871-2fc7-4a68-9c39-f3b9a0bf4a04.png,1920000,837584,1082416,0.4362416666666667,0.5637583333333334,"(1200, 1600)"
5bf91ff9-80df-49c0-9c3e-599357d95530.png,1920000,1322796,597204,0.68895625,0.31104375,"(1200, 1600)"
5bfde411-aa51-45d0-8b67-a57c5f1e628b.png,2688552,2110080,578472,0.7848388277407318,0.21516117225926817,"(1383, 1944)"
5c037ffc-f515-48b3-b231-c110fbd2b8ca.png,1920000,813172,1106828,0.42352708333333333,0.5764729166666667,"(1200, 1600)"
5c399ab9-492c-4bfc-a452-83aba574a3bc.png,2688552,2200693,487859,0.8185420999854197,0.18145790001458034,"(1383, 1944)"
5c5b7965-1a44-44b8-aa43-660823e61821.png,1920000,1297974,622026,0.676028125,0.323971875,"(1200, 1600)"
5c68070c-3391-4db6-8c01-94175105dbea.png,1920000,1146638,773362,0.5972072916666666,0.40279270833333336,"(1200, 1600)"
5c99cd97-39f6-4809-9528-9d380cc16b16.png,1920000,1261118,658882,0.6568322916666667,0.3431677083333333,"(1200, 1600)"
5cac6ddf-c8c6-45de-bce0-a1db64b14fb5.png,1920000,1250549,669451,0.6513276041666667,0.3486723958333333,"(1200, 1600)"
5ccca8ee-abea-458a-a891-bedd31c3ddc3.png,1920000,1202891,717109,0.6265057291666667,0.3734942708333333,"(1200, 1600)"
5d1418d3-1559-4725-ad4a-9afb6eaecdfd.png,1920000,1370778,549222,0.713946875,0.286053125,"(1200, 1600)"
5dec0204-af81-44ef-a942-8a173669c123.png,1920000,1100939,819061,0.5734057291666667,0.42659427083333334,"(1200, 1600)"
5dec94a3-e3ca-4a58-9702-88e5a83ef612.png,1920000,1327896,592104,0.6916125,0.3083875,"(1200, 1600)"
5e042380-6ef2-496f-8231-0ca550fbfa71.png,1920000,1202427,717573,0.6262640625,0.3737359375,"(1200, 1600)"
5e17f8e6-fd8d-426c-b444-1515d14f04b7.png,1920000,675815,1244185,0.35198697916666666,0.6480130208333333,"(1200, 1600)"
5e2cea49-0823-49d1-83cf-8fd1559cdd93.png,1920000,1415887,504113,0.7374411458333333,0.2625588541666667,"(1200, 1600)"
5e4f7425-11e6-4f9e-be2d-5a27deb9d1b4.png,1920000,1484669,435331,0.7732651041666667,0.22673489583333334,"(1200, 1600)"
5e974892-0ebe-4037-8427-ea8616d6d3b8.png,1920000,749637,1170363,0.3904359375,0.6095640625,"(1200, 1600)"
5f17d2fb-22fa-4aa6-9dad-6a1d50c03815.png,1920000,1365372,554628,0.71113125,0.28886875,"(1200, 1600)"
5f2b32bd-fdca-4d6f-b13a-ee9f83626c8d.png,1920000,1454923,465077,0.7577723958333333,0.24222760416666667,"(1200, 1600)"
5f300fd1-7eec-41ac-bbd1-0f4a943c757c.png,1920000,1548686,371314,0.8066072916666667,0.19339270833333333,"(1200, 1600)"
5f491efd-a21c-4a80-aaba-70b8876238ac.png,1920000,1270646,649354,0.6617947916666667,0.33820520833333334,"(1200, 1600)"
5f66d20c-fbfe-44ec-a01b-8a09da24807e.png,1920000,1408138,511862,0.7334052083333333,0.26659479166666666,"(1200, 1600)"
5f742392-278d-461c-a848-08def2c28878.png,1920000,1111420,808580,0.5788645833333333,0.42113541666666665,"(1200, 1600)"
5f783f43-0090-4f8a-bd75-9562f4aa2dd5.png,1920000,587156,1332844,0.30581041666666664,0.6941895833333334,"(1200, 1600)"
5ff7c0c8-d208-4e7d-958d-ca3c2260ff39.png,1920000,1161079,758921,0.6047286458333333,0.39527135416666664,"(1200, 1600)"
6013bff0-dc4b-4bde-9409-0f6139c3495c.png,1920000,1396073,523927,0.7271213541666667,0.2728786458333333,"(1200, 1600)"
6040cf0d-9dd6-4798-9406-1afbbcd24d4c.png,2688552,2103530,585022,0.7824025720908504,0.2175974279091496,"(1383, 1944)"
604478c7-1259-441a-8ad0-7059e191c9e4.png,2688552,1677445,1011107,0.6239213524603578,0.37607864753964215,"(1383, 1944)"
612bdd3c-da43-4321-a76b-c73c614928d1.png,1920000,1388403,531597,0.7231265625,0.2768734375,"(1200, 1600)"
6144887d-a1c1-46db-91a1-f7ff5bf8c8a5.png,1920000,1273665,646335,0.6633671875,0.3366328125,"(1200, 1600)"
61575482-91e1-4db9-83c7-687b7ddbbfc4.png,1920000,1125625,794375,0.5862630208333334,0.4137369791666667,"(1200, 1600)"
61cd8c7d-394d-42d3-9ed4-e09559110bed.png,1920000,1455945,464055,0.7583046875,0.2416953125,"(1200, 1600)"
61dfc937-a428-44b4-94fb-d682bdb8dff0.png,1920000,1408067,511933,0.7333682291666667,0.26663177083333334,"(1200, 1600)"
6231d81d-9e84-4a5a-8cb8-47c6a37a0176.png,1920000,769546,1150454,0.40080520833333333,0.5991947916666667,"(1200, 1600)"
623982a0-1f73-4246-92cb-28f7c219efaf.png,2688552,2033147,655405,0.7562237963037353,0.24377620369626476,"(1383, 1944)"
6274fe0d-0d71-40be-b61b-f0bd5b5df1e2.png,1920000,1059269,860731,0.5517026041666667,0.44829739583333333,"(1200, 1600)"
627d6331-7bb9-4d1a-b20d-e6541af4d0f9.png,1920000,1218874,701126,0.6348302083333334,0.3651697916666667,"(1200, 1600)"
6294153c-6db3-4f2b-a8ff-9c087225e737.png,1920000,1247426,672574,0.6497010416666666,0.35029895833333335,"(1200, 1600)"
6303f964-98ef-47c6-bb2d-283aa393f918.png,1920000,615165,1304835,0.3203984375,0.6796015625,"(1200, 1600)"
63055d1b-5221-4c80-8b39-37ac069a1b5c.png,1920000,1150482,769518,0.599209375,0.400790625,"(1200, 1600)"
631340cc-cedf-4bca-a3d8-a0731a5482b4.png,1920000,1425210,494790,0.742296875,0.257703125,"(1200, 1600)"
6315a55b-fed1-4355-88fa-8594538acf18.png,1920000,1724795,195205,0.8983307291666667,0.10166927083333334,"(1200, 1600)"
6347dd6a-cfdf-4cb5-bc50-cff5403cfecb.png,1920000,1474760,445240,0.7681041666666667,0.23189583333333333,"(1200, 1600)"
637957ef-df75-4a7b-86d5-9f6e9c042ca2.png,1920000,1441369,478631,0.7507130208333334,0.24928697916666667,"(1200, 1600)"
6382976c-ee87-4916-b798-4ef1373b2df0.png,1920000,1371293,548707,0.7142151041666667,0.28578489583333333,"(1200, 1600)"
6388e241-09a2-4fbe-a712-07d8fe714c51.png,1920000,1354064,565936,0.7052416666666667,0.29475833333333334,"(1200, 1600)"
63d36d2c-43a9-49ac-9504-028b4968c860.png,1920000,1297328,622672,0.6756916666666667,0.3243083333333333,"(1200, 1600)"
63ed5931-d93e-4f9b-a6f3-152713cb560e.png,1920000,1460819,459181,0.7608432291666667,0.23915677083333334,"(1200, 1600)"
640c4a52-3742-4f57-aee3-9e3dc0887622.png,1920000,764162,1155838,0.39800104166666667,0.6019989583333333,"(1200, 1600)"
64113b22-03b1-4ab8-89ab-b2f32154fbbd.png,1920000,1182445,737555,0.6158567708333333,0.38414322916666666,"(1200, 1600)"
645cd195-af50-409f-8da9-6e7c7f18ea09.png,1920000,1387210,532790,0.7225052083333333,0.2774947916666667,"(1200, 1600)"
6473ddb6-ad56-48a2-81e8-c7cb45f06825.png,1920000,1232052,687948,0.64169375,0.35830625,"(1200, 1600)"
64985a1e-16bb-4016-a01c-c21a5b86e572.png,2688552,1938058,750494,0.7208556873737239,0.27914431262627615,"(1383, 1944)"
64a678d4-9048-4491-90c7-1924f38be19a.png,1920000,1476211,443789,0.7688598958333334,0.23114010416666667,"(1200, 1600)"
64b0e49a-0e48-447d-8872-c1dd255e7a21.png,1920000,1190589,729411,0.6200984375,0.3799015625,"(1200, 1600)"
65054b19-5c6a-4870-99a9-eef994721d3a.png,1920000,1623698,296302,0.8456760416666667,0.15432395833333334,"(1200, 1600)"
65e3d6a6-012c-4b40-9a42-83078eb85e31.png,1920000,1033657,886343,0.5383630208333333,0.4616369791666667,"(1200, 1600)"
65e865f3-acfb-4d01-a75f-ff5a535ffa6a.png,1920000,1492947,427053,0.7775765625,0.2224234375,"(1200, 1600)"
65e8b0cd-05d1-4c8d-8efd-24bf71df3167.png,1920000,1483028,436972,0.7724104166666667,0.22758958333333335,"(1200, 1600)"
66183740-e1e5-43c9-8539-a87028bb3621.png,1920000,1187549,732451,0.6185151041666667,0.38148489583333334,"(1200, 1600)"
664c570b-4822-413c-9724-11b1d91fac44.png,1920000,1276237,643763,0.6647067708333333,0.33529322916666665,"(1200, 1600)"
66557580-fd38-4d4b-80d8-88611ecc78c6.png,1920000,1309457,610543,0.6820088541666667,0.3179911458333333,"(1200, 1600)"
666601e7-608d-4d19-999f-8fc6ab373a55.png,1920000,1407154,512846,0.7328927083333333,0.2671072916666667,"(1200, 1600)"
6695a204-e39c-4418-b904-3f080fdbe7e8.png,1920000,1215871,704129,0.6332661458333333,0.36673385416666665,"(1200, 1600)"
672e4ecf-a56b-462e-b83b-76f4efaa6634.png,1920000,1181092,738908,0.6151520833333334,0.3848479166666667,"(1200, 1600)"
674b0fd3-f247-4b7f-97f7-3e6c57c9ba9e.png,1920000,652446,1267554,0.339815625,0.660184375,"(1200, 1600)"
67582df6-bf13-4c83-a531-1214692b70de.png,1920000,1279299,640701,0.6663015625,0.3336984375,"(1200, 1600)"
6795acae-e84d-4e97-b9a1-b4f4f0a72cfd.png,1920000,1463071,456929,0.7620161458333333,0.23798385416666668,"(1200, 1600)"
679ae89f-4a02-4301-862e-1d844cc66cbf.png,1920000,1443315,476685,0.7517265625,0.2482734375,"(1200, 1600)"
67a4fb91-6f38-4ca2-8f20-6b2f5f1b29a7.png,1920000,1374393,545607,0.7158296875,0.2841703125,"(1200, 1600)"
67abb826-9b70-4459-8764-da76ecf35bfe.png,1920000,1554363,365637,0.8095640625,0.1904359375,"(1200, 1600)"
67acd5bc-4658-4c6e-a9b9-cd8ea3a03418.png,1920000,1274779,645221,0.6639473958333333,0.33605260416666666,"(1200, 1600)"
67f5ca94-d84e-490e-bf0d-4ffba7bdbe30.png,1920000,1527153,392847,0.7953921875,0.2046078125,"(1200, 1600)"
68442532-9cd2-4b42-9d4f-ddf8c13bb38c.png,1920000,1660975,259025,0.8650911458333334,0.13490885416666668,"(1200, 1600)"
686ed568-d5f8-475e-81ad-edab9dd473a0.png,1920000,849205,1070795,0.44229427083333334,0.5577057291666667,"(1200, 1600)"
68e69cfb-1a07-48d2-8abe-46b46fe264ed.png,1920000,1412045,507955,0.7354401041666667,0.26455989583333334,"(1200, 1600)"
68f34a9c-f73d-4238-8f55-4b05a8a2154c.png,1920000,1251751,668249,0.6519536458333334,0.3480463541666667,"(1200, 1600)"
693da701-2020-404c-866d-b64c12da951d.png,2688552,2247580,440972,0.8359815990168685,0.16401840098313145,"(1383, 1944)"
694222bb-cddf-469a-9526-f873c6fba58e.png,1920000,708582,1211418,0.369053125,0.630946875,"(1200, 1600)"
69565501-6e77-4f40-bd80-caa3dda34d8b.png,1920000,1512409,407591,0.7877130208333334,0.21228697916666667,"(1200, 1600)"
69569ecf-cfa1-4ddd-9342-b22c23387fdb.png,1920000,1373935,546065,0.7155911458333334,0.28440885416666667,"(1200, 1600)"
697bdbc0-6e31-4e48-ac74-ba4ab5760d32.png,1920000,1639769,280231,0.8540463541666666,0.14595364583333334,"(1200, 1600)"
69b5b3de-ec64-4e5d-bcc2-44f495e06e76.png,1920000,1601711,318289,0.8342244791666666,0.16577552083333333,"(1200, 1600)"
6ab870ba-b24b-49a9-9570-8eafe63aa74e.png,1920000,1354650,565350,0.705546875,0.294453125,"(1200, 1600)"
6ad3efc9-4392-4cee-98a5-186564a96373.png,1920000,1402800,517200,0.730625,0.269375,"(1200, 1600)"
6afb3717-f197-4668-929a-4fab389ae6e8.png,1920000,1563044,356956,0.8140854166666667,0.18591458333333333,"(1200, 1600)"
6afd8203-d61a-4e9b-a4cf-dcb53a16b57c.png,1920000,1290914,629086,0.6723510416666667,0.32764895833333335,"(1200, 1600)"
6b14c855-8561-417c-97a4-63fa552842fd.png,1920000,1698555,221445,0.8846640625,0.1153359375,"(1200, 1600)"
6b2ff7ca-c5b3-415c-9481-7b14efc6d7ef.png,1920000,1222201,697799,0.6365630208333334,0.3634369791666667,"(1200, 1600)"
6b473806-e936-4b19-98cf-a2b94cac35ff.png,1920000,1317237,602763,0.6860609375,0.3139390625,"(1200, 1600)"
6b4c79f5-b194-4586-be9f-e339c5af4188.png,1920000,1248257,671743,0.6501338541666667,0.3498661458333333,"(1200, 1600)"
6b5ed184-cb15-4d54-93bb-9a3ca00184a1.png,1920000,1536090,383910,0.800046875,0.199953125,"(1200, 1600)"
6b8048ed-ebd7-4789-ba87-c1ba94801481.png,1920000,1591509,328491,0.8289109375,0.1710890625,"(1200, 1600)"
6ba5d0b8-cdc7-4266-9d78-db76faa312e9.png,1920000,1263653,656347,0.6581526041666667,0.34184739583333335,"(1200, 1600)"
6bb4892c-27a9-4642-aba1-4b73f38f757c.png,1920000,1656201,263799,0.8626046875,0.1373953125,"(1200, 1600)"
6bc7b53c-5a98-48ef-a9de-59a476707ea4.png,1920000,1410647,509353,0.7347119791666666,0.26528802083333336,"(1200, 1600)"
6bfe6a90-8a69-4171-8e7f-42dc9417c6d9.png,1920000,1269455,650545,0.6611744791666667,0.33882552083333334,"(1200, 1600)"
6c20abb2-c4bb-4de0-8774-03f4d30ce93d.png,1920000,1632976,287024,0.8505083333333333,0.14949166666666666,"(1200, 1600)"
6c3f81d7-5670-46bd-9eaa-9b426413abb7.png,1920000,1684971,235029,0.8775890625,0.1224109375,"(1200, 1600)"
6c7095cd-ab6b-4f53-bd94-905d0cc95840.png,1920000,1688328,231672,0.8793375,0.1206625,"(1200, 1600)"
6d05ed67-43e2-43af-9d57-70c7a6eeef5e.png,1920000,1604719,315281,0.8357911458333334,0.16420885416666667,"(1200, 1600)"
6d91d1f0-636b-4f5a-a526-7c17fc857190.png,1920000,954151,965849,0.49695364583333335,0.5030463541666667,"(1200, 1600)"
6d9a2241-2cce-42b3-a11d-a3a6b432dd89.png,2688552,2092197,596355,0.7781872918954144,0.22181270810458567,"(1383, 1944)"
6dfafdf1-f588-4e80-8cf8-0126e1bf7af9.png,1920000,1005277,914723,0.5235817708333333,0.47641822916666665,"(1200, 1600)"
6e20a860-1f9a-4a74-b167-4c6a79bd8778.png,2688552,1994385,694167,0.7418063701204217,0.2581936298795783,"(1383, 1944)"
6e39fb0a-aa41-4b16-b783-7589e97bf289.png,1920000,1289588,630412,0.6716604166666666,0.32833958333333335,"(1200, 1600)"
6e7ed596-1b76-4998-8147-a846d53d91c5.png,1920000,1449994,470006,0.7552052083333334,0.24479479166666668,"(1200, 1600)"
6e86206f-dafe-4c28-bacc-7b83b2d40f0c.png,1920000,1503788,416212,0.7832229166666667,0.21677708333333334,"(1200, 1600)"
6f4ffe7b-395f-41ea-ad61-df5e0cbd531c.png,1920000,1619797,300203,0.8436442708333334,0.15635572916666668,"(1200, 1600)"
6f67a66b-56ec-4c36-ae7c-f250d3b86a23.png,1920000,1397424,522576,0.727825,0.272175,"(1200, 1600)"
6fa2b30f-9b89-46ac-9b79-c0bc105d4271.png,1920000,1085260,834740,0.5652395833333334,0.43476041666666665,"(1200, 1600)"
6fb707b1-5c07-479f-8385-5404bf5747b0.png,1920000,1526777,393223,0.7951963541666667,0.20480364583333333,"(1200, 1600)"
6fd30823-3b77-40c9-ba5d-e1eda9660674.png,1920000,1212235,707765,0.6313723958333334,0.3686276041666667,"(1200, 1600)"
701206c5-aaac-4b99-9cc0-4a6854359457.png,1920000,1311433,608567,0.6830380208333333,0.3169619791666667,"(1200, 1600)"
7029feb3-9ffe-46e4-9883-6a9df84f7b62.png,1920000,1217994,702006,0.634371875,0.365628125,"(1200, 1600)"
7094c11a-1e62-4f98-894e-d17d138a88e9.png,1920000,1229997,690003,0.6406234375,0.3593765625,"(1200, 1600)"
70a95e58-ba60-4c1f-adcd-49c198dc2ba0.png,1920000,1493208,426792,0.7777125,0.2222875,"(1200, 1600)"
711f6b3f-cd63-46d1-834a-bc8e9aa9b43e.png,1920000,813305,1106695,0.4235963541666667,0.5764036458333334,"(1200, 1600)"
71204a6d-814e-44b6-9cee-7b979f478021.png,1920000,1253692,666308,0.6529645833333333,0.34703541666666665,"(1200, 1600)"
715761a2-745e-4743-9849-956a034ad3c4.png,1920000,1266991,653009,0.6598911458333333,0.34010885416666664,"(1200, 1600)"
716273ea-19c4-49af-8604-df587b295eca.png,1920000,1467498,452502,0.764321875,0.235678125,"(1200, 1600)"
71881a39-a30c-40c7-8c4a-9f64c93e79d9.png,1920000,1480872,439128,0.7712875,0.2287125,"(1200, 1600)"
71925778-a26e-483e-a07c-f3aaf740122a.png,1920000,1307543,612457,0.6810119791666667,0.31898802083333333,"(1200, 1600)"
71bbdc58-11af-41f2-9a93-3fe9257c5cf3.png,1920000,1349632,570368,0.7029333333333333,0.29706666666666665,"(1200, 1600)"
71cf2467-77d3-4fac-ac6e-1d8767717c34.png,1920000,1630298,289702,0.8491135416666666,0.15088645833333333,"(1200, 1600)"
72029aca-f0bc-477f-b790-f345f86228ce.png,1920000,1584235,335765,0.8251223958333334,0.17487760416666667,"(1200, 1600)"
72088c26-d2dd-4906-b791-b8947fc7fbe4.png,1920000,735543,1184457,0.3830953125,0.6169046875,"(1200, 1600)"
72105bb0-8e39-48be-b7f7-5b32f047b99e.png,1920000,1605510,314490,0.836203125,0.163796875,"(1200, 1600)"
724e0c34-32cd-41f1-ae37-586038bc67ab.png,1920000,1428065,491935,0.7437838541666667,0.25621614583333335,"(1200, 1600)"
72732579-a812-4496-b2dd-ea1556924337.png,1920000,1279507,640493,0.6664098958333333,0.3335901041666667,"(1200, 1600)"
729733ff-a349-4a96-b636-ccabe7d7e167.png,1920000,1167777,752223,0.6082171875,0.3917828125,"(1200, 1600)"
729a38d6-66db-48e5-a00d-7d90d224290f.png,1920000,1577499,342501,0.8216140625,0.1783859375,"(1200, 1600)"
738b7be5-59b5-4d8c-8769-cbf2385b9fc7.png,2688552,1980055,708497,0.7364763634848795,0.2635236365151204,"(1383, 1944)"
73dd09d3-2bff-4b5e-b996-9da0b8b54a8f.png,1920000,1470105,449895,0.7656796875,0.2343203125,"(1200, 1600)"
74261741-4d6e-4dba-8ad4-4fbdf919c30f.png,1920000,1343008,576992,0.6994833333333333,0.30051666666666665,"(1200, 1600)"
749df49e-5212-49ea-9e88-7d66f258f1df.png,1920000,1350097,569903,0.7031755208333333,0.29682447916666665,"(1200, 1600)"
74bf1267-d98b-4532-a81d-9d8df63e0f75.png,2688552,2190261,498291,0.8146619444221276,0.1853380555778724,"(1383, 1944)"
7521ec48-57b5-48a8-a5d6-8280ad5da19c.png,1920000,1512577,407423,0.7878005208333333,0.21219947916666668,"(1200, 1600)"
75579b27-8191-4044-859b-268be969c42b.png,1920000,1396097,523903,0.7271338541666666,0.27286614583333335,"(1200, 1600)"
755e5bf8-e8e1-492b-a32f-f7d87cccaa40.png,1920000,1296591,623409,0.6753078125,0.3246921875,"(1200, 1600)"
75660b56-51c2-45a9-9c15-e18d12a3af8c.png,1920000,1680420,239580,0.87521875,0.12478125,"(1200, 1600)"
75c243e2-610d-4d5a-bc5a-4c53d99d9ae9.png,1920000,1468416,451584,0.7648,0.2352,"(1200, 1600)"
76021d69-8919-4688-95ef-7418eff620cc.png,1920000,1384836,535164,0.72126875,0.27873125,"(1200, 1600)"
7624ac36-1cf9-42fb-844d-376078309553.png,1920000,1342801,577199,0.6993755208333333,0.3006244791666667,"(1200, 1600)"
7625dfc4-858a-4c8e-907c-8943d665e9a7.png,1920000,1314549,605451,0.6846609375,0.3153390625,"(1200, 1600)"
766d5547-8dd2-4c8d-b78e-3007f83932e8.png,1920000,1315798,604202,0.6853114583333333,0.31468854166666665,"(1200, 1600)"
76a8a5f5-1328-4539-a131-baf877f40cf3.png,1920000,1514871,405129,0.7889953125,0.2110046875,"(1200, 1600)"
76b24246-8571-4e7b-8815-b185414a2c51.png,1920000,1396409,523591,0.7272963541666667,0.27270364583333334,"(1200, 1600)"
76dbce7f-dc3e-4a29-b1fe-ab9dce583080.png,1920000,1613153,306847,0.8401838541666666,0.15981614583333334,"(1200, 1600)"
770b8ca4-8377-479b-9ad5-5455ec3b44f8.png,1920000,1155856,764144,0.6020083333333334,0.3979916666666667,"(1200, 1600)"
77e76e62-2c71-4b52-9b21-0d1bcde9f9bf.png,1920000,1570990,349010,0.8182239583333333,0.18177604166666667,"(1200, 1600)"
781d4bea-c6a9-4b36-ae10-ba9e328c87fe.png,1920000,1390811,529189,0.7243807291666666,0.2756192708333333,"(1200, 1600)"
783ae4ad-6a35-4b3c-b19f-754974b67b2d.png,1920000,1263242,656758,0.6579385416666667,0.34206145833333335,"(1200, 1600)"
787abd97-dd37-4212-8b43-61696eb3abc0.png,1920000,1688470,231530,0.8794114583333333,0.12058854166666666,"(1200, 1600)"
78a5d1c3-44dd-44bc-ad5b-5e25bdcc4fae.png,1920000,1205605,714395,0.6279192708333333,0.3720807291666667,"(1200, 1600)"
78ac1e98-7062-4e27-8d58-25c392cae889.png,1920000,1641730,278270,0.8550677083333333,0.14493229166666666,"(1200, 1600)"
78ae52cf-8dad-4070-a40e-9af02faec1f0.png,2688552,2009468,679084,0.7474164531688433,0.2525835468311567,"(1383, 1944)"
78c35732-7e31-4153-842e-55ab1cd656f6.png,1920000,1360552,559448,0.7086208333333334,0.2913791666666667,"(1200, 1600)"
7942691b-6376-4c75-ae8a-ddf65454dcb2.png,1920000,1444856,475144,0.7525291666666667,0.24747083333333333,"(1200, 1600)"
795d0331-da56-4d45-a58a-54803408ffd9.png,1920000,1393111,526889,0.7255786458333333,0.2744213541666667,"(1200, 1600)"
79806898-0214-44bd-ba2c-b570e911be62.png,1920000,1459317,460683,0.7600609375,0.2399390625,"(1200, 1600)"
79b3a64f-2fb9-46e0-85d4-2bdd59c2075e.png,1920000,1504871,415129,0.7837869791666666,0.21621302083333332,"(1200, 1600)"
79d7a014-21ff-40f1-9ac4-a69839390654.png,1920000,837017,1082983,0.43594635416666666,0.5640536458333333,"(1200, 1600)"
79f2fbab-169d-4062-820d-3dfd12f062c8.png,1920000,1607332,312668,0.8371520833333334,0.16284791666666668,"(1200, 1600)"
79f63258-24ce-4e69-a5cb-8529635a89a9.png,1920000,1405101,514899,0.7318234375,0.2681765625,"(1200, 1600)"
7aae78ce-ac97-478d-983c-c0ec290171df.png,1920000,1753068,166932,0.91305625,0.08694375,"(1200, 1600)"
7abc0d26-dd66-4ef4-8c4e-4a661e589a7f.png,1920000,1443192,476808,0.7516625,0.2483375,"(1200, 1600)"
7ba9db7e-9d3f-413c-b672-2bba5fb5b415.png,1920000,1225756,694244,0.6384145833333333,0.36158541666666666,"(1200, 1600)"
7bcd3735-3134-46d1-8ca2-d4379f2d51c0.png,1920000,1351539,568461,0.7039265625,0.2960734375,"(1200, 1600)"
7bde7de1-889b-4218-b0e1-e2c04f6a7986.png,1920000,1195327,724673,0.6225661458333334,0.3774338541666667,"(1200, 1600)"
7beee655-6156-43b8-b185-dbae0eaf7f45.png,1920000,1542011,377989,0.8031307291666666,0.19686927083333333,"(1200, 1600)"
7c1cd7c7-7452-4428-a98e-dd7675c8ddea.png,1920000,1494935,425065,0.7786119791666667,0.22138802083333334,"(1200, 1600)"
7c66d2fd-68ee-4628-b860-9d7ad25b2a80.png,1920000,1449754,470246,0.7550802083333333,0.24491979166666666,"(1200, 1600)"
7c68c343-a7d3-4d26-b330-a5bb97ab8d9c.png,1920000,1652915,267085,0.8608932291666667,0.13910677083333334,"(1200, 1600)"
7c870293-2665-4a6b-a4fa-336959051dfc.png,1920000,1509385,410615,0.7861380208333333,0.21386197916666666,"(1200, 1600)"
7d041c38-11f2-4186-8a24-29d7d0f5c3cf.png,1920000,1325711,594289,0.6904744791666667,0.30952552083333335,"(1200, 1600)"
7d16d1e8-4abf-46fc-81bc-d71bd08ed6f2.png,2688552,2351486,337066,0.8746291684148195,0.12537083158518042,"(1383, 1944)"
7d4c2160-317f-48d1-a60a-788ec300b3e8.png,1920000,1578664,341336,0.8222208333333333,0.17777916666666665,"(1200, 1600)"
7d4d0646-26b5-46fa-ab25-452d986e887b.png,1920000,1484260,435740,0.7730520833333333,0.22694791666666667,"(1200, 1600)"
7d65d296-0f7b-41cc-9073-a547e24326c8.png,1920000,1421209,498791,0.7402130208333333,0.25978697916666665,"(1200, 1600)"
7d9c1422-6332-44e9-b134-3ac94f07b0f0.png,1920000,1389286,530714,0.7235864583333333,0.27641354166666665,"(1200, 1600)"
7db1373d-5bbf-47e6-ab40-30cba7678745.png,1920000,1602948,317052,0.83486875,0.16513125,"(1200, 1600)"
7dcc84ce-e8b4-46c8-9506-7c8ebda5da2f.png,1920000,1623618,296382,0.845634375,0.154365625,"(1200, 1600)"
7dfbfeaf-e3b1-4159-8dcd-d7f731280ac8.png,1920000,1170124,749876,0.6094395833333334,0.3905604166666667,"(1200, 1600)"
7e25ced3-5caf-47f8-ad0c-42946bd4468b.png,1920000,1116914,803086,0.5817260416666666,0.4182739583333333,"(1200, 1600)"
7e837856-3519-4dc0-b357-4cdcfd30b4eb.png,1920000,1173475,746525,0.6111848958333334,0.38881510416666665,"(1200, 1600)"
7eae1169-e294-4594-8e03-1366d23ff2d1.png,1920000,1363490,556510,0.7101510416666666,0.28984895833333335,"(1200, 1600)"
7eb95580-693f-41b6-9338-174be1430c23.png,1920000,1685698,234302,0.8779677083333334,0.12203229166666667,"(1200, 1600)"
7ef90770-6aeb-45eb-9744-49c5247dde30.png,1920000,1152982,767018,0.6005114583333333,0.39948854166666664,"(1200, 1600)"
7f528918-27d4-421f-ab57-0cf9c693e697.png,1920000,1489514,430486,0.7757885416666667,0.22421145833333334,"(1200, 1600)"
7fd2d254-b062-4f3d-8970-687e73c5a00a.png,1920000,1375110,544890,0.716203125,0.283796875,"(1200, 1600)"
7fdc8be8-7579-4a5c-b369-8a07ee0a8b7d.png,1920000,1367577,552423,0.7122796875,0.2877203125,"(1200, 1600)"
8002cb71-0f25-4fa4-a46f-b49e5aeded0c.png,1920000,1313932,606068,0.6843395833333333,0.31566041666666667,"(1200, 1600)"
801296d9-3403-426f-859e-5c532858e025.png,1920000,1481513,438487,0.7716213541666667,0.22837864583333334,"(1200, 1600)"
80da32ce-8c22-470e-9f35-558c5f7a5df9.png,1920000,1237037,682963,0.6442901041666667,0.35570989583333334,"(1200, 1600)"
8111cff9-4c04-448e-990b-9d5010f7be56.png,2688552,1877282,811270,0.6982502105222439,0.30174978947775605,"(1383, 1944)"
815bf40c-371a-4d34-aa41-c549c8221881.png,1920000,1354382,565618,0.7054072916666667,0.29459270833333334,"(1200, 1600)"
8190ec37-9a5e-419f-89ed-fbfb079370db.png,1920000,1387838,532162,0.7228322916666666,0.2771677083333333,"(1200, 1600)"
81a2748d-51c9-4439-995d-f747871d6544.png,1920000,1444875,475125,0.7525390625,0.2474609375,"(1200, 1600)"
81af1442-d835-46bf-b80b-a898dba3da1b.png,1920000,1527524,392476,0.7955854166666667,0.20441458333333334,"(1200, 1600)"
81c3c8f0-d5a9-4dda-afd5-e86f6afd9424.png,1920000,1073473,846527,0.5591005208333333,0.44089947916666666,"(1200, 1600)"
81edcae1-65bf-4752-b0e4-494376b71e49.png,1920000,1331900,588100,0.6936979166666667,0.3063020833333333,"(1200, 1600)"
81fed4a1-9d48-4938-90c9-c8bf3f5e6b1f.png,1920000,1485736,434264,0.7738208333333333,0.22617916666666665,"(1200, 1600)"
820bbfea-3dae-46fc-b61a-3d0ed2ea01c2.png,1920000,1704794,215206,0.8879135416666667,0.11208645833333333,"(1200, 1600)"
8271d0d8-9985-43eb-94b3-c702adca139f.png,1920000,1049213,870787,0.5464651041666667,0.45353489583333334,"(1200, 1600)"
8298aca0-5099-4d45-88ca-ec8ac7922e77.png,2688552,2194106,494446,0.8160920822807222,0.1839079177192779,"(1383, 1944)"
833b1d3e-d389-4d0f-8638-6aca5b89f917.png,1920000,1710234,209766,0.890746875,0.109253125,"(1200, 1600)"
834a30bb-26bf-4e60-9ea1-3250b926892e.png,1920000,1128434,791566,0.5877260416666666,0.41227395833333336,"(1200, 1600)"
83d4e1fe-da84-4175-a9e2-8efc18782dcf.png,1920000,1482521,437479,0.7721463541666667,0.22785364583333334,"(1200, 1600)"
83ec1cb9-1714-4bf1-81f6-115fde84564d.png,1920000,1575471,344529,0.8205578125,0.1794421875,"(1200, 1600)"
83ec8923-6232-40d7-ba1f-a1b8bf7cb66c.png,1920000,912280,1007720,0.4751458333333333,0.5248541666666666,"(1200, 1600)"
84041bf9-dace-4066-9fe0-52170d08f826.png,1920000,1218560,701440,0.6346666666666667,0.36533333333333334,"(1200, 1600)"
8448ac8c-fa7a-475a-9ca2-dc0174f78a39.png,2688552,1683388,1005164,0.6261318360217694,0.37386816397823064,"(1383, 1944)"
8490c623-3d88-4532-baf5-0d266a45b16f.png,1920000,1116718,803282,0.5816239583333334,0.41837604166666664,"(1200, 1600)"
84c88143-940d-4b62-bbd2-7acc4cadcb6b.png,1920000,1355426,564574,0.7059510416666667,0.29404895833333333,"(1200, 1600)"
84d7545e-c3a8-4b1f-9a39-36aab78c8699.png,1920000,1350877,569123,0.7035817708333333,0.29641822916666666,"(1200, 1600)"
84ee2ea3-9edd-4672-a1b3-f09c607d833a.png,1920000,1459312,460688,0.7600583333333333,0.23994166666666666,"(1200, 1600)"
85546330-4efd-43e2-87aa-d53a30220bfc.png,1920000,1393846,526154,0.7259614583333334,0.2740385416666667,"(1200, 1600)"
85a4d82e-cfb7-4983-b272-626c9e8c7583.png,1920000,1432629,487371,0.7461609375,0.2538390625,"(1200, 1600)"
861c3e06-aada-47a0-99ae-94fbc2772cc0.png,1920000,1387498,532502,0.7226552083333333,0.27734479166666665,"(1200, 1600)"
86495bbf-687b-429c-b9d3-6c2681ade7e2.png,1920000,1456918,463082,0.7588114583333333,0.24118854166666667,"(1200, 1600)"
867f30da-2568-4480-9968-cece78c61c64.png,1920000,1703976,216024,0.8874875,0.1125125,"(1200, 1600)"
8757be1e-b832-407a-8e95-62abae485b24.png,1920000,1079759,840241,0.5623744791666667,0.43762552083333334,"(1200, 1600)"
877d5e7f-19b6-40e7-81bd-c92f25e72503.png,1920000,1176964,743036,0.6130020833333333,0.38699791666666666,"(1200, 1600)"
87d6343b-70dd-4cdd-939f-d3ac0ca2e700.png,1920000,1235207,684793,0.6433369791666667,0.35666302083333334,"(1200, 1600)"
882b91b7-5906-4091-bad4-688d4375eeb5.png,1920000,1233674,686326,0.6425385416666667,0.3574614583333333,"(1200, 1600)"
883b726a-f61c-4382-9f1b-2fff302beba6.png,1920000,1620108,299892,0.84380625,0.15619375,"(1200, 1600)"
883d9731-a04d-4f84-83c9-d3bef954759d.png,1920000,1300558,619442,0.6773739583333334,0.32262604166666664,"(1200, 1600)"
8855c685-5a8c-4967-a356-942ed89e3471.png,1920000,1518649,401351,0.7909630208333334,0.20903697916666666,"(1200, 1600)"
8874ea02-d263-4830-99d1-e1b14230a56b.png,2688552,2018059,670493,0.7506118535181763,0.24938814648182367,"(1383, 1944)"
887cc81a-bae3-4360-a115-23ae05ac3a4f.png,2688552,2319248,369304,0.8626383272482734,0.1373616727517266,"(1383, 1944)"
8939e14b-fcdf-48b1-acb9-6514a2fc2fc0.png,1920000,1346225,573775,0.7011588541666667,0.2988411458333333,"(1200, 1600)"
89b276cc-cc8f-4378-a877-e01aff333373.png,1920000,1812948,107052,0.94424375,0.05575625,"(1200, 1600)"
89b3d781-2f81-4d23-bed4-84da064df7f3.png,1920000,1505045,414955,0.7838776041666666,0.21612239583333334,"(1200, 1600)"
89f10192-d3dd-4996-a571-4c851dbdc983.png,1920000,620361,1299639,0.3231046875,0.6768953125,"(1200, 1600)"
8a4aadac-cf5c-4a79-b875-271b3fbfd230.png,1920000,1657702,262298,0.8633864583333334,0.13661354166666667,"(1200, 1600)"
8a7deb24-d2b4-4acf-86c4-3aadd39157fa.png,1920000,1467012,452988,0.76406875,0.23593125,"(1200, 1600)"
8ab5c462-045e-4b59-b53a-9b2bc3ed2487.png,1920000,1350086,569914,0.7031697916666667,0.29683020833333335,"(1200, 1600)"
8ad7ba46-5db8-4ba9-b3e0-3cac52f7efc3.png,1920000,1407199,512801,0.7329161458333333,0.2670838541666667,"(1200, 1600)"
8b494b40-cab5-49d3-893d-c805000fbe88.png,1920000,490124,1429876,0.2552729166666667,0.7447270833333334,"(1200, 1600)"
8b89b3fc-95ef-4f2e-b94b-0291dbffe0f4.png,1920000,1604924,315076,0.8358979166666667,0.16410208333333334,"(1200, 1600)"
8bd71314-e38a-4670-bb25-5cd6c9acb595.png,1920000,1112498,807502,0.5794260416666667,0.42057395833333333,"(1200, 1600)"
8be185e7-2a1a-441c-a5c7-b50a9eb926cb.png,1920000,1183865,736135,0.6165963541666667,0.3834036458333333,"(1200, 1600)"
8cc6fe77-5f2f-4670-b4ac-1b49550241a8.png,1920000,910545,1009455,0.4742421875,0.5257578125,"(1200, 1600)"
8cca114a-ed05-4b87-95b7-fae02487f08c.png,1920000,684671,1235329,0.3565994791666667,0.6434005208333333,"(1200, 1600)"
8d02117d-6c71-4e47-b50a-6cc8d5eb1d55.png,1920000,1204996,715004,0.6276020833333333,0.37239791666666666,"(1200, 1600)"
8d56197c-21d7-4cb6-92df-80637efd129b.png,1920000,1561526,358474,0.8132947916666666,0.18670520833333334,"(1200, 1600)"
8d5d5c22-2f75-4fe1-9ea3-03a3c7b92ea9.png,1920000,1559915,360085,0.8124557291666666,0.18754427083333333,"(1200, 1600)"
8d989997-038c-4924-b2d3-d02629a7cdf5.png,1920000,1407886,512114,0.7332739583333333,0.2667260416666667,"(1200, 1600)"
8dace03a-10c4-4d59-bcd9-a2c314c5df33.png,1920000,1260043,659957,0.6562723958333333,0.34372760416666664,"(1200, 1600)"
8db76867-671a-4488-a7b6-991e4dd2e05f.png,2688552,2175635,512917,0.8092218413480565,0.1907781586519435,"(1383, 1944)"
8e078333-8fa0-45be-a46e-fa05708cb365.png,1920000,1588481,331519,0.8273338541666667,0.17266614583333334,"(1200, 1600)"
8e0dfc1f-e3eb-4a3f-a1c4-249bdfbfaa27.png,1920000,1058789,861211,0.5514526041666666,0.4485473958333333,"(1200, 1600)"
8e1e0fd3-52fb-4ebb-82de-67bbd66fcf4d.png,2688552,2195902,492650,0.8167600998604453,0.18323990013955468,"(1383, 1944)"
8e22f8cc-b6ef-48cb-a06d-a44cb1fb5f2f.png,2688552,2222050,466502,0.8264857811937429,0.17351421880625706,"(1383, 1944)"
8e4bdd0d-1c72-4836-ae3e-05e2e50e4983.png,1920000,1060827,859173,0.5525140625,0.4474859375,"(1200, 1600)"
8e69098c-fae0-47a3-8833-c2bfdfb1a416.png,1920000,1294164,625836,0.67404375,0.32595625,"(1200, 1600)"
8e72e20e-e714-4db6-a1da-c05a409257d4.png,1920000,1478848,441152,0.7702333333333333,0.22976666666666667,"(1200, 1600)"
8eeb378e-90f0-47ea-ac1c-2a201eb8d090.png,1920000,1366197,553803,0.7115609375,0.2884390625,"(1200, 1600)"
8f84a2c9-ca38-4405-a488-12fcd101278b.png,1920000,1521344,398656,0.7923666666666667,0.20763333333333334,"(1200, 1600)"
8f96ee1f-4ef7-4279-a610-316319bedcf9.png,1920000,1435986,484014,0.747909375,0.252090625,"(1200, 1600)"
90171428-f208-428a-b40e-f57ee3bea457.png,1920000,1092519,827481,0.5690203125,0.4309796875,"(1200, 1600)"
90246988-0d6d-4bf8-8a76-94107de4121e.png,1920000,1261269,658731,0.6569109375,0.3430890625,"(1200, 1600)"
907650b5-edae-471d-bc54-a825be3d3fac.png,1920000,1501340,418660,0.7819479166666666,0.21805208333333334,"(1200, 1600)"
90a82250-1f68-48c9-9af9-15f18bf8c974.png,1920000,1492866,427134,0.777534375,0.222465625,"(1200, 1600)"
9106a6bb-1352-411f-ac26-0d6fe48c16a8.png,1920000,1516708,403292,0.7899520833333333,0.21004791666666667,"(1200, 1600)"
913099c5-8085-4908-bf4b-1f098bbfcf66.png,1920000,1134446,785554,0.5908572916666667,0.4091427083333333,"(1200, 1600)"
9147a21d-0de2-4c04-88da-b788311696ac.png,1920000,1526567,393433,0.7950869791666667,0.20491302083333332,"(1200, 1600)"
9174f910-3859-4839-8e30-2c3b25269322.png,1920000,1534856,385144,0.7994041666666667,0.20059583333333333,"(1200, 1600)"
91827f1a-9b04-4ef0-972c-12e90e60c516.png,1920000,1605620,314380,0.8362604166666666,0.16373958333333333,"(1200, 1600)"
91e93160-eb8d-4de0-b6bc-b98ec33d1663.png,1920000,1561231,358769,0.8131411458333333,0.18685885416666667,"(1200, 1600)"
91fd0c2e-8e9c-452d-97ab-304b05a049b3.png,2688552,2218793,469759,0.8252743484224966,0.17472565157750342,"(1383, 1944)"
9258fe22-6406-4d00-b6f0-3f9492925405.png,1920000,1638350,281650,0.8533072916666666,0.14669270833333334,"(1200, 1600)"
92e4fd7b-79ef-49c2-a52b-9ef13dd720ef.png,1920000,1411520,508480,0.7351666666666666,0.2648333333333333,"(1200, 1600)"
933e7e07-fc3d-42eb-be0c-6b1623ee60fa.png,1920000,1349811,570189,0.7030265625,0.2969734375,"(1200, 1600)"
939ad732-d7c5-4339-b087-4335b49d6a3c.png,1920000,1396619,523381,0.7274057291666667,0.2725942708333333,"(1200, 1600)"
93a306b8-594a-4c7f-8b4a-127fb6ad8f1a.png,1920000,1413364,506636,0.7361270833333333,0.2638729166666667,"(1200, 1600)"
93b47b14-7f78-4b31-8897-d63a81fdab01.png,1920000,1211099,708901,0.6307807291666667,0.36921927083333334,"(1200, 1600)"
93f40356-5676-45d3-8e83-8028708c93ba.png,1920000,1453592,466408,0.7570791666666666,0.24292083333333334,"(1200, 1600)"
93f7e207-0d8e-47f8-8258-09a0e03dbdd6.png,1920000,1449887,470113,0.7551494791666666,0.24485052083333333,"(1200, 1600)"
947348fe-4c70-468e-8009-3c14daeca69b.png,1920000,470858,1449142,0.24523854166666667,0.7547614583333333,"(1200, 1600)"
948c94ad-395c-41f4-9a68-8a1dcb76888c.png,1920000,1434071,485929,0.7469119791666666,0.2530880208333333,"(1200, 1600)"
94b5a9a1-1c88-4400-aca4-3d56f543fc4a.png,1920000,1594503,325497,0.8304703125,0.1695296875,"(1200, 1600)"
94d9fa50-d3e4-4eaf-acfc-92e7f2ed9ea5.png,1920000,1536178,383822,0.8000927083333333,0.19990729166666665,"(1200, 1600)"
95bea542-6cd0-41c5-82c5-509af8c3b505.png,1920000,895402,1024598,0.4663552083333333,0.5336447916666667,"(1200, 1600)"
95d5e689-c1d1-4ae8-a659-cc20c62a99f0.png,1920000,1624219,295781,0.8459473958333333,0.15405260416666666,"(1200, 1600)"
95fea6d8-413f-421e-b331-5d51c31df150.png,1920000,1244874,675126,0.648371875,0.351628125,"(1200, 1600)"
9615ff33-b3fc-4d1e-9c05-0b8e3ef936df.png,1920000,1497251,422749,0.7798182291666667,0.22018177083333335,"(1200, 1600)"
96287315-87a1-4045-9e16-119e045bf12a.png,2688552,2061610,626942,0.7668105359316093,0.23318946406839072,"(1383, 1944)"
96596a68-8c95-43f3-b74e-e9506c235144.png,1920000,1548993,371007,0.8067671875,0.1932328125,"(1200, 1600)"
9691c57a-ccf8-47f9-a8e9-9a324974585b.png,1920000,1641325,278675,0.8548567708333333,0.14514322916666667,"(1200, 1600)"
96957ec3-de17-41cf-855b-1388814e5918.png,2688552,2149620,538932,0.7995456290226114,0.20045437097738858,"(1383, 1944)"
96afe167-6a2f-4770-aa74-e083fbd5e926.png,2688552,2366341,322211,0.8801544474497797,0.11984555255022034,"(1383, 1944)"
97eff653-3908-4e66-931f-eab36bc336c8.png,1920000,1376755,543245,0.7170598958333333,0.28294010416666665,"(1200, 1600)"
98175327-da9e-4e0c-8912-ee68490a4672.png,1920000,1533881,386119,0.7988963541666667,0.20110364583333334,"(1200, 1600)"
9842445c-5899-4189-9f2e-3a3a179fdad3.png,1920000,1345893,574107,0.7009859375,0.2990140625,"(1200, 1600)"
984caf56-f400-4a29-be97-a4d6b9d1468d.png,1920000,1523744,396256,0.7936166666666666,0.20638333333333334,"(1200, 1600)"
985627c9-7b85-40de-a106-eb9cc47b47cb.png,1920000,1237369,682631,0.6444630208333333,0.35553697916666666,"(1200, 1600)"
98976666-9125-47fe-9601-43c41e58dfb4.png,1920000,1406405,513595,0.7325026041666667,0.2674973958333333,"(1200, 1600)"
989d86a1-6d76-4089-85cf-2f2ca0a8456c.png,1920000,1455251,464749,0.7579432291666667,0.24205677083333332,"(1200, 1600)"
98c25ffe-c329-420a-bc22-b082f565eac9.png,1920000,1493179,426821,0.7776973958333333,0.22230260416666667,"(1200, 1600)"
98efca97-37d2-4459-aca6-375ecc0c4539.png,1920000,1765499,154501,0.9195307291666667,0.08046927083333333,"(1200, 1600)"
997eabd9-55bf-4683-83c4-4cee4673a4ef.png,1920000,1220609,699391,0.6357338541666666,0.36426614583333333,"(1200, 1600)"
99a21c5c-f5a7-4c07-9cb6-5dda2d388f48.png,1920000,1558591,361409,0.8117661458333333,0.18823385416666666,"(1200, 1600)"
99b13257-b9d9-422f-8262-802da0bdc510.png,1920000,1334324,585676,0.6949604166666666,0.3050395833333333,"(1200, 1600)"
99d6a7e5-128e-4455-841d-8fbd1663905e.png,1920000,1525043,394957,0.7942932291666667,0.20570677083333333,"(1200, 1600)"
99e979d4-ee97-4d7f-9da6-00bead40db4d.png,1920000,1494489,425511,0.7783796875,0.2216203125,"(1200, 1600)"
9a1cd456-310c-47b6-a1f8-0fbd8e33d1fd.png,1920000,1514253,405747,0.7886734375,0.2113265625,"(1200, 1600)"
9a25f103-1683-47d1-8b07-ac20fe0b3ee9.png,1920000,1644238,275762,0.8563739583333333,0.14362604166666668,"(1200, 1600)"
9acf303a-fcba-4e52-be3e-8d061aa5e72a.png,1920000,1254673,665327,0.6534755208333334,0.3465244791666667,"(1200, 1600)"
9af1ee02-87fd-42bc-963e-fa9ac3eb45bb.png,1920000,1369629,550371,0.7133484375,0.2866515625,"(1200, 1600)"
9af4b8ae-c912-41fd-b4c0-34864c75360f.png,1920000,1605525,314475,0.8362109375,0.1637890625,"(1200, 1600)"
9b3fd401-dab0-440f-8498-eb3cc9ffa970.png,1920000,1135261,784739,0.5912817708333333,0.40871822916666667,"(1200, 1600)"
9b410534-3b70-4a88-9f93-205cf4e55a05.png,1920000,1299213,620787,0.6766734375,0.3233265625,"(1200, 1600)"
9bd40bc6-4949-42d3-b38f-d60422932f65.png,1920000,1576962,343038,0.821334375,0.178665625,"(1200, 1600)"
9c48fdf4-621d-4f40-bcd7-6a28cd530de7.png,1920000,1101466,818534,0.5736802083333333,0.42631979166666667,"(1200, 1600)"
9c4cb048-d64a-4b7f-84ff-ca28a8084fc7.png,1920000,1549617,370383,0.8070921875,0.1929078125,"(1200, 1600)"
9c5f48c0-0544-4c0c-92b4-59b7d7b7814c.png,1920000,1593859,326141,0.8301348958333333,0.16986510416666667,"(1200, 1600)"
9ca20b10-e2fd-4bd2-93ef-78298f763ed5.png,1920000,1093370,826630,0.5694635416666667,0.4305364583333333,"(1200, 1600)"
9cdee92c-6267-4188-a41e-125bc0abb9ae.png,1920000,1501108,418892,0.7818270833333333,0.21817291666666666,"(1200, 1600)"
9cf0b006-cb5c-47e7-b076-1dcacf1fbfb1.png,2688552,2003728,684824,0.7452814749352068,0.25471852506479326,"(1383, 1944)"
9cf3f75a-354c-46f9-8b53-0a9711ac8bee.png,2688552,2194757,493795,0.8163342200560004,0.1836657799439996,"(1383, 1944)"
9d155086-acf5-4c86-a9e1-94b587c46e87.png,1920000,1386180,533820,0.72196875,0.27803125,"(1200, 1600)"
9d819c89-4ea9-4e75-9b03-da87fa6c6f4d.png,1920000,1764075,155925,0.9187890625,0.0812109375,"(1200, 1600)"
9dc6ed5d-6698-48cf-aab3-fd156673729c.png,1920000,1214998,705002,0.6328114583333333,0.36718854166666665,"(1200, 1600)"
9e0e1928-d19a-4100-b093-0b962ac09e05.png,1920000,1164646,755354,0.6065864583333334,0.39341354166666664,"(1200, 1600)"
9e1b0217-0926-4fd1-bb9e-a815c05deb59.png,1920000,1500837,419163,0.7816859375,0.2183140625,"(1200, 1600)"
9e5437c6-b0d3-473b-b7c3-8f5afeb90c7a.png,1920000,1509845,410155,0.7863776041666667,0.21362239583333334,"(1200, 1600)"
9e74feb8-017d-4d53-8896-9ebda4327dd1.png,1920000,1293139,626861,0.6735098958333333,0.3264901041666667,"(1200, 1600)"
9e793460-d94c-47ac-b3a7-0d6ad86357da.png,1920000,1307906,612094,0.6812010416666666,0.3187989583333333,"(1200, 1600)"
9e82c996-2cfa-418d-9482-8ee23e9d0a5d.png,1920000,1350884,569116,0.7035854166666666,0.2964145833333333,"(1200, 1600)"
9eb66577-7857-43dc-a879-8f2c9d7f780f.png,1920000,1098772,821228,0.5722770833333334,0.4277229166666667,"(1200, 1600)"
9ebd623d-5534-4dd9-bff8-cdedf322db35.png,1920000,1393673,526327,0.7258713541666667,0.27412864583333335,"(1200, 1600)"
9ec1dcec-87c2-4aca-8e6b-0db3cd05509c.png,1920000,1303057,616943,0.6786755208333334,0.3213244791666667,"(1200, 1600)"
9ecf2006-8d49-4ae8-a14b-ed8b3b14ee7c.png,1920000,1589182,330818,0.8276989583333333,0.17230104166666665,"(1200, 1600)"
9edba799-e169-46cd-b100-c9f8fc7a8c7d.png,1920000,1089398,830602,0.5673947916666666,0.4326052083333333,"(1200, 1600)"
9f33e0ea-065b-4703-9df9-15829b891860.png,1920000,866088,1053912,0.4510875,0.5489125,"(1200, 1600)"
9f38055f-4fe6-47fd-a6dd-c0743db4eccf.png,1920000,484817,1435183,0.2525088541666667,0.7474911458333333,"(1200, 1600)"
9f4bc3b4-abb0-4bcb-baa8-ec9f25e2b9c6.png,1920000,1484884,435116,0.7733770833333333,0.22662291666666667,"(1200, 1600)"
9f959520-e15e-45c2-bc29-ef3c19154d1c.png,1920000,1270806,649194,0.661878125,0.338121875,"(1200, 1600)"
9fbf38ab-44b9-4096-a818-603017a4300e.png,1920000,1606099,313901,0.8365098958333334,0.16349010416666668,"(1200, 1600)"
9fd32265-07f2-442b-80b5-35069891d452.png,2688552,2030615,657937,0.7552820254173994,0.24471797458260058,"(1383, 1944)"
9fe8bdc8-847d-434e-93e5-ae14ff3b45e1.png,1920000,1325773,594227,0.6905067708333333,0.30949322916666666,"(1200, 1600)"
a054a8e2-55f2-4508-97df-207f76b89be2.png,1920000,1332491,587509,0.6940057291666667,0.30599427083333336,"(1200, 1600)"
a065c50b-341d-4803-b4b0-0fe8f04fdbb5.png,1920000,1300831,619169,0.6775161458333333,0.32248385416666664,"(1200, 1600)"
a0785022-e82b-4878-b9d4-19cb7b75213f.png,1920000,1567264,352736,0.8162833333333334,0.18371666666666667,"(1200, 1600)"
a0b277cb-20bc-4921-a6bd-5ccd5b91d14f.png,1920000,1692306,227694,0.881409375,0.118590625,"(1200, 1600)"
a0e2ef53-d39b-40cf-b8b6-4b148ac339ec.png,1920000,1613032,306968,0.8401208333333333,0.15987916666666666,"(1200, 1600)"
a0eedcb9-b85c-4612-b945-7e8227f53c35.png,1920000,1297471,622529,0.6757661458333334,0.32423385416666667,"(1200, 1600)"
a0eeeb10-d0cb-48d9-8c22-2c3a3c908d00.png,1920000,1502033,417967,0.7823088541666666,0.21769114583333332,"(1200, 1600)"
a11ed7d0-12f6-468f-abad-5cba7d968123.png,1920000,1479461,440539,0.7705526041666667,0.22944739583333335,"(1200, 1600)"
a1265844-329c-4a49-a37f-e0541b83a50c.png,2688552,1932625,755927,0.7188348970003184,0.2811651029996816,"(1383, 1944)"
a15e0fa8-2620-4f66-896e-175115c9dc3d.png,1920000,1105750,814250,0.5759114583333333,0.42408854166666665,"(1200, 1600)"
a1669b59-fe09-4fe6-ba9f-06bec6725502.png,1920000,1243914,676086,0.647871875,0.352128125,"(1200, 1600)"
a18f122f-3a3e-4478-8ac4-91b83e050e65.png,1920000,1322408,597592,0.6887541666666667,0.31124583333333333,"(1200, 1600)"
a1c140f9-75d7-42a3-b767-4c01a118892b.png,1920000,1382117,537883,0.7198526041666666,0.2801473958333333,"(1200, 1600)"
a1ff36df-71df-4e6e-a65f-ced9a2b381c3.png,1920000,1502936,417064,0.7827791666666667,0.21722083333333334,"(1200, 1600)"
a20d0b4b-6e2e-4507-bc22-f321dedc4ed9.png,1920000,1332901,587099,0.6942192708333333,0.30578072916666665,"(1200, 1600)"
a23f5539-bfe6-4885-9a0e-dba972475ea9.png,1920000,958996,961004,0.49947708333333335,0.5005229166666667,"(1200, 1600)"
a2754679-68b0-40f4-be01-bafad5ac1261.png,1920000,1262868,657132,0.65774375,0.34225625,"(1200, 1600)"
a27858ef-6533-413e-bc75-cc54690261a2.png,1920000,1645947,274053,0.8572640625,0.1427359375,"(1200, 1600)"
a27b451d-44a6-4740-861a-9e7e99915563.png,1920000,1366644,553356,0.71179375,0.28820625,"(1200, 1600)"
a2a20600-f851-4db7-90f9-6f7be027c8b5.png,1920000,818879,1101121,0.42649947916666664,0.5735005208333334,"(1200, 1600)"
a2ccbf70-e444-49a9-8b7e-9797a05220d8.png,1920000,1336129,583871,0.6959005208333333,0.3040994791666667,"(1200, 1600)"
a2d07312-2f97-40d2-8b09-7f2aca7b16fb.png,1920000,1585862,334138,0.8259697916666666,0.17403020833333332,"(1200, 1600)"
a2de1248-7bc0-44dc-b508-70a357eedd68.png,1920000,1312418,607582,0.6835510416666667,0.3164489583333333,"(1200, 1600)"
a2fc0093-8645-43c7-bdee-ec8ca9484815.png,1920000,1368549,551451,0.7127859375,0.2872140625,"(1200, 1600)"
a302a6fa-f635-4ade-b72b-b6f3c2a34ec9.png,1920000,1530452,389548,0.7971104166666667,0.20288958333333335,"(1200, 1600)"
a30da226-b452-408a-a556-bfae4d521464.png,1920000,1286133,633867,0.6698609375,0.3301390625,"(1200, 1600)"
a3548f89-1cb5-4e67-b460-482df95b10ee.png,2688552,2165746,522806,0.8055436532378768,0.19445634676212326,"(1383, 1944)"
a3ada657-de00-44db-b1e2-54ba17e39983.png,1920000,1399003,520997,0.7286473958333334,0.2713526041666667,"(1200, 1600)"
a3c0a876-be12-4ede-8aed-18b32a64401b.png,1920000,1359990,560010,0.708328125,0.291671875,"(1200, 1600)"
a4409217-be11-4478-90a5-b406057d154d.png,1920000,1264538,655462,0.6586135416666666,0.3413864583333333,"(1200, 1600)"
a4851ed0-1499-4eae-9157-dcd34773254f.png,1920000,1192601,727399,0.6211463541666666,0.3788536458333333,"(1200, 1600)"
a4bd99a0-226a-4044-914b-8073d5890734.png,2688552,1811721,876831,0.6738649652303544,0.3261350347696455,"(1383, 1944)"
a4d7a7e1-5ae1-486d-b6ee-c9af1476ccad.png,1920000,1203560,716440,0.6268541666666667,0.37314583333333334,"(1200, 1600)"
a4fbb9f2-9b75-4fdc-877d-2feaafac25b3.png,1920000,1340700,579300,0.69828125,0.30171875,"(1200, 1600)"
a51d6c18-f9e8-4714-9dbb-38e1577445f2.png,1920000,1363095,556905,0.7099453125,0.2900546875,"(1200, 1600)"
a588091c-5e4c-4e61-914d-e96f3ee3e505.png,1920000,1508053,411947,0.7854442708333333,0.21455572916666665,"(1200, 1600)"
a5c3b3f8-7ceb-4573-a400-a76b9479af46.png,1920000,1437711,482289,0.7488078125,0.2511921875,"(1200, 1600)"
a5c8bf78-61e2-492d-bae5-0ffeea81212b.png,2688552,1730401,958151,0.6436182004290786,0.3563817995709214,"(1383, 1944)"
a5e05ba8-0c19-41e3-92d5-10e42a03b85e.png,1920000,1352384,567616,0.7043666666666667,0.29563333333333336,"(1200, 1600)"
a612e0d5-6a95-43cc-96a6-6fbcb8d45ff4.png,2688552,1939412,749140,0.7213593041905085,0.2786406958094915,"(1383, 1944)"
a6391703-0820-4913-a7cd-e843ff0d84ba.png,1920000,1534478,385522,0.7992072916666667,0.20079270833333332,"(1200, 1600)"
a63ce82f-f3d1-4818-9035-d3d230e5f686.png,1920000,1253968,666032,0.6531083333333333,0.34689166666666665,"(1200, 1600)"
a63fa2c7-3ec8-4bb7-bde6-a39e09d2f806.png,1920000,1467207,452793,0.7641703125,0.2358296875,"(1200, 1600)"
a6526894-e290-482d-ac43-f1df34864817.png,1920000,1288480,631520,0.6710833333333334,0.3289166666666667,"(1200, 1600)"
a6aa3b72-2970-4c78-b655-ea8dfe6e018c.png,1920000,1025760,894240,0.53425,0.46575,"(1200, 1600)"
a6ba808f-ec60-42a5-ad91-7b32412ab708.png,1920000,1290205,629795,0.6719817708333333,0.3280182291666667,"(1200, 1600)"
a6d85204-24b8-4b23-a8b1-c3e8b93f9f22.png,1920000,1445247,474753,0.7527328125,0.2472671875,"(1200, 1600)"
a6e72060-5bde-490c-bdd7-7d9cb0fce7fc.png,2688552,1982174,706378,0.7372645200836733,0.26273547991632673,"(1383, 1944)"
a6f8a029-44ee-4fe3-b807-38d137347729.png,1920000,1703597,216403,0.8872901041666666,0.11270989583333334,"(1200, 1600)"
a6fe423a-5204-4378-bcfa-d6d298a3e9aa.png,1920000,1615645,304355,0.8414817708333333,0.15851822916666666,"(1200, 1600)"
a72cd558-b7ac-4bf2-a344-2ce6c73a354e.png,1920000,1300253,619747,0.6772151041666666,0.3227848958333333,"(1200, 1600)"
a74b6d6a-7e04-40ac-9292-d62f13f7ded3.png,1920000,1231181,688819,0.6412401041666667,0.35875989583333334,"(1200, 1600)"
a7688988-2bcc-4458-83d3-5e482da5f87b.png,1920000,1433710,486290,0.7467239583333334,0.2532760416666667,"(1200, 1600)"
a777e78c-ad1f-4380-9ab2-b4f9f32b2d78.png,1920000,1227621,692379,0.6393859375,0.3606140625,"(1200, 1600)"
a7b6894d-eeea-4ed5-bc0e-785d6c6da8df.png,1920000,1368881,551119,0.7129588541666667,0.28704114583333334,"(1200, 1600)"
a7c3c52f-3b40-4c92-a212-df9462cf25d8.png,1920000,1201889,718111,0.6259838541666667,0.3740161458333333,"(1200, 1600)"
a7c91b63-b97c-4f4b-8d34-7ad2b08d7a17.png,1920000,1240126,679874,0.6458989583333333,0.35410104166666667,"(1200, 1600)"
a7f1bbb1-6058-4642-bd66-cfb90dce762e.png,1920000,1088329,831671,0.5668380208333333,0.43316197916666666,"(1200, 1600)"
a824b499-3736-4581-bbdc-be1b3b4cf756.png,1920000,1402725,517275,0.7305859375,0.2694140625,"(1200, 1600)"
a85cd1ae-0c94-4387-8305-84ab8d96d137.png,1920000,1370458,549542,0.7137802083333333,0.28621979166666667,"(1200, 1600)"
a86e0647-ae41-4b75-9d45-dd58f5ea65f5.png,1920000,1422055,497945,0.7406536458333334,0.2593463541666667,"(1200, 1600)"
a88a48b6-f85c-45c1-b42f-79716c8463f1.png,1920000,1358248,561752,0.7074208333333334,0.29257916666666667,"(1200, 1600)"
a89cace5-c818-4f23-a432-052b3433b81e.png,1920000,1039380,880620,0.54134375,0.45865625,"(1200, 1600)"
a8cb75ba-3f2f-40d8-8bc7-c79ebd1b9603.png,1920000,1218701,701299,0.6347401041666667,0.36525989583333335,"(1200, 1600)"
a9159b11-ba49-4885-902e-00c8d5095b98.png,1920000,1077334,842666,0.5611114583333333,0.4388885416666667,"(1200, 1600)"
a93c35ba-1690-4358-8837-669bcd850bb7.png,1920000,1438537,481463,0.7492380208333334,0.25076197916666665,"(1200, 1600)"
a9daf82a-a46d-4296-bd72-2c374ed0a193.png,1920000,1280386,639614,0.6668677083333333,0.3331322916666667,"(1200, 1600)"
a9feccda-18f2-405e-9aa1-409fa1f49fe4.png,1920000,1460837,459163,0.7608526041666667,0.23914739583333333,"(1200, 1600)"
aa2dfa24-2dc3-4279-a232-f84780ace190.png,1920000,1160546,759454,0.6044510416666666,0.3955489583333333,"(1200, 1600)"
aa3ad405-828e-4986-8251-20fd981f34d3.png,1920000,1322514,597486,0.688809375,0.311190625,"(1200, 1600)"
aa4a023b-55bd-4259-b15d-7086a9b491e0.png,1920000,1543674,376326,0.803996875,0.196003125,"(1200, 1600)"
aa57ec7c-8f35-4990-a790-62efc9df8fe8.png,2688552,2222947,465605,0.8268194180361771,0.1731805819638229,"(1383, 1944)"
aaade430-4c49-4038-97b7-f8cdd937db57.png,1920000,1480634,439366,0.7711635416666667,0.22883645833333333,"(1200, 1600)"
aabca37c-f9ef-4415-aab6-3246caa348e9.png,1920000,1469708,450292,0.7654729166666666,0.23452708333333333,"(1200, 1600)"
ab27173b-6e30-4957-bd68-29194328fd39.png,1920000,976568,943432,0.5086291666666667,0.4913708333333333,"(1200, 1600)"
ab59c9e4-3e50-48b9-874d-060d317410cc.png,1920000,1533259,386741,0.7985723958333333,0.20142760416666666,"(1200, 1600)"
abb2f9d6-26fa-4328-983c-959ef6717c05.png,1920000,1471907,448093,0.7666182291666667,0.23338177083333334,"(1200, 1600)"
abb72ce2-4193-4dd3-a34c-61c2ee22ccff.png,2688552,2151621,536931,0.8002898958249646,0.19971010417503549,"(1383, 1944)"
abf4cf2a-4532-4772-9f0f-9e123cc1713d.png,1920000,1616292,303708,0.84181875,0.15818125,"(1200, 1600)"
ac3358f1-ef9a-4ccc-b66c-da5e47e352e0.png,1920000,860250,1059750,0.448046875,0.551953125,"(1200, 1600)"
ac4d6507-d710-497b-ad7c-e0dd75c1d06d.png,1920000,1514585,405415,0.7888463541666667,0.21115364583333332,"(1200, 1600)"
ac8df764-c8d8-4312-916d-70bfb37574b4.png,1920000,1477493,442507,0.7695276041666667,0.23047239583333334,"(1200, 1600)"
acb16781-11ad-4327-874a-5c9c35dcb085.png,1920000,1507606,412394,0.7852114583333333,0.21478854166666667,"(1200, 1600)"
acdc6e12-73d9-44ba-be8c-2a56aaffef4f.png,1920000,1260615,659385,0.6565703125,0.3434296875,"(1200, 1600)"
ad36bd67-594b-4f63-93e3-886af0bc618e.png,1920000,1043780,876220,0.5436354166666667,0.45636458333333335,"(1200, 1600)"
ad8731b7-0dae-4983-9dc6-dec31767d761.png,1920000,1472905,447095,0.7671380208333334,0.23286197916666668,"(1200, 1600)"
adff132d-3af0-4cef-942c-58fc09729bee.png,1920000,1192991,727009,0.6213494791666667,0.37865052083333334,"(1200, 1600)"
adff6e1d-ba9d-4c7b-a8fe-1ec458eaeeb8.png,1920000,1431480,488520,0.7455625,0.2544375,"(1200, 1600)"
ae17a099-18b5-4a42-a901-850ea056423e.png,1920000,1466097,453903,0.7635921875,0.2364078125,"(1200, 1600)"
ae779806-6d01-4dc6-89df-294c368db6bc.png,1920000,1343584,576416,0.6997833333333333,0.3002166666666667,"(1200, 1600)"
af2e63a3-9fde-46aa-a867-81c5c259d1dc.png,1920000,1191267,728733,0.6204515625,0.3795484375,"(1200, 1600)"
afa470d9-c74c-41cd-b4dc-7bf93fde8263.png,1920000,1512461,407539,0.7877401041666666,0.21225989583333332,"(1200, 1600)"
afbb264e-ff60-443a-83f5-49d09be1b835.png,1920000,1425854,494146,0.7426322916666667,0.25736770833333333,"(1200, 1600)"
afd39466-aafa-4d81-9520-483727418723.png,1920000,1276323,643677,0.6647515625,0.3352484375,"(1200, 1600)"
affa429c-0315-4c18-a002-13bb3ecab259.png,1920000,1531873,388127,0.7978505208333333,0.20214947916666667,"(1200, 1600)"
b02f6804-1697-4a5e-9be7-61931903ab55.png,1920000,1709806,210194,0.8905239583333333,0.10947604166666666,"(1200, 1600)"
b10ea12f-cd36-4f2c-994a-67d1665269ab.png,1920000,770362,1149638,0.40123020833333334,0.5987697916666667,"(1200, 1600)"
b1100ae1-0ac8-4fc2-b0ff-8819f7fbe724.png,1920000,1338696,581304,0.6972375,0.3027625,"(1200, 1600)"
b1145408-feae-4637-b4cf-3e70b99cc62d.png,1920000,1245564,674436,0.64873125,0.35126875,"(1200, 1600)"
b12ae3b1-613c-4c0e-9163-3c5cc314abf5.png,1920000,1351961,568039,0.7041463541666667,0.29585364583333335,"(1200, 1600)"
b197093e-2928-46a4-8e35-fa5ea7ea6dac.png,1920000,1640434,279566,0.8543927083333334,0.14560729166666667,"(1200, 1600)"
b1d312cf-1f52-4955-bf42-58d3664c254a.png,2688552,2175493,513059,0.8091690248133567,0.19083097518664321,"(1383, 1944)"
b2103776-9b32-4160-b4f0-0692deda19dc.png,1920000,1299962,620038,0.6770635416666667,0.32293645833333334,"(1200, 1600)"
b21f6c6e-4b45-407a-b4c7-034a115f3ee4.png,1920000,1214814,705186,0.632715625,0.367284375,"(1200, 1600)"
b234b6ea-b54d-470c-8461-ba7f4a024796.png,1920000,1334162,585838,0.6948760416666667,0.30512395833333333,"(1200, 1600)"
b2e34f5f-904e-4473-9dc7-c6bc1ce12640.png,1920000,688279,1231721,0.35847864583333333,0.6415213541666667,"(1200, 1600)"
b2f05937-b965-4c4b-b86e-f50e95d9d691.png,1920000,1499516,420484,0.7809979166666666,0.21900208333333335,"(1200, 1600)"
b3058064-d817-47dd-a8c4-cdb1f62374f8.png,1920000,1323087,596913,0.6891078125,0.3108921875,"(1200, 1600)"
b318889c-3c60-477c-b8f6-d18cb01a59df.png,1920000,1198967,721033,0.6244619791666667,0.3755380208333333,"(1200, 1600)"
b338766f-19b9-4874-bcc5-ae22b3c533e6.png,1920000,1509309,410691,0.7860984375,0.2139015625,"(1200, 1600)"
b34e65f6-c32e-42f1-a437-4a037c75a231.png,1920000,1448087,471913,0.7542119791666667,0.24578802083333334,"(1200, 1600)"
b3606d0e-6fe5-478a-bb4b-64d7c4889d86.png,1920000,1610062,309938,0.8385739583333334,0.16142604166666666,"(1200, 1600)"
b4261fa5-876d-48ea-b6da-ec7ca5b48fe2.png,1920000,1215230,704770,0.6329322916666666,0.36706770833333335,"(1200, 1600)"
b426ef1d-4a59-4f90-b593-50226af60a60.png,1920000,1263570,656430,0.658109375,0.341890625,"(1200, 1600)"
b47c1011-0cc6-400d-9300-1c72f873a6e5.png,2688552,2011883,676669,0.748314706206166,0.25168529379383403,"(1383, 1944)"
b4bde4e8-f48b-4ae2-be01-86d8c91d0af9.png,1920000,1390617,529383,0.7242796875,0.2757203125,"(1200, 1600)"
b4c52960-bbee-439e-83dc-f89ddaade71b.png,1920000,1580758,339242,0.8233114583333333,0.17668854166666667,"(1200, 1600)"
b4d22412-a495-43a9-bec0-73a2322f8dad.png,1920000,806779,1113221,0.4201973958333333,0.5798026041666666,"(1200, 1600)"
b4dc3088-3fe2-4688-be24-70664a64e022.png,1920000,1375549,544451,0.7164317708333333,0.2835682291666667,"(1200, 1600)"
b4e5e08d-6427-46f3-aca8-a4df165a151d.png,1920000,1395705,524295,0.7269296875,0.2730703125,"(1200, 1600)"
b4f3b2a4-f4b9-48de-ac5d-0e681b77be27.png,1920000,906741,1013259,0.4722609375,0.5277390625,"(1200, 1600)"
b5143aae-6e98-4dc6-b546-980cb472de67.png,1920000,769610,1150390,0.40083854166666666,0.5991614583333333,"(1200, 1600)"
b523daee-317b-461d-bdc1-07b4add4d488.png,1920000,1358449,561551,0.7075255208333333,0.2924744791666667,"(1200, 1600)"
b5246b58-6f40-4c9e-8024-f49b0ed6bdbd.png,1920000,1214679,705321,0.6326453125,0.3673546875,"(1200, 1600)"
b5513d5b-46fc-4f44-a616-791087fbd608.png,1920000,1487491,432509,0.7747348958333333,0.22526510416666667,"(1200, 1600)"
b59dc3a0-3d54-4e3b-a485-33b3e43966de.png,1920000,1264497,655503,0.6585921875,0.3414078125,"(1200, 1600)"
b5acf759-1115-42f0-a753-656736192528.png,1920000,1187615,732385,0.6185494791666667,0.3814505208333333,"(1200, 1600)"
b600b38d-225b-46a5-b6f8-b607430f6a10.png,1920000,1488136,431864,0.7750708333333334,0.22492916666666668,"(1200, 1600)"
b618e87e-6059-496f-b0f6-e158f676a1fb.png,1920000,1735625,184375,0.9039713541666666,0.09602864583333333,"(1200, 1600)"
b62d47f9-2ff5-4902-abdc-b3610acfc7ba.png,1920000,1394569,525431,0.7263380208333333,0.2736619791666667,"(1200, 1600)"
b634137b-bc8b-4e88-b0e3-b536ad6e7e18.png,1920000,1142294,777706,0.5949447916666667,0.40505520833333336,"(1200, 1600)"
b6364a57-72a9-43f3-8d02-9f53a992dc95.png,1920000,1355908,564092,0.7062020833333333,0.29379791666666666,"(1200, 1600)"
b6573be3-9e04-49c3-9f48-6a145d065363.png,1920000,1385515,534485,0.7216223958333333,0.2783776041666667,"(1200, 1600)"
b666fcc2-d0b2-441e-bc5a-c660345eeb5d.png,1920000,1357185,562815,0.7068671875,0.2931328125,"(1200, 1600)"
b687c30d-cf15-445c-b3f6-5aca86584708.png,1920000,1513847,406153,0.7884619791666667,0.21153802083333334,"(1200, 1600)"
b6fe541f-3be2-41a8-8124-757fc1ad875e.png,2688552,2193885,494667,0.8160098818992528,0.18399011810074717,"(1383, 1944)"
b701b5c5-b922-4315-b12a-aac4ec65ee8b.png,1920000,1174102,745898,0.6115114583333333,0.3884885416666667,"(1200, 1600)"
b78b88f0-154a-4b54-8aaf-85d37a42a0f9.png,1920000,1521571,398429,0.7924848958333334,0.20751510416666666,"(1200, 1600)"
b78ba2c8-ecb3-45b2-9cda-2c8088fa95d1.png,1920000,1345129,574871,0.7005880208333334,0.2994119791666667,"(1200, 1600)"
b7a0d235-2217-43b4-aeff-cde4ccaf6789.png,1920000,1487906,432094,0.7749510416666666,0.22504895833333333,"(1200, 1600)"
b7d0ae11-a393-4aec-8f68-6ba07147f78a.png,1920000,1319922,600078,0.687459375,0.312540625,"(1200, 1600)"
b7f1a1eb-c150-4456-9c47-e7db8a5cb77a.png,1920000,1504489,415511,0.7835880208333333,0.21641197916666666,"(1200, 1600)"
b809b407-7b69-4334-873d-d6c49135f04a.png,1920000,1534367,385633,0.7991494791666667,0.20085052083333332,"(1200, 1600)"
b8339d7b-85ec-48d0-83e8-c8f831070459.png,1920000,1466003,453997,0.7635432291666666,0.23645677083333333,"(1200, 1600)"
b834cbf7-ff97-49d9-9561-566c9343735c.png,1920000,1376706,543294,0.717034375,0.282965625,"(1200, 1600)"
b8410821-a42b-47d0-8bcf-c2fc82e4e2d5.png,1920000,1718991,201009,0.8953078125,0.1046921875,"(1200, 1600)"
b85fc640-de49-4f7e-afc0-978ff020f2e2.png,1920000,1340259,579741,0.6980515625,0.3019484375,"(1200, 1600)"
b87fb62d-2c36-4f68-aba9-37fcd7d46eef.png,1920000,1261317,658683,0.6569359375,0.3430640625,"(1200, 1600)"
b88fe674-fb9a-41d4-b100-cb1c86440d44.png,1920000,1322771,597229,0.6889432291666666,0.31105677083333333,"(1200, 1600)"
b8a4d467-c40c-4ebf-91dd-1c19d0f2a7ae.png,1920000,1144919,775081,0.5963119791666667,0.4036880208333333,"(1200, 1600)"
b8dd6125-5027-47e2-a283-14e199274c80.png,1920000,1615639,304361,0.8414786458333333,0.15852135416666666,"(1200, 1600)"
b901c906-91be-48c4-88ec-2c527544a258.png,1920000,1194613,725387,0.6221942708333333,0.37780572916666666,"(1200, 1600)"
b9025f55-789d-4acb-9c0a-34e877c95c5c.png,2688552,1232288,1456264,0.45834635149329456,0.5416536485067055,"(1383, 1944)"
b910c1db-9c66-4207-892f-18a03ecc75bc.png,2688552,1855109,833443,0.690003020213111,0.309996979786889,"(1383, 1944)"
b91b1641-ee06-44d8-94cc-24cdb583cc37.png,1920000,1519609,400391,0.7914630208333333,0.20853697916666666,"(1200, 1600)"
b95ceeeb-8870-4492-9037-2091ff268c5a.png,1920000,1370242,549758,0.7136677083333334,0.2863322916666667,"(1200, 1600)"
b9c6db13-ca3a-4937-8ecf-e537047ed858.png,1920000,1538243,381757,0.8011682291666666,0.19883177083333334,"(1200, 1600)"
b9ccf7ca-953f-4832-9575-5e70b2a8c224.png,1920000,1108156,811844,0.5771645833333333,0.4228354166666667,"(1200, 1600)"
b9d65ef3-1adc-4479-abee-2e422f5a613a.png,1920000,1408381,511619,0.7335317708333333,0.2664682291666667,"(1200, 1600)"
b9de8b1a-f96a-4eb5-bc05-84ad43a054f3.png,1920000,1590598,329402,0.8284364583333333,0.17156354166666668,"(1200, 1600)"
baa87bf8-786c-444c-81e8-9fa0a41d8149.png,1920000,1434880,485120,0.7473333333333333,0.25266666666666665,"(1200, 1600)"
baab0701-3fd4-4940-8b90-b9c42d95888f.png,2688552,1704064,984488,0.6338222210319905,0.36617777896800957,"(1383, 1944)"
bb137718-20ba-457d-8ffe-4f9420ecaab6.png,1920000,1504631,415369,0.7836619791666667,0.21633802083333334,"(1200, 1600)"
bb2042c5-35e1-43cc-8171-7de81b764361.png,1920000,1377451,542549,0.7174223958333333,0.28257760416666666,"(1200, 1600)"
bb337c84-f727-42a5-9c3d-934323a16c6a.png,1920000,1546697,373303,0.8055713541666667,0.19442864583333333,"(1200, 1600)"
bb3ae957-0f6d-4615-bfe5-24fbca50b459.png,1920000,1385891,534109,0.7218182291666667,0.27818177083333334,"(1200, 1600)"
bb795ddf-ce72-42d5-9006-124db4d5cf1c.png,1920000,1415744,504256,0.7373666666666666,0.26263333333333333,"(1200, 1600)"
bbaa004f-05dc-4cb8-8768-e148085bb0f9.png,1920000,1427743,492257,0.7436161458333334,0.25638385416666665,"(1200, 1600)"
bbe65c18-8a56-4dfe-875c-94e124a84125.png,1920000,1347944,572056,0.7020541666666666,0.29794583333333335,"(1200, 1600)"
bbecf1a8-a728-4c83-87f8-4dfbac0a1e03.png,1920000,1220722,699278,0.6357927083333333,0.36420729166666665,"(1200, 1600)"
bbedfcbe-9528-4ba9-9d86-4ebba7589ac5.png,1920000,1319758,600242,0.6873739583333334,0.3126260416666667,"(1200, 1600)"
bbf687b5-c6f9-4821-b2e5-a25df1acba47.png,1920000,1782083,137917,0.9281682291666666,0.07183177083333334,"(1200, 1600)"
bc1a58fd-736b-4812-a051-2c376cff50b7.png,1920000,1729509,190491,0.9007859375,0.0992140625,"(1200, 1600)"
bc377041-e098-45c4-9651-2b1ea90d1d7e.png,1920000,1314432,605568,0.6846,0.3154,"(1200, 1600)"
bc820fb6-5ba8-4438-affe-e250d2ad5eb0.png,2688552,1831064,857488,0.6810595443197677,0.3189404556802323,"(1383, 1944)"
bc832bde-d3ea-4a8e-be90-7a3329dcc314.png,1920000,1449072,470928,0.754725,0.245275,"(1200, 1600)"
bca27923-b270-45df-a0bf-3e1a7d135b2c.png,1920000,1709409,210591,0.8903171875,0.1096828125,"(1200, 1600)"
bcaefb02-682a-41b9-acc7-e6cc010f5b30.png,1920000,1238892,681108,0.64525625,0.35474375,"(1200, 1600)"
bcb447c9-5d37-414f-a513-d7076b04a532.png,1920000,741254,1178746,0.38606979166666666,0.6139302083333333,"(1200, 1600)"
bd432159-5956-457c-bdeb-1b5e702ba513.png,1920000,1184541,735459,0.6169484375,0.3830515625,"(1200, 1600)"
bd4da4f8-8996-47e0-a4e5-a3da5717441e.png,2688552,2499934,188618,0.9298440201268192,0.0701559798731808,"(1383, 1944)"
bd7937db-fca2-44d0-8538-460110210927.png,1920000,894415,1025585,0.46584114583333336,0.5341588541666666,"(1200, 1600)"
bd856928-96ee-4fc4-a377-f2fc4e84448b.png,1920000,1409105,510895,0.7339088541666666,0.2660911458333333,"(1200, 1600)"
bdb5d571-27bc-4a42-ae45-aa5a9af40a81.png,1920000,1355140,564860,0.7058020833333334,0.29419791666666667,"(1200, 1600)"
bdfbad30-fa2f-4285-bf02-6064ab6d869c.png,2688552,2108829,579723,0.7843735215089759,0.21562647849102418,"(1383, 1944)"
be5bb7d0-7c3f-4bb9-8bb4-f8bc8d875943.png,1920000,1217265,702735,0.6339921875,0.3660078125,"(1200, 1600)"
be6fe358-dee1-4dcf-9b0d-5d8612aba577.png,1920000,1430259,489741,0.7449265625,0.2550734375,"(1200, 1600)"
be779f52-0bfa-4c01-a16f-b7f0bc92ed7c.png,1920000,1478698,441302,0.7701552083333333,0.22984479166666666,"(1200, 1600)"
befe6182-266b-4f8a-ac82-3a4154f05f60.png,1920000,1603701,316299,0.8352609375,0.1647390625,"(1200, 1600)"
bf002a25-6535-4621-be19-56d468be5413.png,1920000,1200583,719417,0.6253036458333333,0.3746963541666667,"(1200, 1600)"
bf20d04d-ff8a-4910-91d7-94054c267d1b.png,1920000,1472810,447190,0.7670885416666666,0.23291145833333332,"(1200, 1600)"
bfbf234a-cbc4-4d00-ab7f-9043d1304b41.png,2688552,2055264,633288,0.7644501575569302,0.23554984244306973,"(1383, 1944)"
bfc61c48-685d-470b-86b1-e4c7eb85c4fd.png,1920000,1477176,442824,0.7693625,0.2306375,"(1200, 1600)"
bfe65b11-8aff-46aa-908b-1e989d25fdc4.png,1920000,1142490,777510,0.595046875,0.404953125,"(1200, 1600)"
bfefa21c-11e1-4dab-ac5d-8ff6f046d65f.png,1920000,1407535,512465,0.7330911458333333,0.26690885416666665,"(1200, 1600)"
c03d9b87-e19b-402b-ad86-b30d6e8aeb59.png,1920000,1246017,673983,0.6489671875,0.3510328125,"(1200, 1600)"
c0c3041f-78cd-46de-8e36-0a7dad0c04c4.png,1920000,1633934,286066,0.8510072916666667,0.14899270833333333,"(1200, 1600)"
c10b125d-10c2-474a-9c6a-5249935c638e.png,1920000,1474445,445555,0.7679401041666667,0.23205989583333334,"(1200, 1600)"
c11081a1-4fd9-4003-8bd9-0727eae62d0a.png,2688552,2209747,478805,0.8219097119936679,0.17809028800633203,"(1383, 1944)"
c118ff18-f9f2-4617-bddb-dc4091fb8f5f.png,1920000,1526185,393815,0.7948880208333333,0.20511197916666668,"(1200, 1600)"
c1423156-82b3-4dd3-8e74-08eb7ed8e1d6.png,1920000,1429289,490711,0.7444213541666667,0.25557864583333334,"(1200, 1600)"
c147584d-4c61-412a-bdaf-b02b22c18708.png,1920000,1395305,524695,0.7267213541666667,0.27327864583333333,"(1200, 1600)"
c17523c5-90a0-4a6b-9b33-2b4a6cf58d36.png,1920000,1210040,709960,0.6302291666666666,0.3697708333333333,"(1200, 1600)"
c186dcd1-af61-455f-9619-1fdd8c881b06.png,1920000,1403086,516914,0.7307739583333334,0.2692260416666667,"(1200, 1600)"
c22f7031-9cf8-48ce-b03b-1b12d0db4951.png,1920000,765994,1154006,0.3989552083333333,0.6010447916666667,"(1200, 1600)"
c244166d-12ca-445f-9ed9-a13d9caa412f.png,1920000,1511837,408163,0.7874151041666667,0.21258489583333334,"(1200, 1600)"
c2ec116f-f091-422c-926c-70b548a8f6ef.png,1920000,721115,1198885,0.3755807291666667,0.6244192708333334,"(1200, 1600)"
c3042130-a6e2-458f-9fde-bb012f68f5f2.png,1920000,1385593,534407,0.7216630208333333,0.27833697916666666,"(1200, 1600)"
c3209548-7f7c-4afd-b47c-b42a72b1ebf7.png,1920000,1726887,193113,0.8994203125,0.1005796875,"(1200, 1600)"
c3215597-a032-46be-9058-d6de1e5191d7.png,1920000,1495875,424125,0.7791015625,0.2208984375,"(1200, 1600)"
c328260d-bafa-4aaa-9e7a-79bc165d7fdb.png,2688552,2217498,471054,0.8247926765039322,0.17520732349606777,"(1383, 1944)"
c32b8bb8-c89d-4ae9-9c77-5b9356ca35a1.png,1920000,798389,1121611,0.41582760416666664,0.5841723958333334,"(1200, 1600)"
c35ee701-fde2-46b5-b178-1fe3f1ea7da2.png,1920000,1123500,796500,0.58515625,0.41484375,"(1200, 1600)"
c3631a04-b757-407b-8e7e-1ed3a6c463d4.png,2688552,2212256,476296,0.8228429280891721,0.17715707191082783,"(1383, 1944)"
c3ae7090-fc68-41b4-85a1-8d9bce9825a7.png,1920000,1261803,658197,0.6571890625,0.3428109375,"(1200, 1600)"
c3b07675-9d02-477c-91fe-f0737867049b.png,1920000,1406479,513521,0.7325411458333333,0.26745885416666665,"(1200, 1600)"
c415532c-4cce-4580-9fcd-623c172a1abd.png,1920000,1457237,462763,0.7589776041666667,0.24102239583333335,"(1200, 1600)"
c442e2d6-aaf9-417a-9905-4737a1115f33.png,1920000,946337,973663,0.4928838541666667,0.5071161458333333,"(1200, 1600)"
c4494d4f-732f-431a-8a9d-62403f0b74fe.png,1920000,1297897,622103,0.6759880208333333,0.3240119791666667,"(1200, 1600)"
c4c7ed75-dbdf-4bb6-b6ba-718903cf7264.png,1920000,1424224,495776,0.7417833333333334,0.25821666666666665,"(1200, 1600)"
c4d34e35-4db2-41de-ba77-1a94aa9ef788.png,1920000,1009816,910184,0.5259458333333333,0.47405416666666667,"(1200, 1600)"
c5084fb8-2b62-464c-8a77-1a07ea653266.png,1920000,1315658,604342,0.6852385416666666,0.31476145833333335,"(1200, 1600)"
c52f8cc8-afd7-441c-9f1f-18b6e16d79cf.png,1920000,1498944,421056,0.7807,0.2193,"(1200, 1600)"
c53fd511-31bd-4901-baac-3b44891f6744.png,1920000,1474727,445273,0.7680869791666667,0.23191302083333334,"(1200, 1600)"
c54fcef1-0c51-4426-9a93-15ec5f2bf58a.png,1920000,1555724,364276,0.8102729166666667,0.18972708333333332,"(1200, 1600)"
c5acd0ad-b0f2-478d-b0ad-5aa733aa7b32.png,1920000,1490969,429031,0.7765463541666666,0.22345364583333333,"(1200, 1600)"
c5db0fc0-b96c-496e-90b4-f9fb1b85b28e.png,1920000,1377497,542503,0.7174463541666667,0.2825536458333333,"(1200, 1600)"
c63f190a-e860-44fc-a2db-7980e1c80519.png,1920000,1486477,433523,0.7742067708333333,0.22579322916666666,"(1200, 1600)"
c649e1cb-4029-4433-b231-d67d68f7391a.png,1920000,1448986,471014,0.7546802083333334,0.24531979166666668,"(1200, 1600)"
c6530038-6d4e-49e1-8427-d1d3acc9fa21.png,1920000,1157803,762197,0.6030223958333333,0.39697760416666666,"(1200, 1600)"
c6575e75-c8ce-4766-841f-1137b9e0956c.png,1920000,1440678,479322,0.750353125,0.249646875,"(1200, 1600)"
c66a3e52-0f3f-4c81-bab9-0303499549f7.png,1920000,1492444,427556,0.7773145833333334,0.22268541666666666,"(1200, 1600)"
c66cb6b2-1480-446a-a9d2-b8032a3de0d7.png,1920000,1057122,862878,0.550584375,0.449415625,"(1200, 1600)"
c680004e-6ee2-43d7-877c-edc9b5ebeecc.png,1920000,1183956,736044,0.61664375,0.38335625,"(1200, 1600)"
c6807595-100a-4aa1-a5f6-882a20ca3d32.png,2688552,2291791,396761,0.852425766732427,0.14757423326757302,"(1383, 1944)"
c691c8ef-d3c7-47b6-a941-f6a1089f21a9.png,1920000,1140994,779006,0.5942677083333333,0.4057322916666667,"(1200, 1600)"
c6ab535c-30e5-4b6b-8273-1ec8d78cdd13.png,1920000,1394345,525655,0.7262213541666667,0.27377864583333333,"(1200, 1600)"
c6d97845-8ad2-4ab7-b385-66613628df5b.png,1920000,1718894,201106,0.8952572916666667,0.10474270833333334,"(1200, 1600)"
c7045ab6-230e-4c1e-a8e0-f624d41a00d9.png,1920000,1569699,350301,0.8175515625,0.1824484375,"(1200, 1600)"
c70894fa-50e8-4eed-a5a8-159a20153a49.png,2688552,1518278,1170274,0.5647195962733843,0.43528040372661564,"(1383, 1944)"
c736848a-437c-4121-b99f-58f186eb3a1d.png,2688552,2280738,407814,0.8483146318166805,0.15168536818331949,"(1383, 1944)"
c742ee2c-6814-46cd-af56-ae87bb9972f4.png,1920000,1402776,517224,0.7306125,0.2693875,"(1200, 1600)"
c776eb78-3323-4571-b39f-7ffc73ae63ce.png,1920000,1395848,524152,0.7270041666666667,0.2729958333333333,"(1200, 1600)"
c7a2d648-47cb-4b39-afa4-1b7fcfe51934.png,1920000,1546932,373068,0.80569375,0.19430625,"(1200, 1600)"
c7c1b873-0548-4a73-9618-f60912e164df.png,1920000,731733,1188267,0.3811109375,0.6188890625,"(1200, 1600)"
c7ec51d5-9f45-4209-8357-39e9a984a733.png,1920000,1474701,445299,0.7680734375,0.2319265625,"(1200, 1600)"
c84edeb4-311c-4e82-88f9-ae0505b3ad13.png,1920000,1194426,725574,0.622096875,0.377903125,"(1200, 1600)"
c890ee00-daa5-4b20-9cd5-930748ecc4e0.png,1920000,1293272,626728,0.6735791666666666,0.3264208333333333,"(1200, 1600)"
c8af0297-ce1f-40ea-bf44-9256dcdae4e9.png,1920000,1424617,495383,0.7419880208333334,0.2580119791666667,"(1200, 1600)"
c8d1b7ec-be9f-4c88-a39b-2c6bf46b2998.png,2688552,2044549,644003,0.7604647408716663,0.23953525912833376,"(1383, 1944)"
c8fd1336-dd0a-4f97-abbf-be2c18b91e02.png,1920000,1653000,267000,0.8609375,0.1390625,"(1200, 1600)"
c94827ce-d619-4705-a68a-df63a2c95ffa.png,1920000,1397344,522656,0.7277833333333333,0.27221666666666666,"(1200, 1600)"
c9499a06-fb31-4552-a9e2-fb4ebb440859.png,1920000,1657230,262770,0.863140625,0.136859375,"(1200, 1600)"
c94a5851-b846-4fde-8c89-05bec3a8ac53.png,1920000,1303819,616181,0.6790723958333333,0.32092760416666666,"(1200, 1600)"
c956e531-6805-4fe1-b61c-8b96a9815a77.png,1920000,1205814,714186,0.628028125,0.371971875,"(1200, 1600)"
c9ad92d4-b408-4506-916e-def47b2e6ed0.png,1920000,1469867,450133,0.7655557291666667,0.23444427083333333,"(1200, 1600)"
ca16a5ad-b106-4e84-8a43-178710e854ba.png,1920000,1357546,562454,0.7070552083333334,0.29294479166666665,"(1200, 1600)"
ca5e6a15-ba65-48ea-8913-2d986e71bf3a.png,1920000,1537116,382884,0.80058125,0.19941875,"(1200, 1600)"
ca677c3c-083f-4d54-9dec-39f79f6a17d8.png,1920000,1072353,847647,0.5585171875,0.4414828125,"(1200, 1600)"
ca734448-0d52-42fa-b41c-17b2939e58ae.png,1920000,1019750,900250,0.5311197916666667,0.4688802083333333,"(1200, 1600)"
ca9626bc-21a4-46f4-ba94-e7ee7a4cf735.png,1920000,1319499,600501,0.6872390625,0.3127609375,"(1200, 1600)"
caeb2d62-1166-43f0-8eac-5b8fc48f02eb.png,1920000,1297030,622970,0.6755364583333333,0.3244635416666667,"(1200, 1600)"
cb08956d-dd6a-4e13-817b-40a0a93068f1.png,1920000,1271528,648472,0.6622541666666667,0.33774583333333336,"(1200, 1600)"
cb2fac19-90b0-48b4-bdc5-7dbbd58756d1.png,1920000,1441097,478903,0.7505713541666666,0.24942864583333332,"(1200, 1600)"
cbb58718-6319-48db-b84b-78ac9b12ff89.png,1920000,1271804,648196,0.6623979166666667,0.33760208333333336,"(1200, 1600)"
cbde7f7e-2458-4dda-9db2-3d5ccf950ced.png,1920000,1216334,703666,0.6335072916666666,0.3664927083333333,"(1200, 1600)"
cbec07ed-69d3-40e7-8b04-b3bd6680885b.png,1920000,1387259,532741,0.7225307291666667,0.27746927083333334,"(1200, 1600)"
cc275c45-7511-4070-84af-10b8ffebda53.png,1920000,1522579,397421,0.7930098958333334,0.20699010416666666,"(1200, 1600)"
cc453255-b583-425e-bc3e-284ccf120944.png,2688552,2302894,385658,0.8565554990195465,0.14344450098045342,"(1383, 1944)"
cc882eae-a341-4783-bd19-8bdedf798538.png,1920000,1394429,525571,0.7262651041666667,0.2737348958333333,"(1200, 1600)"
cc94eabb-a3dc-4cfc-9fff-55c76b5b4a71.png,1920000,1195472,724528,0.6226416666666666,0.37735833333333335,"(1200, 1600)"
ccb4b13d-ab20-4222-892f-5adf70249aaa.png,1920000,1352025,567975,0.7041796875,0.2958203125,"(1200, 1600)"
cd2774a0-dab2-4d68-aae9-7568b9f3d2a6.png,1920000,1227971,692029,0.6395682291666667,0.36043177083333333,"(1200, 1600)"
cdb086a8-2bf8-4436-b1ef-96cdd801f247.png,1920000,1671323,248677,0.8704807291666666,0.12951927083333334,"(1200, 1600)"
cea1cd9b-9b03-407b-ad8d-348155567dab.png,2688552,1740466,948086,0.6473618512864917,0.35263814871350824,"(1383, 1944)"
cecbf663-0751-4e7f-b298-770c88afc2c1.png,1920000,1184099,735901,0.6167182291666666,0.3832817708333333,"(1200, 1600)"
cf90d82f-2814-4fb7-a3ff-a86b7c5efca7.png,1920000,1551537,368463,0.8080921875,0.1919078125,"(1200, 1600)"
cfab01d3-0616-4efb-9290-11f0fd8bf5a3.png,1920000,1711529,208471,0.8914213541666667,0.10857864583333333,"(1200, 1600)"
cfe6086f-eb0b-4cb0-a430-8cd7de6556e2.png,1920000,1218247,701753,0.6345036458333333,0.36549635416666665,"(1200, 1600)"
d0347b49-8f98-4632-a384-1a4f57ac6374.png,1920000,1275365,644635,0.6642526041666666,0.33574739583333335,"(1200, 1600)"
d09eed76-e09b-4d90-b8f0-5a801beae41c.png,1920000,1666985,253015,0.8682213541666667,0.13177864583333335,"(1200, 1600)"
d0d3ae45-b434-4869-a518-427320ebe62d.png,1920000,1492556,427444,0.7773729166666666,0.22262708333333334,"(1200, 1600)"
d1144956-5a0c-4bd2-b67d-8498c82d6a12.png,1920000,1473592,446408,0.7674958333333334,0.23250416666666668,"(1200, 1600)"
d12c5f45-6b20-46d6-a66f-c5a4683c25b3.png,1920000,1473642,446358,0.767521875,0.232478125,"(1200, 1600)"
d1394e1a-dedd-4458-a024-044dae2cd69d.png,2688552,2039653,648899,0.7586436862668083,0.2413563137331917,"(1383, 1944)"
d1617cf7-eb56-42ee-85af-66c4748753c0.png,1920000,1546503,373497,0.8054703125,0.1945296875,"(1200, 1600)"
d1924af6-7512-4ccc-9c6b-adbbaa8db41f.png,1920000,1274908,645092,0.6640145833333333,0.33598541666666665,"(1200, 1600)"
d1b48634-9ad5-46e8-b816-42d1d97c93cd.png,1920000,1225148,694852,0.6380979166666667,0.36190208333333335,"(1200, 1600)"
d31dd2c0-ae8e-4499-86bb-7cabb6e438b9.png,1920000,1455309,464691,0.7579734375,0.2420265625,"(1200, 1600)"
d32022fa-e492-4b31-a776-9435cfdef6d6.png,1920000,1530794,389206,0.7972885416666666,0.20271145833333334,"(1200, 1600)"
d3283f5b-3b3a-40ea-800b-79960ca851cb.png,1920000,1368244,551756,0.7126270833333334,0.28737291666666664,"(1200, 1600)"
d33bc9fc-3444-4f26-8082-307f9fccc52b.png,1920000,1642301,277699,0.8553651041666667,0.14463489583333333,"(1200, 1600)"
d3b79739-aea2-4804-8c7a-183b7ed07de3.png,1920000,1366402,553598,0.7116677083333334,0.2883322916666667,"(1200, 1600)"
d3dcdf92-9328-4796-adf4-918646877ba1.png,1920000,1217182,702818,0.6339489583333333,0.3660510416666667,"(1200, 1600)"
d3ed519e-2152-4e30-838d-a3ea23be512f.png,1920000,1299847,620153,0.6770036458333333,0.32299635416666667,"(1200, 1600)"
d47cd049-d78b-4ba3-a7d4-399be4dd1dde.png,1920000,1516443,403557,0.7898140625,0.2101859375,"(1200, 1600)"
d4fef0c5-6597-48b6-97e9-32ed504488e6.png,1920000,1725665,194335,0.8987838541666666,0.10121614583333334,"(1200, 1600)"
d5009906-bce1-4353-90b4-f4c79362f4cf.png,1920000,1322111,597889,0.6885994791666666,0.31140052083333336,"(1200, 1600)"
d532e31c-10ce-4313-9a36-bd5e01230254.png,1920000,1527979,392021,0.7958223958333334,0.20417760416666667,"(1200, 1600)"
d57b3894-c912-47e8-b00a-e1a2a7aba644.png,1920000,1365253,554747,0.7110692708333334,0.2889307291666667,"(1200, 1600)"
d615b706-8f50-4d96-8de5-6858897528d0.png,1920000,1544928,375072,0.80465,0.19535,"(1200, 1600)"
d6352a03-ef81-421d-915e-226499555d20.png,1920000,1250921,669079,0.6515213541666667,0.3484786458333333,"(1200, 1600)"
d64cd75a-df26-44d5-ac25-69061a4e4d57.png,1920000,1354356,565644,0.70539375,0.29460625,"(1200, 1600)"
d67398c5-8b0e-463f-a04e-8583c820786c.png,1920000,1406641,513359,0.7326255208333333,0.2673744791666667,"(1200, 1600)"
d67655e6-0a80-4a86-b552-1f5e85788377.png,1920000,1366244,553756,0.7115854166666666,0.2884145833333333,"(1200, 1600)"
d67fb447-4dd7-4a82-a305-2b70927b69bb.png,1920000,1684277,235723,0.8772276041666667,0.12277239583333334,"(1200, 1600)"
d6942996-5664-4370-ad87-2bdcbd49ac16.png,1920000,1030700,889300,0.5368229166666667,0.46317708333333335,"(1200, 1600)"
d7581cb0-7a12-471d-a3d8-68dcea362213.png,1920000,1362825,557175,0.7098046875,0.2901953125,"(1200, 1600)"
d75933ed-d26e-4d1f-bda3-96bc0d77fb36.png,1920000,1408221,511779,0.7334484375,0.2665515625,"(1200, 1600)"
d79b4e90-c45d-4f5d-a498-49c3e323c291.png,1920000,1061576,858424,0.5529041666666666,0.44709583333333336,"(1200, 1600)"
d7c7eb2c-2acd-4f86-8a5a-09ab3dd02d16.png,1920000,1137445,782555,0.5924192708333333,0.40758072916666666,"(1200, 1600)"
d82c657e-5678-41da-9a6e-3ad29430b759.png,1920000,1513774,406226,0.7884239583333333,0.21157604166666666,"(1200, 1600)"
d8632217-ec33-4d0a-98e6-427824c58869.png,1920000,1178233,741767,0.6136630208333334,0.38633697916666665,"(1200, 1600)"
d8f7e159-b7e3-49e4-86e8-aed8c5fbcd97.png,1920000,838296,1081704,0.4366125,0.5633875,"(1200, 1600)"
d9255d7f-1282-442d-b152-73d7388526f9.png,2688552,1880982,807570,0.6996264160038563,0.30037358399614367,"(1383, 1944)"
d9345456-b76d-46cc-b81e-46d4a0a7b652.png,1920000,1259275,660725,0.6558723958333333,0.34412760416666666,"(1200, 1600)"
d997337e-e4a8-4ef0-b8ba-975e6c43b62c.png,1920000,1410424,509576,0.7345958333333333,0.26540416666666666,"(1200, 1600)"
d9c9479e-f1ea-4d6e-861f-843ff9a90d19.png,1920000,1264231,655769,0.6584536458333333,0.3415463541666667,"(1200, 1600)"
d9ecacb0-14c7-4862-930b-18bb51d5f392.png,2688552,2111500,577052,0.7853669930877291,0.214633006912271,"(1383, 1944)"
da111ca5-520f-4ea8-97ad-ae5fce58ee91.png,1920000,815761,1104239,0.42487552083333335,0.5751244791666666,"(1200, 1600)"
da2197c7-7911-4be6-8bb9-164f47fd270a.png,2688552,2074400,614152,0.7715677435288587,0.22843225647114135,"(1383, 1944)"
da49db57-0c2f-4213-b322-c88c19fb9296.png,1920000,1395495,524505,0.7268203125,0.2731796875,"(1200, 1600)"
dacf7e3f-1d8c-42a0-8539-3abe3971c956.png,1920000,1094230,825770,0.5699114583333333,0.43008854166666666,"(1200, 1600)"
daea4860-a296-4f6d-acef-996ab0882676.png,1920000,1074942,845058,0.559865625,0.440134375,"(1200, 1600)"
db0a1123-0b35-48d7-8337-3b1ebd6af0cc.png,1920000,963170,956830,0.5016510416666666,0.4983489583333333,"(1200, 1600)"
db249e5a-4142-432c-8288-bacd10d7273d.png,1920000,837074,1082926,0.43597604166666665,0.5640239583333333,"(1200, 1600)"
db3f4098-02e4-45a3-a7af-5dda37ac1526.png,1920000,1694096,225904,0.8823416666666667,0.11765833333333334,"(1200, 1600)"
db7c5ec1-fefe-4e9d-83c1-da8fb982f1e2.png,1920000,1523845,396155,0.7936692708333334,0.20633072916666667,"(1200, 1600)"
db871d17-28fd-4ceb-b421-e4e4afa0a7a0.png,1920000,1338080,581920,0.6969166666666666,0.3030833333333333,"(1200, 1600)"
dbdfad64-110c-421f-a1c7-f68fd9e82d67.png,1920000,1013218,906782,0.5277177083333333,0.4722822916666667,"(1200, 1600)"
dc3bdfe9-1565-4cda-9c4e-0979846dab60.png,1920000,1252837,667163,0.6525192708333334,0.34748072916666667,"(1200, 1600)"
dc4270fb-e5c2-414f-96e9-6769ba1d77e4.png,1920000,1670666,249334,0.8701385416666667,0.12986145833333335,"(1200, 1600)"
dc6ac71b-2616-431e-bfd5-4c38139e4ddd.png,1920000,1657611,262389,0.8633390625,0.1366609375,"(1200, 1600)"
dca685a8-a609-45d8-93d7-da1e4165b9bd.png,1920000,1595424,324576,0.83095,0.16905,"(1200, 1600)"
dcb21739-3c36-459d-b3cc-1be5871d6fe7.png,1920000,1186144,733856,0.6177833333333334,0.38221666666666665,"(1200, 1600)"
dcc1a193-7b74-44f8-ad8d-813751d8fa6b.png,1920000,1363700,556300,0.7102604166666666,0.28973958333333333,"(1200, 1600)"
dce55b59-c6c3-4693-aa75-6b348c8f52cd.png,1920000,1385212,534788,0.7214645833333333,0.27853541666666665,"(1200, 1600)"
dcf7a19a-ec3d-44ef-8d7c-33b1e91fb9af.png,1920000,1604509,315491,0.8356817708333333,0.16431822916666666,"(1200, 1600)"
dd090806-e4ac-4a78-b2ee-55a30626369c.png,1920000,1460037,459963,0.7604359375,0.2395640625,"(1200, 1600)"
dd60b6a7-c545-45b9-8250-d1633aa1ac75.png,1920000,1695006,224994,0.882815625,0.117184375,"(1200, 1600)"
dd6f047e-af73-43df-9c46-354534fc20e0.png,1920000,1552304,367696,0.8084916666666667,0.19150833333333334,"(1200, 1600)"
dd7142e4-2d86-4170-a41f-e825743e8907.png,1920000,1491606,428394,0.776878125,0.223121875,"(1200, 1600)"
dd944a6b-c1d3-4f9f-bbdc-3709707984f7.png,1920000,1543904,376096,0.8041166666666667,0.19588333333333333,"(1200, 1600)"
de00f9a5-aa8b-4679-8ec6-85528a942d6f.png,1920000,1526668,393332,0.7951395833333333,0.20486041666666666,"(1200, 1600)"
de0321fa-6f7d-4dd1-b96b-186701c3b1d9.png,1920000,1467612,452388,0.76438125,0.23561875,"(1200, 1600)"
de2b8835-552c-4f01-98b7-67bc4910062e.png,1920000,1232820,687180,0.64209375,0.35790625,"(1200, 1600)"
de5d19b7-e670-4ac7-843b-7ce7bcebdf45.png,1920000,1116474,803526,0.581496875,0.418503125,"(1200, 1600)"
de6d3020-9347-473b-9146-8909627790f6.png,1920000,1256485,663515,0.6544192708333333,0.34558072916666666,"(1200, 1600)"
de81bf7a-7a56-437f-a068-4d9c3e01134c.png,1920000,1460828,459172,0.7608479166666666,0.23915208333333332,"(1200, 1600)"
dea9006d-c360-4118-b77b-8bc959fa5f8a.png,2688552,2195846,492706,0.8167392708045074,0.1832607291954926,"(1383, 1944)"
deaa1931-5f97-45bf-8c00-be6ddeb37b9a.png,1920000,1268325,651675,0.6605859375,0.3394140625,"(1200, 1600)"
deab75c9-00bc-488c-8b20-ff4515d85212.png,2688552,1700157,988395,0.6323690224328933,0.3676309775671068,"(1383, 1944)"
dec61ae1-5037-4c3a-8952-15371becca7d.png,1920000,1185993,734007,0.6177046875,0.3822953125,"(1200, 1600)"
dedbb10c-43f1-45fb-bb40-3ce2fb874015.png,1920000,1581602,338398,0.8237510416666667,0.17624895833333334,"(1200, 1600)"
deeaa5b3-3895-4aec-a2ce-ed6404862cdf.png,1920000,844046,1075954,0.4396072916666667,0.5603927083333333,"(1200, 1600)"
df3d98b9-3dd7-4107-8d4a-ae1b7f247793.png,1920000,760455,1159545,0.3960703125,0.6039296875,"(1200, 1600)"
df49578a-60d4-4a3b-9ee0-79d9d59bc72a.png,1920000,1488774,431226,0.775403125,0.224596875,"(1200, 1600)"
df4fd610-fa16-45ca-b3a3-a25a14e5c4e9.png,2688552,1838983,849569,0.6840049959978457,0.3159950040021543,"(1383, 1944)"
dfac6c92-8f0f-429a-8caf-9b7732bf78da.png,1920000,1543588,376412,0.8039520833333333,0.19604791666666666,"(1200, 1600)"
dfc026a9-079f-4f45-8666-e0ccba5bb437.png,1920000,1460169,459831,0.7605046875,0.2394953125,"(1200, 1600)"
e02301ac-68f7-4daf-b2ba-254b917f1cca.png,2688552,1722717,965835,0.6407601563964543,0.3592398436035457,"(1383, 1944)"
e02edd82-c424-4dee-98a7-575640655d9b.png,1920000,1600460,319540,0.8335729166666667,0.16642708333333334,"(1200, 1600)"
e0e6b676-c39c-4542-8adf-de257a8e92e2.png,1920000,1512021,407979,0.7875109375,0.2124890625,"(1200, 1600)"
e0ef520d-7b65-485d-9888-e6859f189f70.png,1920000,1465768,454232,0.7634208333333333,0.23657916666666667,"(1200, 1600)"
e0ff3476-226f-4125-b182-8e524d5503dd.png,1920000,1230733,689267,0.6410067708333334,0.35899322916666665,"(1200, 1600)"
e11515b4-9527-4c23-a0ba-43719bacca0d.png,1920000,1370068,549932,0.7135770833333334,0.2864229166666667,"(1200, 1600)"
e13f2327-fbf4-4d84-a8c1-09cb1e449c8c.png,1920000,1580001,339999,0.8229171875,0.1770828125,"(1200, 1600)"
e16c0dab-780d-4035-872e-1bb91e49f9d2.png,1920000,1079987,840013,0.5624932291666667,0.43750677083333334,"(1200, 1600)"
e1937e32-85d5-4cd8-bb4a-b9cf8ee7ceeb.png,1920000,1599693,320307,0.8331734375,0.1668265625,"(1200, 1600)"
e234ce8b-4ec4-4d93-9068-d7854d77ddf4.png,1920000,1461223,458777,0.7610536458333333,0.23894635416666668,"(1200, 1600)"
e26b88c6-5884-4b5c-94d7-ad780379c8ad.png,2688552,1893040,795512,0.704111358084203,0.29588864191579706,"(1383, 1944)"
e2e68cb3-0588-40bb-95b4-356f9cacffc3.png,1920000,1790167,129833,0.9323786458333333,0.06762135416666666,"(1200, 1600)"
e36cb882-c6d0-4467-812e-d18c169a9a47.png,1920000,1307457,612543,0.6809671875,0.3190328125,"(1200, 1600)"
e3a4b3e7-9500-4b6c-a402-b6d3f45e714b.png,1920000,1073836,846164,0.5592895833333333,0.44071041666666666,"(1200, 1600)"
e3ade58d-086c-47fa-9120-76beacb45395.png,1920000,1231429,688571,0.6413692708333333,0.35863072916666666,"(1200, 1600)"
e3c1442a-717f-41dd-bf97-81e1233ac9fa.png,1920000,1002884,917116,0.5223354166666667,0.47766458333333334,"(1200, 1600)"
e3e9c2de-0a24-4c7e-8a69-3d3093d5bdab.png,1920000,1158563,761437,0.6034182291666667,0.39658177083333335,"(1200, 1600)"
e3ea07d7-884a-412e-874a-40fd6b856736.png,1920000,1029952,890048,0.5364333333333333,0.4635666666666667,"(1200, 1600)"
e40000b4-1b26-42ce-909d-4715e04f0a6e.png,1920000,1325267,594733,0.6902432291666667,0.3097567708333333,"(1200, 1600)"
e474a20b-2769-48f1-a520-4f6ef5a0dbf5.png,1920000,1353266,566734,0.7048260416666666,0.2951739583333333,"(1200, 1600)"
e4827c85-311a-4df1-89c2-99dad0c3558c.png,1920000,1184451,735549,0.6169015625,0.3830984375,"(1200, 1600)"
e4eea7ea-8989-46a9-9c98-25a178146b28.png,1920000,729195,1190805,0.3797890625,0.6202109375,"(1200, 1600)"
e5731221-814c-4894-a44e-e46b71460fa4.png,1920000,1372258,547742,0.7147177083333334,0.2852822916666667,"(1200, 1600)"
e597f7ce-46c6-4dce-9063-50a2703fdd45.png,1920000,1368362,551638,0.7126885416666666,0.2873114583333333,"(1200, 1600)"
e5fd5949-4cd0-4cb6-837a-02c26a5eb87a.png,1920000,1302092,617908,0.6781729166666667,0.3218270833333333,"(1200, 1600)"
e61e6af2-7f8b-47b0-bbe7-acb2ed0299ab.png,1920000,1155596,764404,0.6018729166666666,0.39812708333333335,"(1200, 1600)"
e63e1607-f344-43d6-a0d8-e10cf2e5054a.png,1920000,1471117,448883,0.7662067708333333,0.23379322916666667,"(1200, 1600)"
e640ae51-cbf1-4a84-b7cf-d38b17f59c2f.png,1920000,1363703,556297,0.7102619791666667,0.28973802083333333,"(1200, 1600)"
e683144c-0465-43a2-86b1-3cf52599d5e0.png,1920000,1269288,650712,0.6610875,0.3389125,"(1200, 1600)"
e6a7743e-4040-40fa-b097-ca6874c469b7.png,2688552,1984982,703570,0.7383089484599888,0.26169105154001115,"(1383, 1944)"
e6d7c5e1-43fc-4712-86d5-aa70252b978f.png,1920000,1469595,450405,0.7654140625,0.2345859375,"(1200, 1600)"
e726dac6-f962-449c-acff-4dd56847b685.png,1920000,1215387,704613,0.6330140625,0.3669859375,"(1200, 1600)"
e79bd81b-f878-4bee-9be2-d91a722c031e.png,1920000,1284683,635317,0.6691057291666667,0.33089427083333334,"(1200, 1600)"
e8058bed-c362-4e1c-85dc-62f80f32938f.png,1920000,1417962,502038,0.738521875,0.261478125,"(1200, 1600)"
e80bad38-66d0-473e-85dd-92142dba37e6.png,1920000,1165814,754186,0.6071947916666667,0.3928052083333333,"(1200, 1600)"
e81bf478-27ff-458c-ac30-9e1f8480bc5c.png,1920000,1445880,474120,0.7530625,0.2469375,"(1200, 1600)"
e871f52c-77a6-4813-80d4-95bd97985f1a.png,1920000,1197793,722207,0.6238505208333334,0.3761494791666667,"(1200, 1600)"
e93e617e-ed36-43d9-bd1a-4ffd2fba64e9.png,2688552,1836593,851959,0.6831160416462095,0.31688395835379046,"(1383, 1944)"
e94a811d-3145-4313-ba42-2d5ed283179f.png,1920000,1156410,763590,0.602296875,0.397703125,"(1200, 1600)"
e98baeb2-aa58-4cce-8c61-66685dd2b239.png,1920000,1307099,612901,0.6807807291666667,0.31921927083333335,"(1200, 1600)"
e98ea067-82b5-4a0d-87bf-b4bbdc10ddab.png,1920000,1167456,752544,0.60805,0.39195,"(1200, 1600)"
e9916e11-9be6-4dec-9df6-2e7d1a8e1735.png,1920000,1580298,339702,0.823071875,0.176928125,"(1200, 1600)"
e9e78ff8-831b-46e9-9785-3eee9acbfcd8.png,1920000,990780,929220,0.51603125,0.48396875,"(1200, 1600)"
ea6b012a-3425-4bfc-a61d-88563aa2a264.png,1920000,1451526,468474,0.756003125,0.243996875,"(1200, 1600)"
eaf4b781-b3aa-41ce-8c5e-287979b4e15a.png,1920000,821277,1098723,0.4277484375,0.5722515625,"(1200, 1600)"
eb0173a3-7e5e-4f53-8124-03d9d6317844.png,1920000,1467405,452595,0.7642734375,0.2357265625,"(1200, 1600)"
eb5f4f2f-2275-4a80-84a5-78a1eaf4ce4d.png,1920000,1467459,452541,0.7643015625,0.2356984375,"(1200, 1600)"
eb6e8684-b84e-483d-b835-f59286d2516b.png,1920000,1054521,865479,0.5492296875,0.4507703125,"(1200, 1600)"
eb77e4a9-acb0-4d83-8055-2c5fcaa54b45.png,1920000,739417,1180583,0.3851130208333333,0.6148869791666667,"(1200, 1600)"
eb86033f-4f1c-4e8c-ae84-e8e4c7e08626.png,1920000,1300148,619852,0.6771604166666667,0.32283958333333335,"(1200, 1600)"
eba73bff-fbe1-436d-9a5f-0a61331a0ea2.png,1920000,1152202,767798,0.6001052083333334,0.3998947916666667,"(1200, 1600)"
ebb53337-1d4f-4ab5-9b6d-83a66f48fe2e.png,2688552,2566447,122105,0.9545833593696532,0.04541664063034674,"(1383, 1944)"
ebc4056e-d766-43cf-b6b4-5dac79d96e84.png,2688552,1840075,848477,0.6844111625886351,0.31558883741136495,"(1383, 1944)"
ebfd9f67-138e-49f0-9cef-a0352069eedb.png,1920000,1180869,739131,0.6150359375,0.3849640625,"(1200, 1600)"
ec301f62-1302-4407-96f9-fcfe45c150ae.png,1920000,1214716,705284,0.6326645833333333,0.3673354166666667,"(1200, 1600)"
ec60ab26-3343-4c5f-9667-cdae999c7d86.png,1920000,1565115,354885,0.8151640625,0.1848359375,"(1200, 1600)"
ecd68ba2-48af-4866-826a-7cd1c147c055.png,1920000,1330707,589293,0.6930765625,0.3069234375,"(1200, 1600)"
ed0bee2f-05e0-4392-8357-19750cec577c.png,1920000,785725,1134275,0.40923177083333334,0.5907682291666667,"(1200, 1600)"
ed0d8763-e734-4506-b61b-53fc32a8d8c9.png,1920000,1435479,484521,0.7476453125,0.2523546875,"(1200, 1600)"
edcb4d77-a4d3-465d-9b59-eb3087766b1c.png,1920000,1086792,833208,0.5660375,0.4339625,"(1200, 1600)"
edd09b2e-2673-4405-8ac0-e476e003e96a.png,1920000,1275398,644602,0.6642697916666667,0.33573020833333334,"(1200, 1600)"
edd3862f-04e1-49cf-97dd-ca566d17e71a.png,1920000,1272709,647291,0.6628692708333334,0.33713072916666664,"(1200, 1600)"
edea6ca9-3d52-4b4f-bec3-93799b1c26e3.png,2688552,2185657,502895,0.8129494984660888,0.1870505015339112,"(1383, 1944)"
ee57e743-a876-4f69-9fe5-bf5d01b44689.png,1920000,1095119,824881,0.5703744791666666,0.42962552083333333,"(1200, 1600)"
eeac81a5-9202-4965-b7de-35b12910cdf6.png,1920000,1558848,361152,0.8119,0.1881,"(1200, 1600)"
eeb06e39-482b-443d-8cf6-b9b5c763df78.png,1920000,1678045,241955,0.8739817708333333,0.12601822916666666,"(1200, 1600)"
eed298b3-35f2-4127-88ad-0c4a9062207b.png,1920000,1315783,604217,0.6853036458333334,0.3146963541666667,"(1200, 1600)"
eef2ac0b-42de-4bc3-a3c3-d5fcd597fbe4.png,1920000,1408525,511475,0.7336067708333334,0.2663932291666667,"(1200, 1600)"
ef1419e0-3a3a-458a-b3b2-7efddac50404.png,1920000,1335735,584265,0.6956953125,0.3043046875,"(1200, 1600)"
ef1a9020-5e45-450d-a237-165114308592.png,1920000,1300353,619647,0.6772671875,0.3227328125,"(1200, 1600)"
ef55f2ac-5a04-4986-99ab-0d2b5052ab3e.png,2688552,1958733,729819,0.7285457004365175,0.2714542995634825,"(1383, 1944)"
ef815e3a-02a6-4cf8-9262-45bc74c50b00.png,1920000,1175480,744520,0.6122291666666667,0.38777083333333334,"(1200, 1600)"
ef83ed4c-2724-4d5f-8abe-1a18d25cea35.png,1920000,922229,997771,0.48032760416666664,0.5196723958333334,"(1200, 1600)"
ef8fcfa4-8466-4186-8c69-f5f4904eb489.png,1920000,1270781,649219,0.6618651041666667,0.33813489583333334,"(1200, 1600)"
efb85f8e-c780-4a19-b6ce-555a154b0d10.png,2688552,1529585,1158967,0.5689252058357064,0.4310747941642936,"(1383, 1944)"
effd6334-516f-4d48-9f3c-5272a99780fb.png,1920000,1394954,525046,0.7265385416666666,0.27346145833333335,"(1200, 1600)"
f01f6659-2114-4801-9d28-1f411432a589.png,1920000,1713335,206665,0.8923619791666667,0.10763802083333333,"(1200, 1600)"
f05ffdca-dc3a-47bd-a231-2a0d9bd1d50e.png,1920000,1300642,619358,0.6774177083333334,0.3225822916666667,"(1200, 1600)"
f06ba705-5509-479b-8067-127ffb37c5b6.png,1920000,1461136,458864,0.7610083333333333,0.23899166666666666,"(1200, 1600)"
f070a212-e4e2-4743-804c-80789a36f495.png,2688552,2239495,449057,0.8329744040658317,0.16702559593416827,"(1383, 1944)"
f0713bee-2a71-4ced-b953-4041ea99496a.png,1920000,1344003,575997,0.7000015625,0.2999984375,"(1200, 1600)"
f07174a5-f799-4286-ac43-5b0f5c5777ac.png,1920000,1268830,651170,0.6608489583333333,0.33915104166666665,"(1200, 1600)"
f0804a5e-e7f5-4cf2-a5df-b65e66502bf1.png,1920000,1394386,525614,0.7262427083333334,0.2737572916666667,"(1200, 1600)"
f08e873b-9617-42b3-9c7a-55d0e39c2663.png,2688552,2254659,433893,0.8386146148558778,0.16138538514412218,"(1383, 1944)"
f09acb0c-b270-4e91-99f8-410adfa7f34a.png,1920000,1343096,576904,0.6995291666666666,0.30047083333333335,"(1200, 1600)"
f0ee03d6-c57b-43a0-8812-359330bdb93a.png,2688552,1347691,1340861,0.5012702004647855,0.4987297995352145,"(1383, 1944)"
f0fe292d-85ae-4c3a-a676-037dde2594e6.png,1920000,1346708,573292,0.7014104166666667,0.29858958333333335,"(1200, 1600)"
f11d05e4-538a-4024-8711-b08a4ce3c540.png,1920000,1495162,424838,0.7787302083333333,0.22126979166666666,"(1200, 1600)"
f1872d08-f8a6-4b21-aa29-f56bbf607883.png,1920000,1442750,477250,0.7514322916666667,0.24856770833333333,"(1200, 1600)"
f1cda808-69a9-4d10-ba0a-6607c98e362d.png,1920000,1193904,726096,0.621825,0.378175,"(1200, 1600)"
f1de7c7e-e7d3-45ae-a66c-58538bf6cac1.png,1920000,1663431,256569,0.8663703125,0.1336296875,"(1200, 1600)"
f1f9df6d-c4cb-4b42-9ca2-8fb47b1b0e91.png,1920000,1425193,494807,0.7422880208333333,0.25771197916666666,"(1200, 1600)"
f1faab5f-3033-45ea-9673-8b816fea5ce8.png,1920000,1394182,525818,0.7261364583333333,0.27386354166666665,"(1200, 1600)"
f20a4fcf-ea8e-4c14-883d-d26a9e08ce25.png,1920000,1507200,412800,0.785,0.215,"(1200, 1600)"
f232eec3-02c0-43f9-bf32-3e60245397e2.png,1920000,972212,947788,0.5063604166666666,0.49363958333333335,"(1200, 1600)"
f234a2de-f3c8-4521-a306-8cfdf52dd597.png,1920000,1370496,549504,0.7138,0.2862,"(1200, 1600)"
f23ae29e-1bda-4784-b10c-d736757d39b8.png,1920000,1581246,338754,0.823565625,0.176434375,"(1200, 1600)"
f24c8fe0-a534-44cf-9995-b2b314d945ba.png,1920000,1533380,386620,0.7986354166666667,0.20136458333333335,"(1200, 1600)"
f2574be3-81c6-4fc3-8a40-0230d1264f52.png,1920000,992586,927414,0.516971875,0.483028125,"(1200, 1600)"
f25a2ac8-cb6e-4e05-a0cd-cc00ac47718a.png,1920000,1358340,561660,0.70746875,0.29253125,"(1200, 1600)"
f274b784-b995-4a7e-a2c2-6cc31c24c4b4.png,1920000,1137128,782872,0.5922541666666666,0.4077458333333333,"(1200, 1600)"
f28e6d66-af71-40c1-b30c-da71d7230a3f.png,1920000,1618935,301065,0.8431953125,0.1568046875,"(1200, 1600)"
f2a8a483-b254-43aa-817f-7d525adb8911.png,1920000,1392722,527278,0.7253760416666667,0.2746239583333333,"(1200, 1600)"
f2b1ae99-8169-42ea-bdb4-3351175e4cb6.png,2688552,1878331,810221,0.6986403833736524,0.3013596166263476,"(1383, 1944)"
f329e01b-fbd3-4fb5-9738-a7ff4c8622b8.png,1920000,1681547,238453,0.8758057291666667,0.12419427083333333,"(1200, 1600)"
f32b21ae-5ca7-490b-bc40-6db9396d933c.png,1920000,1388521,531479,0.7231880208333333,0.27681197916666667,"(1200, 1600)"
f39e2289-fedd-4d12-9e64-ffdafb89247e.png,1920000,1200215,719785,0.6251119791666667,0.37488802083333334,"(1200, 1600)"
f3bd0fcc-647d-4ca0-8c43-a16bd6ea3878.png,1920000,1375384,544616,0.7163458333333333,0.28365416666666665,"(1200, 1600)"
f3d84be2-8af0-4d62-9f72-23d3dc08cbbe.png,1920000,1122649,797351,0.5847130208333333,0.4152869791666667,"(1200, 1600)"
f4722a74-35e7-42bd-8ef6-dfff04b9cd22.png,1920000,1227857,692143,0.6395088541666667,0.36049114583333336,"(1200, 1600)"
f48bf825-13c4-42fc-8dd8-10cc4ae6b202.png,1920000,1549106,370894,0.8068260416666667,0.19317395833333334,"(1200, 1600)"
f4a27dfd-4c52-459f-96b5-ee6b452a3395.png,1920000,1378874,541126,0.7181635416666666,0.2818364583333333,"(1200, 1600)"
f4c00b8c-d675-4255-8277-ca65bd757f51.png,1920000,1480362,439638,0.771021875,0.228978125,"(1200, 1600)"
f4c2b43f-a2e7-4746-8034-0b34aebba8ee.png,1920000,1490783,429217,0.7764494791666666,0.22355052083333332,"(1200, 1600)"
f5419bc0-4415-41b6-b832-5326cfcc534b.png,1920000,1613386,306614,0.8403052083333333,0.15969479166666667,"(1200, 1600)"
f5869ba8-6253-426b-93f3-82af59a86144.png,1920000,1256223,663777,0.6542828125,0.3457171875,"(1200, 1600)"
f5c395f1-f94c-440d-8221-cc656e52c0b1.png,1920000,1651833,268167,0.8603296875,0.1396703125,"(1200, 1600)"
f5c51193-8a27-4ef3-83ad-771395d63caf.png,1920000,1648546,271454,0.8586177083333333,0.14138229166666666,"(1200, 1600)"
f5eb7c5e-bd77-4638-ba9f-58d42f87476b.png,1920000,1137281,782719,0.5923338541666666,0.4076661458333333,"(1200, 1600)"
f62d4fb6-df7c-446c-94a8-d5aede0b1e0c.png,1920000,606900,1313100,0.31609375,0.68390625,"(1200, 1600)"
f632981c-1330-4078-8a12-691beb2dab02.png,1920000,1321151,598849,0.6880994791666667,0.3119005208333333,"(1200, 1600)"
f65a1633-9935-4984-a285-a60d30aa1707.png,1920000,1608162,311838,0.837584375,0.162415625,"(1200, 1600)"
f68ae8e9-e760-4106-88e0-4bdef2785f06.png,1920000,1137281,782719,0.5923338541666666,0.4076661458333333,"(1200, 1600)"
f6ab936d-924b-4038-aa47-71b07c26b4e2.png,1920000,981866,938134,0.5113885416666667,0.48861145833333336,"(1200, 1600)"
f6f8a69a-3fd2-4684-ac77-3e83ea0fb36d.png,1920000,1228942,691058,0.6400739583333334,0.35992604166666664,"(1200, 1600)"
f7231477-f2c1-439a-9c8b-204de07686a4.png,1920000,1531529,388471,0.7976713541666667,0.20232864583333332,"(1200, 1600)"
f77d7469-d083-4c2d-a4ea-5a9ff162e3e2.png,1920000,1312390,607610,0.6835364583333333,0.3164635416666667,"(1200, 1600)"
f7a4334a-4332-4de8-b39b-22da907976f2.png,1920000,1159675,760325,0.6039973958333333,0.39600260416666666,"(1200, 1600)"
f7cced00-9b41-45ec-9fdf-fb9e1a74da90.png,1920000,1527712,392288,0.7956833333333333,0.20431666666666667,"(1200, 1600)"
f81806a8-5883-446c-be78-f0145b12dbdd.png,1920000,1493853,426147,0.7780484375,0.2219515625,"(1200, 1600)"
f8242b97-b8d5-48b5-b808-0b0f75a5de97.png,1920000,1692717,227283,0.8816234375,0.1183765625,"(1200, 1600)"
f8a8b148-60e4-4a5c-ae19-941b19ec0846.png,1920000,1544630,375370,0.8044947916666667,0.19550520833333335,"(1200, 1600)"
f8b14fc4-dd6b-4ad0-a96d-c62845f48681.png,1920000,1477583,442417,0.7695744791666667,0.23042552083333334,"(1200, 1600)"
f8b6a868-60e9-4569-ae69-638a0c39834d.png,1920000,1336553,583447,0.6961213541666667,0.30387864583333335,"(1200, 1600)"
f8ebe0c8-a90d-4a64-9f6a-f9985e38c340.png,2688552,1890392,798160,0.7031264412962814,0.29687355870371857,"(1383, 1944)"
f91670db-be74-474c-bd72-68120aed4756.png,1920000,1428860,491140,0.7441979166666667,0.2558020833333333,"(1200, 1600)"
f939782b-f5a2-40a3-9c22-6c6d7e18edc3.png,1920000,1069224,850776,0.5568875,0.4431125,"(1200, 1600)"
f97c7c87-5e27-45ea-9f93-3285d74091de.png,1920000,1471932,448068,0.76663125,0.23336875,"(1200, 1600)"
fa1f9f89-cecb-4972-842c-d14c632f89a9.png,1920000,1259639,660361,0.6560619791666666,0.34393802083333336,"(1200, 1600)"
fa4f8d1a-cb3a-4722-a566-6c7072f30606.png,1920000,1555346,364654,0.8100760416666667,0.18992395833333334,"(1200, 1600)"
fac4b0e2-6b52-4c0e-b762-4fa65d552856.png,1920000,1708862,211138,0.8900322916666666,0.10996770833333333,"(1200, 1600)"
faead1c7-bb2c-4adf-bfce-9ff36cd2cf6a.png,1920000,1541146,378854,0.8026802083333333,0.19731979166666666,"(1200, 1600)"
fb05b297-180a-4171-b633-09d5616d7534.png,1920000,1063886,856114,0.5541072916666666,0.44589270833333333,"(1200, 1600)"
fbb1b44c-d75a-4550-a6c0-0eb62b96bfce.png,1920000,1531933,388067,0.7978817708333333,0.20211822916666666,"(1200, 1600)"
fbc1f360-4382-48bb-a32e-3f5f2f9dbe57.png,1920000,1285514,634486,0.6695385416666667,0.33046145833333335,"(1200, 1600)"
fbcb2ef0-3c97-4d7a-8b96-0147c73f3941.png,1920000,1428647,491353,0.7440869791666667,0.25591302083333334,"(1200, 1600)"
fc15659f-6264-4dd5-ab17-43d89fb297b9.png,1920000,1463689,456311,0.7623380208333334,0.23766197916666668,"(1200, 1600)"
fc8df086-39e0-43f8-b0c7-2d23a349539b.png,1920000,1518870,401130,0.791078125,0.208921875,"(1200, 1600)"
fcc2b245-f47f-447f-8527-275b0005677c.png,1920000,1248076,671924,0.6500395833333333,0.34996041666666666,"(1200, 1600)"
fcdf6632-c03f-49a8-9fb3-42e87c99b9d0.png,1920000,1418606,501394,0.7388572916666667,0.2611427083333333,"(1200, 1600)"
fd1302e2-3cd2-4a1a-9c13-00f810a9c41b.png,1920000,1424934,495066,0.742153125,0.257846875,"(1200, 1600)"
fd1c4c7a-24bc-43f2-b84f-fee182207aee.png,1920000,1543666,376334,0.8039927083333334,0.19600729166666667,"(1200, 1600)"
fde0fd54-49cc-42e1-90c6-6b612cd062d8.png,1920000,1472895,447105,0.7671328125,0.2328671875,"(1200, 1600)"
fe00fa09-d3c8-485b-9d0f-3cce556c9edd.png,1920000,1531298,388702,0.7975510416666667,0.20244895833333335,"(1200, 1600)"
fe0c5e48-f65e-488c-9c3c-1ea7c7835c0c.png,1920000,1383105,536895,0.7203671875,0.2796328125,"(1200, 1600)"
fe1ee954-ba71-47b3-954a-d20ab940cd7b.png,1920000,1077149,842851,0.5610151041666667,0.43898489583333333,"(1200, 1600)"
fe436c09-b680-4f4c-8faf-aa10a55a335b.png,1920000,1321114,598886,0.6880802083333334,0.31191979166666667,"(1200, 1600)"
fe691faa-3bc7-475e-b558-aa8fe7b795bc.png,1920000,1291784,628216,0.6728041666666666,0.32719583333333335,"(1200, 1600)"
fe851c88-692d-4199-87e0-d19d9c4eb591.png,1920000,644364,1275636,0.33560625,0.66439375,"(1200, 1600)"
fed6ba05-36a5-45dc-a4e1-9baa7de2c622.png,1920000,1018931,901069,0.5306932291666666,0.46930677083333333,"(1200, 1600)"
ff1b23d0-3cef-459b-b81f-39bfcdb6526f.png,1920000,1445597,474403,0.7529151041666666,0.24708489583333335,"(1200, 1600)"
ff37dd9b-2e3c-444d-9d29-6db186cfa2fb.png,1920000,1205208,714792,0.6277125,0.3722875,"(1200, 1600)"
ff3b9d4d-373c-48ef-a75a-d23e2c2ade87.png,1920000,1260460,659540,0.6564895833333333,0.34351041666666665,"(1200, 1600)"
ffb7be9a-65df-4f0b-99ae-cfd34e81cd34.png,1920000,1529210,390790,0.7964635416666667,0.20353645833333334,"(1200, 1600)"
ffd59802-46c6-4b58-80fe-e534e39781a7.png,1920000,1637781,282219,0.8530109375,0.1469890625,"(1200, 1600)"
