filename,total_pixels,class_0_pixels,class_1_pixels,class_0_ratio,class_1_ratio,image_shape
002f20ad-2ace-499c-9335-c9080bc3e6b5.png,1920000,1370452,549548,0.7137770833333333,0.28622291666666666,"(1200, 1600)"
003a89b0-a095-417a-8dd6-f408339bbc68.png,1920000,1241490,678510,0.646609375,0.353390625,"(1200, 1600)"
003d1cdc-0aec-430b-90e0-f4d82135b1ac.png,1920000,1710471,209529,0.8908703125,0.1091296875,"(1200, 1600)"
005e60b6-77b8-458c-b57c-bfe0c7e7df78.png,1920000,1500854,419146,0.7816947916666667,0.21830520833333333,"(1200, 1600)"
00a02700-2ea2-4590-9e15-ffc9160fd3de.png,1920000,1486476,433524,0.77420625,0.22579375,"(1200, 1600)"
00c8364b-8c85-4502-bcfe-64736fe76815.png,1920000,1468244,451756,0.7647104166666666,0.23528958333333333,"(1200, 1600)"
00d04a90-80e5-4bce-9511-1b64eabb7a47.png,1920000,1193450,726550,0.6215885416666667,0.37841145833333334,"(1200, 1600)"
010961af-b38c-49de-aca0-e3732d73d414.png,2688552,1956277,732275,0.7276321975546688,0.27236780244533115,"(1383, 1944)"
0154dd8e-72f8-4d78-a4dd-93e139577bd1.png,1920000,1255674,664326,0.653996875,0.346003125,"(1200, 1600)"
01b38a56-13eb-447b-89ee-fc21cb40dcc1.png,1920000,1248925,671075,0.6504817708333334,0.3495182291666667,"(1200, 1600)"
01b99da8-b66b-464b-a7ee-1cadab8db18b.png,1920000,1494510,425490,0.778390625,0.221609375,"(1200, 1600)"
027ab174-e47a-44f8-b85b-372449eeb7d8.png,1920000,1693801,226199,0.8821880208333334,0.11781197916666666,"(1200, 1600)"
02ea7aa8-c142-4a3d-939f-e77689741341.png,1920000,1370149,549851,0.7136192708333333,0.2863807291666667,"(1200, 1600)"
02fb5e19-6f94-4787-bb78-e550a29a3cbd.png,1920000,1555514,364486,0.8101635416666667,0.18983645833333335,"(1200, 1600)"
030f3421-ed3f-4bf1-8f27-4d02590bffbc.png,1920000,1441719,478281,0.7508953125,0.2491046875,"(1200, 1600)"
03359d4d-69cb-4146-8286-ca7399366f97.png,1920000,1448023,471977,0.7541786458333334,0.24582135416666667,"(1200, 1600)"
0346611b-ea43-45bd-9f16-c6e8086273d2.png,2688552,1983520,705032,0.7377651613210382,0.26223483867896175,"(1383, 1944)"
034c8d57-04d5-4786-93a4-6ae8fde2c258.png,1920000,1457936,462064,0.7593416666666667,0.24065833333333334,"(1200, 1600)"
035f6c4b-0897-46ab-9c3b-5f3b0feff043.png,1920000,1500357,419643,0.7814359375,0.2185640625,"(1200, 1600)"
036404d1-b9fc-497b-bbe1-f4d9c5ac3ce0.png,1920000,1364110,555890,0.7104739583333334,0.2895260416666667,"(1200, 1600)"
036e008f-07a1-4e92-899d-1822dc390ccb.png,1920000,1540515,379485,0.8023515625,0.1976484375,"(1200, 1600)"
03b9d6ad-39ca-4097-a98b-77f02b3c00a7.png,1920000,1193407,726593,0.6215661458333334,0.3784338541666667,"(1200, 1600)"
03be08c8-2cf3-4de6-8ac6-5f7817a6a643.png,2688552,1886303,802249,0.701605548265386,0.29839445173461404,"(1383, 1944)"
03c8da48-04b9-4520-b674-44a0ecd35688.png,1920000,1226636,693364,0.6388729166666667,0.3611270833333333,"(1200, 1600)"
03cbfcf2-8da6-462c-b30d-16d63357371f.png,1920000,1432222,487778,0.7459489583333333,0.25405104166666664,"(1200, 1600)"
040112be-3c8d-49aa-93f1-522f94a592ff.png,1920000,1281795,638205,0.6676015625,0.3323984375,"(1200, 1600)"
04018590-4e66-4cb9-ad2d-83570f1b29ae.png,1920000,1438803,481197,0.7493765625,0.2506234375,"(1200, 1600)"
0403835d-43f4-4a97-abfc-b2ff915f6d7b.png,1920000,1774083,145917,0.9240015625,0.0759984375,"(1200, 1600)"
04628a94-b674-469b-aff6-b476b70df87d.png,1920000,1295264,624736,0.6746166666666666,0.32538333333333336,"(1200, 1600)"
04a567df-5463-4043-81f1-d726223c19a9.png,1920000,1333004,586996,0.6942729166666667,0.3057270833333333,"(1200, 1600)"
04c07425-57c7-415c-a0bc-36857bbd4049.png,1920000,1533920,386080,0.7989166666666667,0.20108333333333334,"(1200, 1600)"
04d21589-b777-43c2-86b5-038cbf8c3a4e.png,1920000,1056158,863842,0.5500822916666667,0.44991770833333333,"(1200, 1600)"
04de27ff-0d36-4da3-a829-e93851d76981.png,1920000,1474487,445513,0.7679619791666666,0.23203802083333333,"(1200, 1600)"
04de3a31-fc09-40be-9c2c-9830c57f809d.png,1920000,1486471,433529,0.7742036458333333,0.22579635416666666,"(1200, 1600)"
04fb49a2-07b8-4cdf-b6f7-df5c3688e5f8.png,1920000,1357427,562573,0.7069932291666666,0.2930067708333333,"(1200, 1600)"
0546d843-d778-4aca-b8b5-bfe23d7c87da.png,1920000,1407606,512394,0.733128125,0.266871875,"(1200, 1600)"
05717db9-f1ef-4101-a9f7-7a007e83b1c9.png,1920000,1460100,459900,0.76046875,0.23953125,"(1200, 1600)"
05804cf0-f854-4099-97c2-df287f7c8a8c.png,1920000,1172126,747874,0.6104822916666667,0.3895177083333333,"(1200, 1600)"
05ac7b2a-6a77-4464-926b-8570f7c01693.png,1920000,1261535,658465,0.6570494791666667,0.3429505208333333,"(1200, 1600)"
06401963-8b02-46c5-ab2a-3d70bd01623f.png,1920000,1328314,591686,0.6918302083333333,0.3081697916666667,"(1200, 1600)"
064b84fe-bd21-4c27-b682-0a832272eac4.png,1920000,1638073,281927,0.8531630208333333,0.14683697916666666,"(1200, 1600)"
065af549-320a-4862-b92a-8ef750d7b5fb.png,1920000,1297497,622503,0.6757796875,0.3242203125,"(1200, 1600)"
06a3effb-996c-4767-afd2-6aa3b697cb4e.png,1920000,1176556,743444,0.6127895833333333,0.38721041666666667,"(1200, 1600)"
06bbcd42-3ba8-4476-8804-8455f56dd928.png,2688552,1673151,1015401,0.6223242102068325,0.37767578979316746,"(1383, 1944)"
06cd484f-e864-4fee-8819-688b45eed98e.png,1920000,1325120,594880,0.6901666666666667,0.30983333333333335,"(1200, 1600)"
06df7bbe-60d4-4f7c-ba4a-5a42ac4be91b.png,1920000,1293014,626986,0.6734447916666667,0.32655520833333335,"(1200, 1600)"
071901eb-4c3f-404b-a747-3d0b9d0a5158.png,1920000,1241869,678131,0.6468067708333334,0.3531932291666667,"(1200, 1600)"
07346d2e-a6e6-4dc0-95f1-9f7d8d7e3f66.png,1920000,1721183,198817,0.8964494791666666,0.10355052083333334,"(1200, 1600)"
073c10c9-5749-44b5-b08b-1be556a960f0.png,1920000,1280802,639198,0.667084375,0.332915625,"(1200, 1600)"
07a80340-f65e-4f58-9317-94bb6ebd5a28.png,1920000,1266315,653685,0.6595390625,0.3404609375,"(1200, 1600)"
07a96126-482e-4beb-b42a-0cb59e505372.png,1920000,1597529,322471,0.8320463541666666,0.16795364583333333,"(1200, 1600)"
07d15855-eb9b-46a9-b894-7cfe4d097826.png,1920000,1337978,582022,0.6968635416666666,0.30313645833333336,"(1200, 1600)"
082e1f81-4f49-44ad-b5bb-9dfc155b2ed8.png,1920000,1134992,785008,0.5911416666666667,0.4088583333333333,"(1200, 1600)"
0864c569-2ad7-48ed-b12a-e40aa5b93756.png,2688552,2049182,639370,0.7621879733031014,0.23781202669689855,"(1383, 1944)"
087602a2-288b-4a4d-b01a-524f0d799d89.png,2688552,1958893,729659,0.7286052120249116,0.2713947879750884,"(1383, 1944)"
087f2c9c-188d-43cc-a94c-0eb8f10ac092.png,1920000,1511298,408702,0.787134375,0.212865625,"(1200, 1600)"
0897f682-5301-49fc-a8d5-9df7762040bb.png,2688552,2126144,562408,0.7908137912154944,0.20918620878450556,"(1383, 1944)"
089c9744-f906-41d8-908d-1e37919a8658.png,1920000,1610751,309249,0.8389328125,0.1610671875,"(1200, 1600)"
08f5a524-0554-49c2-83a8-ae9a6d51e8fd.png,1920000,1357265,562735,0.7069088541666667,0.29309114583333334,"(1200, 1600)"
0901f9d1-be4f-4c19-8e83-dd724dded9f5.png,1920000,1379548,540452,0.7185145833333333,0.28148541666666665,"(1200, 1600)"
0906111b-bac7-4541-a6dc-da435c0724a8.png,1920000,1306049,613951,0.6802338541666667,0.31976614583333335,"(1200, 1600)"
093a831a-bf71-4333-bc06-942ae70cb164.png,1920000,952532,967468,0.49611041666666666,0.5038895833333333,"(1200, 1600)"
09bcedaa-e007-4692-a13f-ab02c3f872c4.png,1920000,1393209,526791,0.7256296875,0.2743703125,"(1200, 1600)"
09ecf7be-28e2-4531-b9e2-07e01c44097d.png,1920000,1322596,597404,0.6888520833333334,0.3111479166666667,"(1200, 1600)"
0a3b53c7-e7ab-4135-80aa-fd2079d727d6.png,2688552,2231764,456788,0.8300988785041167,0.1699011214958833,"(1383, 1944)"
0a747cb3-c720-4572-a661-ab5670a5c42e.png,1920000,1385600,534400,0.7216666666666667,0.2783333333333333,"(1200, 1600)"
0a7bfa8a-ee52-4f7a-b9c5-2919ecfa93ef.png,1920000,1161752,758248,0.6050791666666666,0.39492083333333333,"(1200, 1600)"
0ab56f9a-846d-49e2-a617-c6cc477fdfad.png,1920000,1489165,430835,0.7756067708333333,0.22439322916666668,"(1200, 1600)"
0ac747cd-ff32-49bf-bc1a-3e9b7702ce9c.png,1920000,1029920,890080,0.5364166666666667,0.46358333333333335,"(1200, 1600)"
0b04ec46-5119-4cda-8c35-c4e5b6f0eed0.png,1920000,1553767,366233,0.8092536458333334,0.19074635416666666,"(1200, 1600)"
0b923ab7-ebff-4079-a4bb-af7da89f374e.png,1920000,1526995,393005,0.7953098958333333,0.20469010416666666,"(1200, 1600)"
0ca25c88-457f-4f03-bbc1-98fb6663f1d1.png,1920000,1287113,632887,0.6703713541666667,0.32962864583333334,"(1200, 1600)"
0ceb4539-5c4c-487d-9826-452a88b5d537.png,1920000,1333920,586080,0.69475,0.30525,"(1200, 1600)"
0d095f3a-9243-472b-90b4-0ce8309e778c.png,1920000,1397491,522509,0.7278598958333333,0.2721401041666667,"(1200, 1600)"
0d098413-6911-4535-b70a-3c3effd8cf49.png,1920000,1395790,524210,0.7269739583333333,0.27302604166666666,"(1200, 1600)"
0d2aba33-6920-4001-bd54-59fe0bf9f50e.png,1920000,1453415,466585,0.7569869791666667,0.24301302083333334,"(1200, 1600)"
0d3c2521-da55-4df5-bf06-56b3bd4fb2fc.png,1920000,1249422,670578,0.650740625,0.349259375,"(1200, 1600)"
0d7bf56f-3b5a-40bd-971c-2ca33dd89b2c.png,1920000,1120751,799249,0.5837244791666667,0.41627552083333336,"(1200, 1600)"
0da07970-3146-479c-8a07-f61ed32814a9.png,1920000,1537407,382593,0.8007328125,0.1992671875,"(1200, 1600)"
0dcbf2c9-f959-4703-a72b-f6a81e66c2ea.png,1920000,1291239,628761,0.6725203125,0.3274796875,"(1200, 1600)"
0dcca702-a4ef-4fb3-a940-9c0c140b21c7.png,1920000,1033480,886520,0.5382708333333334,0.4617291666666667,"(1200, 1600)"
0e0bc36f-6fb2-4763-b0a1-b4c67b2d2d2a.png,2688552,2391107,297445,0.8893660974383237,0.11063390256167632,"(1383, 1944)"
0ed416f9-7c20-4829-9016-559e4009568e.png,1920000,1203742,716258,0.6269489583333333,0.3730510416666667,"(1200, 1600)"
0f0c949e-018a-4f3f-ab02-3704f49c7754.png,1920000,1461771,458229,0.7613390625,0.2386609375,"(1200, 1600)"
0f26699f-a776-4424-b092-27da9a1d12e2.png,1920000,1321312,598688,0.6881833333333334,0.3118166666666667,"(1200, 1600)"
0f2a6cda-afec-437b-8803-8d3176b072c1.png,1920000,1208565,711435,0.6294609375,0.3705390625,"(1200, 1600)"
0f735cca-051c-4048-a1fa-cb36f389e12f.png,1920000,1388959,531041,0.7234161458333334,0.27658385416666664,"(1200, 1600)"
0fa5b35d-6c44-4207-b6f8-d5b355086b5f.png,1920000,1334493,585507,0.6950484375,0.3049515625,"(1200, 1600)"
0fcd1ebe-ee4a-40a0-b787-29cee18bfa1b.png,1920000,1007603,912397,0.5247932291666667,0.47520677083333335,"(1200, 1600)"
1012abf2-cb05-4337-86c5-513ec4ca904d.png,1920000,1501413,418587,0.7819859375,0.2180140625,"(1200, 1600)"
105af41b-13cc-4ad1-8a1f-8bc4d47cdd94.png,1920000,1321771,598229,0.6884223958333333,0.3115776041666667,"(1200, 1600)"
10891eed-b0f2-4dd0-90cb-da185f6761b2.png,1920000,1429143,490857,0.7443453125,0.2556546875,"(1200, 1600)"
109fbb82-bc3c-41ac-984d-e2da86202873.png,1920000,1304378,615622,0.6793635416666667,0.3206364583333333,"(1200, 1600)"
10be6380-cbbb-4886-8b9e-ff56b1710576.png,1920000,1481996,438004,0.7718729166666667,0.22812708333333334,"(1200, 1600)"
11b72c7b-5c52-44b7-adb7-21eacc25e441.png,1920000,1295656,624344,0.6748208333333333,0.3251791666666667,"(1200, 1600)"
11e517bf-943b-4928-929a-e9f72c097880.png,1920000,1278256,641744,0.6657583333333333,0.33424166666666666,"(1200, 1600)"
12269960-075f-40ca-9630-49ea2ce78294.png,1920000,1586807,333193,0.8264619791666666,0.17353802083333333,"(1200, 1600)"
13099edb-35d9-438f-b093-2cf2ebf9d255.png,1920000,1488412,431588,0.7752145833333334,0.22478541666666665,"(1200, 1600)"
1315c2a4-0794-4dfa-a709-e2451723d2b6.png,1920000,1479649,440351,0.7706505208333333,0.22934947916666668,"(1200, 1600)"
1345dc89-a3d9-4b71-8a75-b3bff01ba518.png,1920000,1618418,301582,0.8429260416666666,0.15707395833333335,"(1200, 1600)"
137d540f-d71e-47e8-bd9b-6cd0a6433c33.png,1920000,1540488,379512,0.8023375,0.1976625,"(1200, 1600)"
1380f9b4-bf54-4492-90c3-743c7aa8898b.png,1920000,1535684,384316,0.7998354166666667,0.20016458333333334,"(1200, 1600)"
13bab3c3-3f79-44d9-a287-0ae6d71eff31.png,1920000,1051960,868040,0.5478958333333334,0.45210416666666664,"(1200, 1600)"
14005767-9296-4b48-8a9d-bbe9b2040005.png,1920000,1404176,515824,0.7313416666666667,0.26865833333333333,"(1200, 1600)"
143f5959-5b6d-4f95-bcee-9e110450fc22.png,1920000,1146777,773223,0.5972796875,0.4027203125,"(1200, 1600)"
1493d140-c9d5-4c3a-9caf-3eafb290a49b.png,1920000,1461756,458244,0.76133125,0.23866875,"(1200, 1600)"
14b68d86-ac7f-419d-b4a5-6b0b1d9aaa18.png,1920000,1226136,693864,0.6386125,0.3613875,"(1200, 1600)"
14efbfc8-39f6-4599-9994-a8cc95605b9c.png,1920000,1298989,621011,0.6765567708333333,0.3234432291666667,"(1200, 1600)"
1519257c-e3e5-4474-908f-8665b3cf1258.png,1920000,1283832,636168,0.6686625,0.3313375,"(1200, 1600)"
151f3af5-5e6e-4bcd-9389-4974fc68813e.png,1920000,1165371,754629,0.6069640625,0.3930359375,"(1200, 1600)"
15625643-d964-4b14-9839-c126384ae35b.png,2688552,2165190,523362,0.8053368504682075,0.1946631495317926,"(1383, 1944)"
1574565f-f45b-4160-947e-25ce1a81aaca.png,1920000,1419495,500505,0.7393203125,0.2606796875,"(1200, 1600)"
157ac97a-396e-4f6c-94c6-72a4d06ccc5f.png,1920000,1687591,232409,0.8789536458333334,0.12104635416666666,"(1200, 1600)"
15a5849d-8bc7-4e01-938b-c1f55067787d.png,2688552,2160601,527951,0.8036299837235805,0.19637001627641942,"(1383, 1944)"
161978c3-3a05-47a5-9fee-be7d25693eae.png,1920000,1262663,657337,0.6576369791666666,0.3423630208333333,"(1200, 1600)"
16244280-6c74-47d3-b544-9fd6831a6bf9.png,1920000,1285756,634244,0.6696645833333333,0.33033541666666666,"(1200, 1600)"
169d541c-daed-468e-8b41-0f1abccdf319.png,1920000,1099023,820977,0.5724078125,0.4275921875,"(1200, 1600)"
16a51468-9f93-45df-9ae2-5a74c25c5a4b.png,1920000,1620551,299449,0.8440369791666666,0.15596302083333333,"(1200, 1600)"
16ec6e1f-5020-40b3-ba26-51c340d03ee7.png,1920000,1516173,403827,0.7896734375,0.2103265625,"(1200, 1600)"
177a3141-fa93-426a-9b52-7da71547ce44.png,1920000,1416020,503980,0.7375104166666666,0.26248958333333333,"(1200, 1600)"
177f883a-f0f1-4b8e-b598-2ca4bab27381.png,1920000,1281013,638987,0.6671942708333334,0.3328057291666667,"(1200, 1600)"
17c06a23-bb77-49cb-9ffb-fbfc75fcc715.png,1920000,1679020,240980,0.8744895833333334,0.12551041666666668,"(1200, 1600)"
17ef5841-bd19-4610-ba47-7d321231847b.png,1920000,1404700,515300,0.7316145833333333,0.26838541666666665,"(1200, 1600)"
184b376b-03cb-4c2d-af51-fc1a62196293.png,1920000,1361089,558911,0.7089005208333333,0.2910994791666667,"(1200, 1600)"
1863da5f-c595-4541-a8f4-21fe78678168.png,1920000,1398613,521387,0.7284442708333333,0.27155572916666665,"(1200, 1600)"
187f92b2-71ed-484a-9bd3-599ca0d2636f.png,1920000,1647976,272024,0.8583208333333333,0.14167916666666666,"(1200, 1600)"
1893e0c5-88e9-4644-bd59-3e47bc53a88c.png,1920000,1665042,254958,0.867209375,0.132790625,"(1200, 1600)"
18dbe7c4-89d2-42a6-a969-1e951ab313b1.png,1920000,1399032,520968,0.7286625,0.2713375,"(1200, 1600)"
191071ab-6515-428c-9f05-8e4309542b75.png,1920000,1231312,688688,0.6413083333333334,0.3586916666666667,"(1200, 1600)"
191f87a4-6f2d-49e7-bba0-08e3aa78ddaf.png,1920000,1424488,495512,0.7419208333333334,0.2580791666666667,"(1200, 1600)"
19370afd-f897-47d8-bfae-c0d257bbf795.png,1920000,1498834,421166,0.7806427083333334,0.21935729166666668,"(1200, 1600)"
194aec70-41a5-4ac3-b22f-0b6eda91f730.png,1920000,1385441,534559,0.7215838541666667,0.27841614583333335,"(1200, 1600)"
1976cd04-d24f-457c-b423-7e4cdb05de9e.png,1920000,619207,1300793,0.32250364583333335,0.6774963541666666,"(1200, 1600)"
19979a60-df80-4111-bf69-81a7e9c4dd0b.png,1920000,1498472,421528,0.7804541666666667,0.21954583333333333,"(1200, 1600)"
1a27ebe9-93a1-4898-af69-f276057d4012.png,1920000,1260317,659683,0.6564151041666667,0.34358489583333335,"(1200, 1600)"
1a332b2c-9d49-4ff2-810c-5633d2314527.png,1920000,1045302,874698,0.544428125,0.455571875,"(1200, 1600)"
1a48cbc1-5423-47e5-8ca5-2ab4f83a05a5.png,1920000,1087419,832581,0.5663640625,0.4336359375,"(1200, 1600)"
1b369bcf-ced4-4ae2-9196-2664bd2b1738.png,1920000,1092180,827820,0.56884375,0.43115625,"(1200, 1600)"
1b7f47fc-26cd-4273-b848-88a7cbfd9f85.png,1920000,1176473,743527,0.6127463541666667,0.3872536458333333,"(1200, 1600)"
1b814efc-7bf9-40ae-8e13-49dc2c04732f.png,2688552,2276637,411915,0.8467892754166555,0.1532107245833445,"(1383, 1944)"
1c406ce1-023b-47fc-a2cd-5ea2e255de65.png,1920000,1364153,555847,0.7104963541666667,0.2895036458333333,"(1200, 1600)"
1c87b997-a8e6-48ca-bf40-19b9a7fd6a96.png,1920000,1377582,542418,0.717490625,0.282509375,"(1200, 1600)"
1c90231b-2830-42d9-884e-7301edb16933.png,1920000,1195965,724035,0.6228984375,0.3771015625,"(1200, 1600)"
1d4cdf2e-79a0-41e9-aabe-e437a190dfc4.png,1920000,1579525,340475,0.8226692708333333,0.17733072916666667,"(1200, 1600)"
1d4f06e1-9c9b-487e-84cd-e7e50cc754da.png,1920000,1391364,528636,0.72466875,0.27533125,"(1200, 1600)"
1d9d4dac-66f9-4c87-b714-d723d5b15fa9.png,1920000,1468286,451714,0.7647322916666667,0.23526770833333333,"(1200, 1600)"
1dd3e6dd-343f-4cc9-b0ed-e4d27fb36f0a.png,1920000,1177595,742405,0.6133307291666666,0.38666927083333336,"(1200, 1600)"
1e647046-333b-4102-a0c6-4c29405c37b3.png,2688552,1921756,766796,0.714792200411225,0.2852077995887749,"(1383, 1944)"
1e86933d-6a5a-4a3c-a0f2-ca22afd767b3.png,1920000,1294097,625903,0.6740088541666667,0.32599114583333333,"(1200, 1600)"
1e978dfa-d339-4025-809d-09cee76728ed.png,1920000,1387378,532622,0.7225927083333333,0.27740729166666667,"(1200, 1600)"
1ecb0405-a6e9-4485-819e-2fbbf2b718aa.png,1920000,1229833,690167,0.6405380208333333,0.35946197916666667,"(1200, 1600)"
1f337b61-1b0d-4539-91f9-73d4a0798a4a.png,1920000,1339598,580402,0.6977072916666667,0.3022927083333333,"(1200, 1600)"
1f8edb2a-40bc-4beb-aa6b-884d2473df0f.png,1920000,1350198,569802,0.703228125,0.296771875,"(1200, 1600)"
1f8f08ea-b5b3-4f68-94d4-3cc071b7dce8.png,1920000,1404554,515446,0.7315385416666667,0.26846145833333335,"(1200, 1600)"
1fdf99d1-a494-4174-bcd7-efbe457ab899.png,1920000,1145841,774159,0.5967921875,0.4032078125,"(1200, 1600)"
1fe1e118-adb8-4b10-a41e-1e5814e8f067.png,1920000,1523387,396613,0.7934307291666667,0.20656927083333335,"(1200, 1600)"
205306da-0ed8-475a-ace6-f2f81d4be88a.png,1920000,970480,949520,0.5054583333333333,0.49454166666666666,"(1200, 1600)"
20d4f65e-6c63-433a-935c-d568d577967b.png,1920000,725347,1194653,0.37778489583333336,0.6222151041666667,"(1200, 1600)"
2102e5d1-8bec-4ab6-ab35-2705485da1f8.png,1920000,1602962,317038,0.8348760416666666,0.16512395833333332,"(1200, 1600)"
21116b9d-e6be-483f-8394-e74622b2e182.png,2688552,2360650,327902,0.8780376946400887,0.1219623053599112,"(1383, 1944)"
21417261-475a-456f-b03f-57ac85a6e106.png,1920000,1529387,390613,0.7965557291666666,0.20344427083333333,"(1200, 1600)"
214f1d15-a081-476e-992d-6c3a77f03d59.png,1920000,1300760,619240,0.6774791666666666,0.3225208333333333,"(1200, 1600)"
2165fe38-b474-467d-be11-d1d728085efd.png,1920000,860014,1059986,0.4479239583333333,0.5520760416666667,"(1200, 1600)"
216f9d43-6869-4ba1-9106-4f5ea6aac223.png,1920000,1324672,595328,0.6899333333333333,0.31006666666666666,"(1200, 1600)"
2196389c-45ec-46b5-bc6c-1f4a33df7f7c.png,1920000,1518619,401381,0.7909473958333333,0.20905260416666666,"(1200, 1600)"
21a50e4c-b750-46b5-801f-5429ede7dea9.png,1920000,1459779,460221,0.7603015625,0.2396984375,"(1200, 1600)"
21c2a8aa-407c-4569-8212-96fcafa84138.png,1920000,1312074,607926,0.683371875,0.316628125,"(1200, 1600)"
21cc498b-8cb2-42ed-8f80-bfa27b86ef11.png,1920000,1156539,763461,0.6023640625,0.3976359375,"(1200, 1600)"
21ea4841-8998-4c04-b345-bc99cd8ecee6.png,1920000,1429896,490104,0.7447375,0.2552625,"(1200, 1600)"
21f001d6-f568-4ea4-82da-fab54c77c419.png,1920000,823407,1096593,0.4288578125,0.5711421875,"(1200, 1600)"
2240b991-48f6-4c59-9b62-5a8b5e541fae.png,1920000,1235542,684458,0.6435114583333333,0.35648854166666666,"(1200, 1600)"
224c80b8-6c55-48cf-b719-96a47d223dc3.png,2688552,1990140,698412,0.740227453290842,0.25977254670915795,"(1383, 1944)"
22516db4-8687-4051-90c4-2bb1ca3204a5.png,1920000,1370801,549199,0.7139588541666667,0.28604114583333334,"(1200, 1600)"
22a464ef-c3da-4d56-b37e-e22e95d945e7.png,1920000,1181679,738321,0.6154578125,0.3845421875,"(1200, 1600)"
22cbf509-c9bf-46ec-bfce-f079c6b76c8c.png,1920000,1394222,525778,0.7261572916666666,0.27384270833333335,"(1200, 1600)"
2374ae5b-c2df-4db5-afea-c54180aa22e3.png,1920000,1265381,654619,0.6590526041666667,0.34094739583333333,"(1200, 1600)"
239f17eb-a2e2-47e9-82e3-fa0d9a70fb9f.png,1920000,1220963,699037,0.6359182291666666,0.3640817708333333,"(1200, 1600)"
23e581e7-0fb7-42ff-ba55-a86beefc0619.png,2688552,2169929,518623,0.8070995093269537,0.19290049067304632,"(1383, 1944)"
24115f58-a7d6-4022-a95a-86b515a78d3e.png,1920000,1054401,865599,0.5491671875,0.4508328125,"(1200, 1600)"
24418314-f7a4-49fc-a03e-ec597ca6796e.png,1920000,1120104,799896,0.5833875,0.4166125,"(1200, 1600)"
244ac6fa-8a92-4214-9cf4-ae0811d9ec7e.png,1920000,1564812,355188,0.81500625,0.18499375,"(1200, 1600)"
24879caf-a327-464c-9cd9-e0f3d9161079.png,1920000,1661181,258819,0.8651984375,0.1348015625,"(1200, 1600)"
25132962-ff5d-4737-995f-c54d8490539b.png,1920000,1346262,573738,0.701178125,0.298821875,"(1200, 1600)"
2518f6e4-29cc-4ae4-a914-b215a4c56099.png,1920000,648982,1271018,0.33801145833333335,0.6619885416666667,"(1200, 1600)"
252071ac-e9f2-41d2-abbb-87ef01b8a997.png,1920000,633105,1286895,0.3297421875,0.6702578125,"(1200, 1600)"
2559636b-f01a-4414-93da-210c3b12d153.png,1920000,1377341,542659,0.7173651041666667,0.28263489583333334,"(1200, 1600)"
255d5f0c-87fc-4337-bb51-07c440df4f1b.png,1920000,1354466,565534,0.7054510416666666,0.29454895833333333,"(1200, 1600)"
25865b39-56fb-409a-8800-3d368dd264ed.png,2688552,1633862,1054690,0.607710767729246,0.3922892322707539,"(1383, 1944)"
2596eb32-1323-41e9-8c0f-64819abcfc73.png,1920000,1375654,544346,0.7164864583333334,0.28351354166666665,"(1200, 1600)"
259da25f-40f3-4d37-bca9-a9c807af1547.png,1920000,1270097,649903,0.6615088541666667,0.33849114583333334,"(1200, 1600)"
25c6cfb1-01d0-4864-87f9-02b7593683c7.png,1920000,1207249,712751,0.6287755208333333,0.3712244791666667,"(1200, 1600)"
25cfca07-2101-484f-b312-a927395f2651.png,1920000,1359683,560317,0.7081682291666667,0.29183177083333334,"(1200, 1600)"
25ddc1ca-d368-4fff-b1ad-1dbf1e7c97aa.png,1920000,1387952,532048,0.7228916666666667,0.27710833333333335,"(1200, 1600)"
261562a8-ffd8-4e0e-919b-22e267000b74.png,1920000,771931,1148069,0.4020473958333333,0.5979526041666666,"(1200, 1600)"
266180ed-77a3-4284-8292-50a49fc47fce.png,1920000,1393593,526407,0.7258296875,0.2741703125,"(1200, 1600)"
26799d2b-a289-4eff-9218-0aad77e05e41.png,1920000,1322121,597879,0.6886046875,0.3113953125,"(1200, 1600)"
27388ff2-4000-4c9a-a2e3-addc448a5f92.png,1920000,1462774,457226,0.7618614583333333,0.23813854166666668,"(1200, 1600)"
27cdd837-e40f-491e-8adb-61e493189832.png,1920000,1543910,376090,0.8041197916666667,0.19588020833333333,"(1200, 1600)"
27fab82c-5bf0-426f-aeb9-47da829b6629.png,1920000,1325293,594707,0.6902567708333334,0.3097432291666667,"(1200, 1600)"
289ef1b7-02d5-42e9-a401-687688181306.png,1920000,1506428,413572,0.7845979166666667,0.21540208333333333,"(1200, 1600)"
28bd16ba-2bcf-46af-b889-41b78d2a50c0.png,1920000,1561289,358711,0.8131713541666666,0.18682864583333333,"(1200, 1600)"
28c96a4a-4549-4761-99e4-ace4ea7e7ac9.png,1920000,1507466,412534,0.7851385416666666,0.21486145833333334,"(1200, 1600)"
291fe50c-2134-4708-bfa4-09b36ffea123.png,2688552,2258625,429927,0.8400897583531953,0.15991024164680467,"(1383, 1944)"
294bc238-efdb-4f88-b83b-f41fe5750106.png,2688552,1582910,1105642,0.5887593024051608,0.41124069759483917,"(1383, 1944)"
29539cb0-1c52-46b2-9302-552f8349dc71.png,1920000,1250197,669803,0.6511442708333334,0.3488557291666667,"(1200, 1600)"
29648565-fe28-4517-ba72-68df0c82c9c5.png,1920000,1025984,894016,0.5343666666666667,0.46563333333333334,"(1200, 1600)"
29861cf9-9a1e-4733-8309-4bd10706b4a3.png,1920000,1323704,596296,0.6894291666666666,0.31057083333333335,"(1200, 1600)"
29d40b60-cde1-45b5-b403-692437a77ac1.png,1920000,1431140,488860,0.7453854166666667,0.2546145833333333,"(1200, 1600)"
29d4b75f-d400-4702-a9ac-e5a4ed1a1db1.png,1920000,1512476,407524,0.7877479166666667,0.21225208333333334,"(1200, 1600)"
29dc8176-dfe1-40e0-8247-2dc3c530057e.png,1920000,1453822,466178,0.7571989583333333,0.24280104166666666,"(1200, 1600)"
2a02cec2-a09b-483a-ad38-14359a763fa4.png,1920000,1168398,751602,0.608540625,0.391459375,"(1200, 1600)"
2a6370b0-08f1-4c11-a639-265d4419c9a3.png,1920000,1512971,407029,0.7880057291666667,0.21199427083333333,"(1200, 1600)"
2a91387a-d30f-418d-ac3a-f7cfa6836261.png,1920000,1289592,630408,0.6716625,0.3283375,"(1200, 1600)"
2ac343e4-c889-47c1-8fe2-461b626def76.png,1920000,1382522,537478,0.7200635416666666,0.27993645833333336,"(1200, 1600)"
2ae3e6e6-7482-4ab8-ad73-b530b5c2ee3b.png,1920000,1249454,670546,0.6507572916666666,0.3492427083333333,"(1200, 1600)"
2aeb7b85-7df9-4a63-8d37-2eecaaa190e7.png,1920000,1045709,874291,0.5446401041666666,0.4553598958333333,"(1200, 1600)"
2afe2750-c963-46f9-a1ad-9260e80679ca.png,1920000,1760051,159949,0.9166932291666666,0.08330677083333334,"(1200, 1600)"
2b128a1a-95ed-408b-b9f8-8795cc814d80.png,1920000,1360057,559943,0.7083630208333334,0.29163697916666664,"(1200, 1600)"
2b369d75-9c55-43e0-b352-d981aea544e3.png,1920000,1259437,660563,0.6559567708333334,0.3440432291666667,"(1200, 1600)"
2bd15b6e-fe2d-49f3-b394-940d024d1f91.png,1920000,1234319,685681,0.6428744791666666,0.3571255208333333,"(1200, 1600)"
2bd26501-2fbc-4c1a-bef0-4ad57e02b4d0.png,1920000,1176043,743957,0.6125223958333333,0.38747760416666666,"(1200, 1600)"
2bed2796-75a9-4d93-bb2d-e3ccbe1a5cbe.png,1920000,1392224,527776,0.7251166666666666,0.2748833333333333,"(1200, 1600)"
2c03b3c9-7786-4e1b-ac2b-c98e9f8358f2.png,2688552,2313888,374664,0.8606446890370727,0.13935531096292725,"(1383, 1944)"
2c1eaf87-3fd3-4803-92b8-23bab40bf28c.png,1920000,1467773,452227,0.7644651041666667,0.23553489583333334,"(1200, 1600)"
2c4d72f1-71a6-4bf1-b5d9-8023c7bbec74.png,1920000,1585303,334697,0.8256786458333333,0.17432135416666666,"(1200, 1600)"
2cc3c4ad-670f-41b6-8910-0704cbc192ef.png,1920000,1662116,257884,0.8656854166666667,0.13431458333333332,"(1200, 1600)"
2d0f600d-f94e-4907-b712-52fb37d9ed52.png,1920000,1156374,763626,0.602278125,0.397721875,"(1200, 1600)"
2d2e81f3-e329-4765-9ba1-2c95f12dc9f3.png,1920000,1335292,584708,0.6954645833333334,0.30453541666666667,"(1200, 1600)"
2d857091-efcd-41c0-ba3f-226de90445c4.png,1920000,1051614,868386,0.547715625,0.452284375,"(1200, 1600)"
2dbf6f69-e020-4948-9e49-4b33edb7cebd.png,1920000,1471105,448895,0.7662005208333333,0.23379947916666666,"(1200, 1600)"
2e8d6a43-0110-4bf4-8e70-20567e513b81.png,1920000,1509936,410064,0.786425,0.213575,"(1200, 1600)"
2f3ebec8-ef64-420d-9aa0-c2fcadc27d74.png,1920000,1528607,391393,0.7961494791666667,0.20385052083333333,"(1200, 1600)"
2f6224be-50d0-4e85-94ef-88315df561b6.png,1920000,1074679,845321,0.5597286458333334,0.4402713541666667,"(1200, 1600)"
2f68686f-1fe8-46e7-ad92-a08e3523ea79.png,1920000,1522459,397541,0.7929473958333333,0.20705260416666665,"(1200, 1600)"
2f9f400d-2d67-4118-aaa1-9094bc4b0e47.png,1920000,1649888,270112,0.8593166666666666,0.14068333333333333,"(1200, 1600)"
2fdbd9bc-bbaf-44c2-b40c-d193709639fa.png,1920000,1359006,560994,0.707815625,0.292184375,"(1200, 1600)"
3003252a-2d2e-4687-ad30-9c38d68f1394.png,1920000,1291859,628141,0.6728432291666666,0.32715677083333333,"(1200, 1600)"
3006096f-ceeb-42be-b69e-785179d7438b.png,1920000,1310318,609682,0.6824572916666667,0.3175427083333333,"(1200, 1600)"
30167dc1-f739-4036-b5c4-5fad435c2c67.png,1920000,1600238,319762,0.8334572916666667,0.16654270833333334,"(1200, 1600)"
3061aac0-cda3-47d1-8c48-6293e9ffdf36.png,1920000,1665633,254367,0.8675171875,0.1324828125,"(1200, 1600)"
3090a362-1f3d-49e9-a76e-ce76ff9c2276.png,1920000,1191127,728873,0.6203786458333334,0.37962135416666665,"(1200, 1600)"
30948737-0d0d-4b68-b9ab-50577e0fe026.png,1920000,1328402,591598,0.6918760416666667,0.30812395833333334,"(1200, 1600)"
30ad83f1-a9b3-4a07-aea6-6c06b71e9ace.png,1920000,1733747,186253,0.9029932291666667,0.09700677083333334,"(1200, 1600)"
3130f950-8345-4315-9711-92f7af3f5c14.png,1920000,1485021,434979,0.7734484375,0.2265515625,"(1200, 1600)"
313ed8d9-3c00-4415-9de0-0eda07c60ad9.png,1920000,1537934,382066,0.8010072916666666,0.19899270833333332,"(1200, 1600)"
31435107-c77d-42f8-a619-75cba6a5161b.png,1920000,1248470,671530,0.6502447916666667,0.34975520833333335,"(1200, 1600)"
3147f1e4-6fc4-4eff-a9dd-ddeee5e2de13.png,2688552,2101358,587194,0.7815947022784011,0.21840529772159883,"(1383, 1944)"
31653d0f-c4e6-4e12-8005-518c2de34687.png,1920000,1311594,608406,0.683121875,0.316878125,"(1200, 1600)"
318de807-7232-4ab1-843e-a901547c0125.png,1920000,1618154,301846,0.8427885416666666,0.15721145833333333,"(1200, 1600)"
319c9c52-f316-49f3-baad-4444ab19f85b.png,1920000,1127113,792887,0.5870380208333333,0.41296197916666666,"(1200, 1600)"
31af9c31-7868-44a6-8eb4-82ce118af425.png,1920000,1671627,248373,0.8706390625,0.1293609375,"(1200, 1600)"
31c62771-4e90-4038-9abc-d196beda9898.png,2688552,2445307,243245,0.9095256480068081,0.09047435199319187,"(1383, 1944)"
31c749e8-18d1-4105-b7e6-8319cceddae0.png,1920000,1388183,531817,0.7230119791666667,0.27698802083333335,"(1200, 1600)"
32700bc7-7a86-49d3-aded-ccaaed4ddc5c.png,1920000,1513959,406041,0.7885203125,0.2114796875,"(1200, 1600)"
32a1ea24-b6b7-4253-ad3e-bdf99c2c9b9d.png,1920000,1400168,519832,0.7292541666666666,0.27074583333333335,"(1200, 1600)"
33068c1a-48f7-470b-8e49-e2f0888042e9.png,1920000,1451481,468519,0.7559796875,0.2440203125,"(1200, 1600)"
3317d733-ec0d-45e6-b631-40457392f343.png,1920000,1107442,812558,0.5767927083333333,0.42320729166666665,"(1200, 1600)"
334bf865-e3fb-4200-bd53-d9ff5808ed9f.png,1920000,1183104,736896,0.6162,0.3838,"(1200, 1600)"
33bdb7b5-ad5b-4a73-bbc2-3350f8c2ac0c.png,1920000,1268458,651542,0.6606552083333334,0.33934479166666665,"(1200, 1600)"
340a1727-0df7-4e6f-9c0e-9c5deddbfca2.png,1920000,1238150,681850,0.6448697916666667,0.3551302083333333,"(1200, 1600)"
345cb914-7583-49df-96e3-3cf19c2ba8f1.png,1920000,1378673,541327,0.7180588541666667,0.28194114583333335,"(1200, 1600)"
34950f4e-fe44-49ec-9d49-14bd4a8ce7c0.png,2688552,2044310,644242,0.7603758454365026,0.23962415456349737,"(1383, 1944)"
34a70114-d3e3-4351-b8db-f6caab17e743.png,1920000,1522983,397017,0.7932203125,0.2067796875,"(1200, 1600)"
34df8890-272d-423a-ae78-ff8d068d3306.png,1920000,1239119,680881,0.6453744791666667,0.3546255208333333,"(1200, 1600)"
34e024a5-5698-42d4-972f-fee234b4bd64.png,1920000,1153675,766325,0.6008723958333333,0.39912760416666665,"(1200, 1600)"
34f334e6-a163-4af7-a1ed-51a7ef15934a.png,2688552,2258915,429637,0.8401976231071595,0.15980237689284046,"(1383, 1944)"
351d6536-3a5c-46eb-a6e4-d71dd999908a.png,2688552,1823138,865414,0.6781114890096974,0.3218885109903026,"(1383, 1944)"
3612aa3b-2906-44a6-9c80-6144511a35ce.png,1920000,1598526,321474,0.832565625,0.167434375,"(1200, 1600)"
361a3578-4cbb-422b-9e3c-b5e61395b12e.png,1920000,1827987,92013,0.9520765625,0.0479234375,"(1200, 1600)"
36569710-a574-40be-ad42-897a6e74a128.png,1920000,978508,941492,0.5096395833333334,0.4903604166666667,"(1200, 1600)"
367663b2-5d09-4020-ab0a-c2200e7a1c8c.png,1920000,1485878,434122,0.7738947916666666,0.22610520833333334,"(1200, 1600)"
370277f8-436b-4103-8210-b4feb5ab95ea.png,1920000,866922,1053078,0.451521875,0.548478125,"(1200, 1600)"
3722d213-f2a9-46d5-aa76-9183b443e455.png,1920000,1357673,562327,0.7071213541666667,0.29287864583333334,"(1200, 1600)"
3768c577-4e5e-4d70-8c4d-93d8aacd5baa.png,1920000,1569609,350391,0.8175046875,0.1824953125,"(1200, 1600)"
37a5a96b-f76e-4607-82fd-f47f7f2903c6.png,2688552,1544476,1144076,0.5744638749780551,0.4255361250219449,"(1383, 1944)"
37a94c0f-e5d4-46fc-b4f8-994d477995fd.png,1920000,1287472,632528,0.6705583333333334,0.3294416666666667,"(1200, 1600)"
37b4142a-2c7d-400d-8f01-4e438845a484.png,2688552,1961613,726939,0.7296169090276104,0.2703830909723896,"(1383, 1944)"
37df4ffb-f268-4557-94d6-bf68d005feae.png,2688552,2323501,365051,0.8642202196572728,0.13577978034272722,"(1383, 1944)"
37e072a6-000d-4773-8d9f-d66b60ace668.png,1920000,1686850,233150,0.8785677083333333,0.12143229166666666,"(1200, 1600)"
3850f2a5-ab62-49d3-8135-68d60baa676b.png,1920000,1205951,714049,0.6280994791666666,0.37190052083333336,"(1200, 1600)"
3859deaf-6ae1-49a3-9051-898d0f0d7de6.png,1920000,989142,930858,0.515178125,0.484821875,"(1200, 1600)"
3892b776-f49a-4368-b0fa-7e855e76ccec.png,1920000,1266852,653148,0.65981875,0.34018125,"(1200, 1600)"
38c69905-8a4f-451a-8d0a-b855dc88dd16.png,1920000,1413391,506609,0.7361411458333333,0.26385885416666666,"(1200, 1600)"
38d1b930-dd97-4248-9160-e9389a1a8dd7.png,1920000,1565461,354539,0.8153442708333334,0.18465572916666667,"(1200, 1600)"
390ad256-e1ed-476a-9f14-2dc34e0da632.png,1920000,1490455,429545,0.7762786458333333,0.22372135416666666,"(1200, 1600)"
3911fcd2-4e26-4ad9-aaf0-d1c5bf41defc.png,1920000,1044571,875429,0.5440473958333333,0.45595260416666666,"(1200, 1600)"
393df10a-5d64-476b-88f5-14ac56d6ed60.png,1920000,1420398,499602,0.739790625,0.260209375,"(1200, 1600)"
397f37bc-a3a4-4257-9430-c8fc5716f8b1.png,1920000,1298529,621471,0.6763171875,0.3236828125,"(1200, 1600)"
39cc33be-d752-40fe-b7a8-2e69a3517205.png,1920000,1056839,863161,0.5504369791666667,0.4495630208333333,"(1200, 1600)"
3a8f468f-f9de-46a8-a7c8-f2be239fa207.png,1920000,873813,1046187,0.4551109375,0.5448890625,"(1200, 1600)"
3abbc4d3-1d7e-40c9-9963-33732da7cc50.png,1920000,1366965,553035,0.7119609375,0.2880390625,"(1200, 1600)"
3af90874-59f3-4f0c-a7e6-cc889e80c605.png,1920000,1566893,353107,0.8160901041666667,0.18390989583333334,"(1200, 1600)"
3b13e20f-ec0d-44ec-b2f4-eaebfa09150e.png,1920000,1101595,818405,0.5737473958333333,0.42625260416666666,"(1200, 1600)"
3b4440f7-a69b-4042-a9d0-d6958abcdf4e.png,1920000,1479789,440211,0.7707234375,0.2292765625,"(1200, 1600)"
3b55c42f-ad59-422f-ba99-4f4f4ca9cb2e.png,1920000,729998,1190002,0.38020729166666667,0.6197927083333333,"(1200, 1600)"
3b5a8060-dec6-4a83-b7f2-b604e4e69dfc.png,1920000,826625,1093375,0.4305338541666667,0.5694661458333333,"(1200, 1600)"
3b601a1b-26d8-4873-afcf-fdd1b1e0010c.png,1920000,1648602,271398,0.858646875,0.141353125,"(1200, 1600)"
3cdcb09b-6a8c-43ca-b1d0-c1a289202f65.png,1920000,1202718,717282,0.626415625,0.373584375,"(1200, 1600)"
3ce76f1d-636a-48b9-b0e3-fc7eb791a169.png,2688552,2254590,433962,0.8385889504833829,0.1614110495166171,"(1383, 1944)"
3d1429ed-4619-41f7-8ff3-d698ad28034c.png,1920000,1519008,400992,0.79115,0.20885,"(1200, 1600)"
3d1b889e-bb4a-4ee6-b899-974ee7d956a7.png,1920000,1238751,681249,0.6451828125,0.3548171875,"(1200, 1600)"
3d302619-473d-4c5b-af43-8833ff94233f.png,1920000,1221904,698096,0.6364083333333334,0.36359166666666665,"(1200, 1600)"
3d32a988-449d-4d58-b71f-abbfdc3f2fbc.png,1920000,770130,1149870,0.401109375,0.598890625,"(1200, 1600)"
3d4d7ba7-6c7c-4ddd-b282-31fb5d80edb5.png,1920000,1381710,538290,0.719640625,0.280359375,"(1200, 1600)"
3d8fb5bf-3315-48fb-8ab1-802eafd550bc.png,1920000,936584,983416,0.48780416666666665,0.5121958333333333,"(1200, 1600)"
3dad6483-ac30-4d2b-b045-9f24fe6ff75e.png,1920000,1293974,626026,0.6739447916666667,0.32605520833333335,"(1200, 1600)"
3dcd4f1b-ce43-4a34-b1ed-076bb42963b1.png,1920000,1038671,881329,0.5409744791666666,0.4590255208333333,"(1200, 1600)"
3de03fa2-3ad3-43fc-8435-b2a80bdd7550.png,1920000,1488215,431785,0.7751119791666666,0.22488802083333334,"(1200, 1600)"
3e03b313-66eb-471f-a97a-7b2bf20dcff5.png,2688552,1762347,926205,0.6555004329468056,0.34449956705319446,"(1383, 1944)"
3e33ee12-ef02-4287-8318-7ad3b284a617.png,1920000,1352279,567721,0.7043119791666667,0.29568802083333334,"(1200, 1600)"
3e36698f-8c09-4c8b-8948-737310bf97e5.png,1920000,1396190,523810,0.7271822916666667,0.27281770833333335,"(1200, 1600)"
3e753a44-3264-438c-8389-a7822e4a84cc.png,1920000,1463082,456918,0.762021875,0.237978125,"(1200, 1600)"
3e764461-22ee-44d3-925d-cd658ff7d154.png,1920000,1169473,750527,0.6091005208333333,0.3908994791666667,"(1200, 1600)"
3eba916c-998b-40a7-993c-7ed916c2a04c.png,1920000,1206775,713225,0.6285286458333333,0.37147135416666666,"(1200, 1600)"
3f106606-9a21-40d5-b849-273866fe0f49.png,1920000,1440530,479470,0.7502760416666666,0.24972395833333333,"(1200, 1600)"
3f26fbbc-deb1-494f-b71c-c7cb3d4819fb.png,1920000,1258888,661112,0.6556708333333333,0.3443291666666667,"(1200, 1600)"
3f390b82-8859-4c27-bbfe-d1b242477f63.png,1920000,1575263,344737,0.8204494791666667,0.17955052083333334,"(1200, 1600)"
3f8c5ae1-b9fd-464b-8e91-98143ddd8d29.png,1920000,1551511,368489,0.8080786458333333,0.19192135416666667,"(1200, 1600)"
3fa1a4e3-c80d-49da-8f7b-a1abb0424f48.png,1920000,918207,1001793,0.4782328125,0.5217671875,"(1200, 1600)"
3ff98212-7c2a-46cd-afb7-34a2479bed07.png,1920000,1417009,502991,0.7380255208333333,0.26197447916666666,"(1200, 1600)"
4063945d-03fc-4ce3-a04c-17435dce8f91.png,1920000,1080896,839104,0.5629666666666666,0.43703333333333333,"(1200, 1600)"
406e05f0-4444-414c-bb40-f4cb08e75ac9.png,1920000,1400249,519751,0.7292963541666667,0.27070364583333334,"(1200, 1600)"
408745a6-79fb-4804-9c24-e2d6673f8f2e.png,2688552,2074832,613720,0.7717284248175226,0.2282715751824774,"(1383, 1944)"
412c9fa5-fcf4-402b-b1e4-3271f775058e.png,1920000,1719541,200459,0.8955942708333333,0.10440572916666667,"(1200, 1600)"
415409ac-97b3-4cd9-b203-11ef00662352.png,1920000,1316990,603010,0.6859322916666667,0.3140677083333333,"(1200, 1600)"
4184a235-d209-4151-86e9-6c77e7938dab.png,1920000,1446919,473081,0.7536036458333333,0.24639635416666666,"(1200, 1600)"
419309ef-da3f-4424-93cf-01ff4c52b017.png,1920000,1410034,509966,0.7343927083333334,0.2656072916666667,"(1200, 1600)"
41be1bd3-0d31-4881-bf1f-3ccdfa21ff12.png,2688552,1925112,763440,0.7160404559777903,0.28395954402220974,"(1383, 1944)"
41ebf9a1-24dc-454e-8bf8-508218f5ee57.png,1920000,1402168,517832,0.7302958333333334,0.2697041666666667,"(1200, 1600)"
4257342d-6d77-4671-a84b-1f0c36ccb367.png,1920000,1231673,688327,0.6414963541666666,0.35850364583333333,"(1200, 1600)"
4272cbd7-5b0a-4bf7-b690-dee1c128f07b.png,1920000,1359599,560401,0.7081244791666667,0.29187552083333335,"(1200, 1600)"
42845335-4ab2-4963-806d-0985d1382a31.png,1920000,1202265,717735,0.6261796875,0.3738203125,"(1200, 1600)"
42e87148-a015-4148-923a-fb83016f64e7.png,1920000,1483212,436788,0.77250625,0.22749375,"(1200, 1600)"
43072c64-4c08-47cd-ae8a-b74d31f80008.png,1920000,1498393,421607,0.7804130208333333,0.21958697916666667,"(1200, 1600)"
43158031-a335-4533-9c20-48bebba90123.png,1920000,1269980,650020,0.6614479166666667,0.3385520833333333,"(1200, 1600)"
434523fd-d4d9-4961-a7c2-d71d6ae68e13.png,1920000,1315215,604785,0.6850078125,0.3149921875,"(1200, 1600)"
4372709c-f356-4906-be17-415384d916e8.png,1920000,1476030,443970,0.768765625,0.231234375,"(1200, 1600)"
43bc935a-f655-45e1-a64d-fcb8b78267a6.png,1920000,1526589,393411,0.7950984375,0.2049015625,"(1200, 1600)"
4411fea2-d785-4eeb-80c6-c739ab6114c4.png,1920000,1569955,350045,0.8176848958333334,0.18231510416666666,"(1200, 1600)"
441d7843-b20b-4c10-84e3-e6d32621e880.png,1920000,1296312,623688,0.6751625,0.3248375,"(1200, 1600)"
445d0db9-e830-4ceb-a845-b23d819e6097.png,1920000,1542044,377956,0.8031479166666666,0.19685208333333334,"(1200, 1600)"
446734b7-6bc9-4a66-a3a0-49f6aa90db33.png,2688552,1563556,1124996,0.5815606318940456,0.41843936810595445,"(1383, 1944)"
44b4a765-104e-4182-8871-e933c83c91ef.png,1920000,1484935,435065,0.7734036458333333,0.22659635416666668,"(1200, 1600)"
452482bc-24a3-413e-ba03-fad4c9d61f3c.png,1920000,1299134,620866,0.6766322916666667,0.32336770833333334,"(1200, 1600)"
452ab003-ced5-40cb-82d1-5495d9e068b1.png,1920000,1744391,175609,0.9085369791666666,0.09146302083333334,"(1200, 1600)"
45651e76-4bd0-45e5-895b-edec65f51987.png,1920000,1236407,683593,0.6439619791666666,0.35603802083333336,"(1200, 1600)"
458cb2e9-5a7f-437c-ac5d-a56f98a3efdf.png,1920000,1231306,688694,0.6413052083333334,0.3586947916666667,"(1200, 1600)"
45902b63-be9a-49ae-9ede-3a8015671bc4.png,1920000,1477384,442616,0.7694708333333333,0.23052916666666667,"(1200, 1600)"
45ac9409-5537-44ed-90cd-5c8a1ae0e1e0.png,1920000,1492751,427249,0.7774744791666667,0.22252552083333332,"(1200, 1600)"
45f18ac0-f097-4b20-a99d-8837cf488822.png,1920000,1270394,649606,0.6616635416666666,0.3383364583333333,"(1200, 1600)"
461a3ed6-039f-4a70-97cf-c474ecf51ccd.png,1920000,1608468,311532,0.83774375,0.16225625,"(1200, 1600)"
464055b6-3351-4636-a919-8be9840fb850.png,1920000,1407309,512691,0.7329734375,0.2670265625,"(1200, 1600)"
468c261d-f5d8-423f-883e-48af2bbbc5d1.png,1920000,1155503,764497,0.6018244791666667,0.39817552083333335,"(1200, 1600)"
46a03374-64c7-49ac-81c9-c3d62542bbf3.png,1920000,833493,1086507,0.4341109375,0.5658890625,"(1200, 1600)"
46a2d369-4bea-4405-ac78-91bbe130b9a7.png,1920000,746117,1173883,0.38860260416666664,0.6113973958333333,"(1200, 1600)"
46f5bd4f-8bea-48d1-a1da-4dea28e3b814.png,1920000,1332677,587323,0.6941026041666667,0.3058973958333333,"(1200, 1600)"
47112c6b-aaf6-488d-8f3b-f9ed0cce9a95.png,2688552,2277574,410978,0.8471377901561882,0.15286220984381182,"(1383, 1944)"
471f75c6-bd5d-4c20-bcc1-258e836f4d69.png,1920000,1238670,681330,0.645140625,0.354859375,"(1200, 1600)"
4736f545-1f1f-4d77-9241-d69cbf4dae35.png,1920000,1132092,787908,0.58963125,0.41036875,"(1200, 1600)"
4748ba2b-6771-41d9-93a5-af9ccd559261.png,1920000,1676326,243674,0.8730864583333333,0.12691354166666666,"(1200, 1600)"
4767bfcc-fe87-4962-8c40-6ce8d9363cdf.png,1920000,1684660,235340,0.8774270833333333,0.12257291666666667,"(1200, 1600)"
477e541c-0519-4542-9b13-8ee7922644d3.png,1920000,1333203,586797,0.6943765625,0.3056234375,"(1200, 1600)"
4811fdf2-d7e8-475e-a840-45dda5282bf3.png,1920000,1495700,424300,0.7790104166666667,0.22098958333333332,"(1200, 1600)"
4823c1fe-a7f9-4b92-959f-0d9be09cd14b.png,1920000,1101661,818339,0.5737817708333334,0.4262182291666667,"(1200, 1600)"
4849866a-73a2-4fcf-a407-2d0a25a09a89.png,1920000,1176654,743346,0.612840625,0.387159375,"(1200, 1600)"
4876c9d0-b386-48fb-84e8-91bf87529161.png,1920000,1511761,408239,0.7873755208333333,0.21262447916666666,"(1200, 1600)"
48e2f0bd-2164-40c3-af43-1f2708359978.png,1920000,1309242,610758,0.681896875,0.318103125,"(1200, 1600)"
4903d9c7-de88-426a-b42d-a7e797e5ebcd.png,1920000,1358613,561387,0.7076109375,0.2923890625,"(1200, 1600)"
49288109-80e9-4ec8-96d1-26a0166b8883.png,1920000,1430297,489703,0.7449463541666667,0.25505364583333334,"(1200, 1600)"
4935818a-7e7a-4f44-a3b6-b361d1abfe16.png,1920000,1248589,671411,0.6503067708333333,0.3496932291666667,"(1200, 1600)"
49b03a6e-6b26-4a96-a061-e05647a02138.png,1920000,1311850,608150,0.6832552083333333,0.3167447916666667,"(1200, 1600)"
49c4dbd3-6269-4d4c-9648-a2146c57bab1.png,1920000,1357161,562839,0.7068546875,0.2931453125,"(1200, 1600)"
49efc89d-9cba-44f7-8257-7f911b73f68a.png,1920000,1417307,502693,0.7381807291666667,0.26181927083333334,"(1200, 1600)"
4a0a05e1-11ad-4bfc-bfa3-adf3b9bd0b56.png,1920000,1119193,800807,0.5829130208333333,0.41708697916666665,"(1200, 1600)"
4a49841f-216c-4815-8140-b8762c4f6603.png,1920000,1063472,856528,0.5538916666666667,0.44610833333333333,"(1200, 1600)"
4a717a39-80f8-4b75-a25e-c46d65d7dcd5.png,1920000,1330385,589615,0.6929088541666667,0.30709114583333336,"(1200, 1600)"
4aad9589-6b32-4522-bcd7-ca04687a02ca.png,1920000,1698312,221688,0.8845375,0.1154625,"(1200, 1600)"
4ab47131-c2ac-461f-b95c-ac19ce24edbd.png,1920000,1055967,864033,0.5499828125,0.4500171875,"(1200, 1600)"
4adcaa26-aa1f-47b5-bdf0-18c9f814f576.png,1920000,1446843,473157,0.7535640625,0.2464359375,"(1200, 1600)"
4b346035-b8c0-46ca-8fdb-a01b1421ee4a.png,1920000,1048941,871059,0.5463234375,0.4536765625,"(1200, 1600)"
4b3a49bc-8536-4760-9553-440a6f64db37.png,1920000,1285737,634263,0.6696546875,0.3303453125,"(1200, 1600)"
4b3de416-ac61-43eb-80d0-36b81c4baf82.png,2688552,2267080,421472,0.8432345738523934,0.15676542614760658,"(1383, 1944)"
4c13e22e-dfd1-4fa1-b373-be9d0c272c0f.png,1920000,825511,1094489,0.42995364583333334,0.5700463541666667,"(1200, 1600)"
4c460388-e0c1-4970-8527-c9e5b42bea49.png,1920000,1553794,366206,0.8092677083333333,0.19073229166666666,"(1200, 1600)"
4c7d2382-a962-4237-a053-955eea3decd8.png,1920000,1253932,666068,0.6530895833333333,0.34691041666666667,"(1200, 1600)"
4cccfcf0-cac9-46f0-870c-0eabfdc781ba.png,1920000,1191252,728748,0.62044375,0.37955625,"(1200, 1600)"
4ce5a070-9ede-4bb1-9ca2-1bae5746776b.png,1920000,1492865,427135,0.7775338541666666,0.22246614583333332,"(1200, 1600)"
4d0a1598-e4dd-45c4-8a90-dd7c780fe1da.png,1920000,1197941,722059,0.6239276041666667,0.37607239583333335,"(1200, 1600)"
4d88e2d2-5aad-410c-9bbc-702ee9496995.png,1920000,1316962,603038,0.6859177083333333,0.3140822916666667,"(1200, 1600)"
4d8a4ce8-0f9c-4f21-8844-4cf0e5514bbf.png,1920000,966083,953917,0.5031682291666667,0.49683177083333335,"(1200, 1600)"
4da8f6c5-5f85-4280-92d0-1ba008e8c404.png,2688552,1960965,727587,0.7293758870946145,0.2706241129053855,"(1383, 1944)"
4dcd5df9-c56c-471b-8d44-fa4b1ca9a600.png,2688552,2024965,663587,0.7531805224522345,0.24681947754776548,"(1383, 1944)"
4e2873dd-651e-4ecc-ac70-7335cf21a469.png,1920000,1545601,374399,0.8050005208333333,0.19499947916666666,"(1200, 1600)"
4e43fc22-dc08-4cde-b3ce-ce8a4f377c47.png,1920000,1199148,720852,0.62455625,0.37544375,"(1200, 1600)"
4f62b14e-c6f4-4155-8f50-881558f83fae.png,1920000,1268079,651921,0.6604578125,0.3395421875,"(1200, 1600)"
4fac16e1-8e62-499b-a66b-c4c890372914.png,1920000,1473552,446448,0.767475,0.232525,"(1200, 1600)"
4fb83278-adc5-4424-9f45-b6d0db2955b6.png,1920000,1092387,827613,0.5689515625,0.4310484375,"(1200, 1600)"
4fc9a597-aaa8-43b0-ad1c-2eabbe442e84.png,1920000,980689,939311,0.5107755208333333,0.48922447916666667,"(1200, 1600)"
505355c9-23bf-4f90-8ebc-6a7ef50964d0.png,1920000,1346485,573515,0.7012942708333333,0.29870572916666666,"(1200, 1600)"
50715879-2300-4dba-8f4a-3314ff8cfcce.png,1920000,1482015,437985,0.7718828125,0.2281171875,"(1200, 1600)"
5077f87d-a19f-494c-b911-14ccb03bd230.png,1920000,1563322,356678,0.8142302083333334,0.18576979166666666,"(1200, 1600)"
50d52637-f5e0-4d0d-aaee-4a29f044cf74.png,1920000,1536752,383248,0.8003916666666666,0.19960833333333333,"(1200, 1600)"
50d7c6c9-3230-48fe-947c-7dcfd0aad710.png,1920000,1462631,457369,0.7617869791666667,0.23821302083333334,"(1200, 1600)"
50d9fc90-8642-4bb6-91a7-0069a7e37392.png,1920000,1574625,345375,0.8201171875,0.1798828125,"(1200, 1600)"
50f2f514-6c8e-4c79-b3b3-0be56dd0b78b.png,1920000,1488778,431222,0.7754052083333334,0.22459479166666665,"(1200, 1600)"
5107dcb7-164f-4e10-bbff-822b39b76efc.png,1920000,1314881,605119,0.6848338541666666,0.31516614583333336,"(1200, 1600)"
511b6e13-acd7-4dd3-b1d0-c4aa10a514c7.png,2688552,1212361,1476191,0.4509345551062431,0.549065444893757,"(1383, 1944)"
516bf1d5-5d00-4985-926c-3993e9bc3ff5.png,1920000,1352338,567662,0.7043427083333333,0.29565729166666666,"(1200, 1600)"
51a42643-256f-463a-bf22-7fd295caead0.png,2688552,1607656,1080896,0.5979635134451556,0.4020364865548444,"(1383, 1944)"
51c6bc6b-4f37-4ce3-b624-840b27c1584a.png,2688552,2323478,365074,0.8642116648664411,0.13578833513355887,"(1383, 1944)"
51e86aa9-caa0-4297-94e8-34a57d7f7e36.png,1920000,1473253,446747,0.7673192708333333,0.23268072916666666,"(1200, 1600)"
51f6463c-1622-4c0d-8482-b864e0ed2e74.png,2688552,1982514,706038,0.7373909822090107,0.26260901779098933,"(1383, 1944)"
521a26aa-0a31-4c07-b4d0-fac08eb08344.png,1920000,1528581,391419,0.7961359375,0.2038640625,"(1200, 1600)"
52767904-4cdc-4821-ba68-8cd0c28f9023.png,1920000,1441595,478405,0.7508307291666667,0.24916927083333335,"(1200, 1600)"
530761d4-1931-44cd-b220-d60db0e228f9.png,1920000,1255445,664555,0.6538776041666666,0.3461223958333333,"(1200, 1600)"
533c47c9-02a6-419b-961b-81797f022f6c.png,1920000,1353591,566409,0.7049953125,0.2950046875,"(1200, 1600)"
5397d8e2-bb09-42e7-9861-65ffad0fe94e.png,1920000,1505185,414815,0.7839505208333334,0.21604947916666667,"(1200, 1600)"
53afd70c-08a7-4b9a-b137-7003b2ecbeab.png,1920000,1350684,569316,0.70348125,0.29651875,"(1200, 1600)"
540a5fee-175b-4b92-bf62-1ea9b59c86c6.png,1920000,997475,922525,0.5195182291666667,0.4804817708333333,"(1200, 1600)"
5487faad-24a7-46b6-92d8-479d3a8d229f.png,1920000,1356414,563586,0.706465625,0.293534375,"(1200, 1600)"
54c88d45-30c3-46f8-8fef-b3e9c07781f2.png,2688552,2559847,128705,0.9521285063483987,0.04787149365160131,"(1383, 1944)"
55078c19-bfaf-4988-a779-767e1c6d22f6.png,2688552,2205288,483264,0.8202511984146112,0.17974880158538872,"(1383, 1944)"
550cf4ce-b641-44a3-8487-3e16d4049187.png,1920000,1182699,737301,0.6159890625,0.3840109375,"(1200, 1600)"
555c6ea2-c76c-4e71-af57-855d940c2b37.png,1920000,1501010,418990,0.7817760416666667,0.21822395833333333,"(1200, 1600)"
55836297-fc8e-4e00-9767-0d12b86e4604.png,1920000,1226514,693486,0.638809375,0.361190625,"(1200, 1600)"
55f8c052-8e49-4423-a4c4-365fc6afb6e1.png,1920000,1631015,288985,0.8494869791666667,0.15051302083333334,"(1200, 1600)"
56077789-8580-41b4-89d6-deea227e5c60.png,1920000,1064441,855559,0.5543963541666667,0.44560364583333334,"(1200, 1600)"
565513be-2c20-4ee3-94f3-093869515d3d.png,1920000,1466502,453498,0.763803125,0.236196875,"(1200, 1600)"
56551792-4aa1-4301-9f8f-8bfebcd20050.png,1920000,1251564,668436,0.65185625,0.34814375,"(1200, 1600)"
56a57a8d-c9b9-432a-a3b0-32a09355806c.png,1920000,898971,1021029,0.4682140625,0.5317859375,"(1200, 1600)"
56adbb1e-96a8-40a5-a5a2-243c97ea889b.png,1920000,1194426,725574,0.622096875,0.377903125,"(1200, 1600)"
56fbae44-4677-47f8-9c3a-22dac043c115.png,1920000,1440152,479848,0.7500791666666666,0.24992083333333334,"(1200, 1600)"
5721e41b-90ef-4851-8587-8dc71227ef90.png,1920000,1065011,854989,0.5546932291666666,0.4453067708333333,"(1200, 1600)"
57e1879e-4294-45e7-9c1b-627e8cca0271.png,1920000,1242695,677305,0.6472369791666667,0.35276302083333333,"(1200, 1600)"
580210c2-a8ed-4720-b71c-a77945968abc.png,1920000,1513111,406889,0.7880786458333333,0.21192135416666666,"(1200, 1600)"
58065a0c-d4c5-40fd-bcdc-037f61788482.png,1920000,1459466,460534,0.7601385416666666,0.23986145833333333,"(1200, 1600)"
582e4b8b-404e-4b30-9df3-66f2afb3cdb3.png,1920000,1489917,430083,0.7759984375,0.2240015625,"(1200, 1600)"
5836500a-221e-40ca-a8be-caaa37f7d300.png,1920000,1173655,746345,0.6112786458333334,0.38872135416666664,"(1200, 1600)"
584d62ed-4329-45dd-94ce-e929d8b2bb74.png,1920000,817748,1102252,0.4259104166666667,0.5740895833333334,"(1200, 1600)"
58594235-0d32-4a4e-91cd-4c800eaaaa73.png,1920000,1438507,481493,0.7492223958333334,0.25077760416666667,"(1200, 1600)"
587e5464-d70b-4279-8562-010279f6efbd.png,1920000,1232592,687408,0.641975,0.358025,"(1200, 1600)"
5893e081-04f2-4e33-9851-bed5f0e4d333.png,1920000,1628523,291477,0.8481890625,0.1518109375,"(1200, 1600)"
58ced55c-bf0d-4204-b6b2-4f8992d92779.png,1920000,1307462,612538,0.6809697916666667,0.31903020833333334,"(1200, 1600)"
58d75854-be99-484e-89f0-4ab208fe07e0.png,1920000,1345621,574379,0.7008442708333333,0.29915572916666666,"(1200, 1600)"
58f7e1da-3478-48f4-958c-e9b1cb8696aa.png,1920000,1538960,381040,0.8015416666666667,0.19845833333333332,"(1200, 1600)"
592c941a-aa54-4971-b499-dc47356f80a3.png,1920000,1120504,799496,0.5835958333333333,0.4164041666666667,"(1200, 1600)"
5939f341-a886-4f63-ae87-2219d000a1d4.png,1920000,1361914,558086,0.7093302083333334,0.2906697916666667,"(1200, 1600)"
59542a24-b409-4c95-8608-d9691a741526.png,1920000,1273779,646221,0.6634265625,0.3365734375,"(1200, 1600)"
5955289d-19e5-45ef-a012-c8ea08ef45e2.png,1920000,1190776,729224,0.6201958333333333,0.37980416666666666,"(1200, 1600)"
597bbff8-6592-41cf-8946-e59b0d1f289a.png,1920000,1458238,461762,0.7594989583333334,0.24050104166666667,"(1200, 1600)"
59daa25e-85d6-42f2-8f39-cc9f9d5d252e.png,1920000,1629668,290332,0.8487854166666666,0.15121458333333335,"(1200, 1600)"
59dc7da9-35d1-421e-a61b-1e9637bfbfa1.png,1920000,1369403,550597,0.7132307291666666,0.2867692708333333,"(1200, 1600)"
59f5699f-885f-4004-b783-a60060144e43.png,1920000,1733768,186232,0.9030041666666667,0.09699583333333334,"(1200, 1600)"
5a043d69-f435-46d4-8691-395c1602a76a.png,1920000,1356500,563500,0.7065104166666667,0.29348958333333336,"(1200, 1600)"
5a0628af-4c0a-4ba6-a935-4ec94c9c700e.png,1920000,1691450,228550,0.8809635416666667,0.11903645833333333,"(1200, 1600)"
5a105b89-c592-4d78-b208-7db6c6572752.png,1920000,1225154,694846,0.6381010416666667,0.36189895833333335,"(1200, 1600)"
5a2447bf-a92b-4a47-a384-4b2ff020ecdc.png,2688552,2191579,496973,0.8151521711315236,0.18484782886847642,"(1383, 1944)"
5a386082-397f-4524-a6f9-c2b8efe5014d.png,1920000,923975,996025,0.4812369791666667,0.5187630208333334,"(1200, 1600)"
5a539312-6cfa-43e6-8d5d-db883f343ad9.png,1920000,1575308,344692,0.8204729166666667,0.17952708333333334,"(1200, 1600)"
5a631871-2fc7-4a68-9c39-f3b9a0bf4a04.png,1920000,796732,1123268,0.41496458333333336,0.5850354166666667,"(1200, 1600)"
5bf91ff9-80df-49c0-9c3e-599357d95530.png,1920000,1304984,615016,0.6796791666666666,0.32032083333333333,"(1200, 1600)"
5bfde411-aa51-45d0-8b67-a57c5f1e628b.png,2688552,2108799,579753,0.7843623630861519,0.21563763691384805,"(1383, 1944)"
5c037ffc-f515-48b3-b231-c110fbd2b8ca.png,1920000,803215,1116785,0.4183411458333333,0.5816588541666666,"(1200, 1600)"
5c399ab9-492c-4bfc-a452-83aba574a3bc.png,2688552,2168610,519942,0.8066089106701302,0.19339108932986976,"(1383, 1944)"
5c5b7965-1a44-44b8-aa43-660823e61821.png,1920000,1331990,588010,0.6937447916666667,0.3062552083333333,"(1200, 1600)"
5c68070c-3391-4db6-8c01-94175105dbea.png,1920000,1117941,802059,0.5822609375,0.4177390625,"(1200, 1600)"
5c99cd97-39f6-4809-9528-9d380cc16b16.png,1920000,1229564,690436,0.6403979166666667,0.3596020833333333,"(1200, 1600)"
5cac6ddf-c8c6-45de-bce0-a1db64b14fb5.png,1920000,1239025,680975,0.6453255208333334,0.35467447916666667,"(1200, 1600)"
5ccca8ee-abea-458a-a891-bedd31c3ddc3.png,1920000,1174486,745514,0.6117114583333333,0.38828854166666665,"(1200, 1600)"
5d1418d3-1559-4725-ad4a-9afb6eaecdfd.png,1920000,1373182,546818,0.7151989583333334,0.28480104166666664,"(1200, 1600)"
5dec0204-af81-44ef-a942-8a173669c123.png,1920000,1091223,828777,0.5683453125,0.4316546875,"(1200, 1600)"
5dec94a3-e3ca-4a58-9702-88e5a83ef612.png,1920000,1324083,595917,0.6896265625,0.3103734375,"(1200, 1600)"
5e042380-6ef2-496f-8231-0ca550fbfa71.png,1920000,1193406,726594,0.621565625,0.378434375,"(1200, 1600)"
5e17f8e6-fd8d-426c-b444-1515d14f04b7.png,1920000,695678,1224322,0.36233229166666664,0.6376677083333333,"(1200, 1600)"
5e2cea49-0823-49d1-83cf-8fd1559cdd93.png,1920000,1404109,515891,0.7313067708333333,0.26869322916666666,"(1200, 1600)"
5e4f7425-11e6-4f9e-be2d-5a27deb9d1b4.png,1920000,1476351,443649,0.7689328125,0.2310671875,"(1200, 1600)"
5e974892-0ebe-4037-8427-ea8616d6d3b8.png,1920000,741710,1178290,0.38630729166666666,0.6136927083333333,"(1200, 1600)"
5f17d2fb-22fa-4aa6-9dad-6a1d50c03815.png,1920000,1358646,561354,0.707628125,0.292371875,"(1200, 1600)"
5f2b32bd-fdca-4d6f-b13a-ee9f83626c8d.png,1920000,1447543,472457,0.7539286458333333,0.24607135416666667,"(1200, 1600)"
5f300fd1-7eec-41ac-bbd1-0f4a943c757c.png,1920000,1557823,362177,0.8113661458333333,0.18863385416666667,"(1200, 1600)"
5f491efd-a21c-4a80-aaba-70b8876238ac.png,1920000,1261473,658527,0.6570171875,0.3429828125,"(1200, 1600)"
5f66d20c-fbfe-44ec-a01b-8a09da24807e.png,1920000,1401062,518938,0.7297197916666667,0.2702802083333333,"(1200, 1600)"
5f742392-278d-461c-a848-08def2c28878.png,1920000,1102640,817360,0.5742916666666666,0.42570833333333336,"(1200, 1600)"
5f783f43-0090-4f8a-bd75-9562f4aa2dd5.png,1920000,546951,1373049,0.2848703125,0.7151296875,"(1200, 1600)"
5ff7c0c8-d208-4e7d-958d-ca3c2260ff39.png,1920000,1162250,757750,0.6053385416666667,0.3946614583333333,"(1200, 1600)"
6013bff0-dc4b-4bde-9409-0f6139c3495c.png,1920000,1378476,541524,0.71795625,0.28204375,"(1200, 1600)"
6040cf0d-9dd6-4798-9406-1afbbcd24d4c.png,2688552,2104005,584547,0.7825792471188953,0.21742075288110477,"(1383, 1944)"
604478c7-1259-441a-8ad0-7059e191c9e4.png,2688552,1677080,1011472,0.6237855916493339,0.3762144083506661,"(1383, 1944)"
612bdd3c-da43-4321-a76b-c73c614928d1.png,1920000,1393215,526785,0.7256328125,0.2743671875,"(1200, 1600)"
6144887d-a1c1-46db-91a1-f7ff5bf8c8a5.png,1920000,1256351,663649,0.6543494791666666,0.3456505208333333,"(1200, 1600)"
61575482-91e1-4db9-83c7-687b7ddbbfc4.png,1920000,1106137,813863,0.5761130208333334,0.4238869791666667,"(1200, 1600)"
61cd8c7d-394d-42d3-9ed4-e09559110bed.png,1920000,1492867,427133,0.7775348958333334,0.22246510416666668,"(1200, 1600)"
61dfc937-a428-44b4-94fb-d682bdb8dff0.png,1920000,1449853,470147,0.7551317708333334,0.24486822916666667,"(1200, 1600)"
6231d81d-9e84-4a5a-8cb8-47c6a37a0176.png,1920000,803327,1116673,0.41839947916666664,0.5816005208333334,"(1200, 1600)"
623982a0-1f73-4246-92cb-28f7c219efaf.png,2688552,2031810,656742,0.7557265025932175,0.24427349740678253,"(1383, 1944)"
6274fe0d-0d71-40be-b61b-f0bd5b5df1e2.png,1920000,1090410,829590,0.567921875,0.432078125,"(1200, 1600)"
627d6331-7bb9-4d1a-b20d-e6541af4d0f9.png,1920000,1236033,683967,0.6437671875,0.3562328125,"(1200, 1600)"
6294153c-6db3-4f2b-a8ff-9c087225e737.png,1920000,1242117,677883,0.6469359375,0.3530640625,"(1200, 1600)"
6303f964-98ef-47c6-bb2d-283aa393f918.png,1920000,680412,1239588,0.35438125,0.64561875,"(1200, 1600)"
63055d1b-5221-4c80-8b39-37ac069a1b5c.png,1920000,1162039,757961,0.6052286458333334,0.39477135416666664,"(1200, 1600)"
631340cc-cedf-4bca-a3d8-a0731a5482b4.png,1920000,1405448,514552,0.7320041666666667,0.2679958333333333,"(1200, 1600)"
6315a55b-fed1-4355-88fa-8594538acf18.png,1920000,1733108,186892,0.9026604166666666,0.09733958333333333,"(1200, 1600)"
6347dd6a-cfdf-4cb5-bc50-cff5403cfecb.png,1920000,1472891,447109,0.7671307291666667,0.23286927083333334,"(1200, 1600)"
637957ef-df75-4a7b-86d5-9f6e9c042ca2.png,1920000,1430986,489014,0.7453052083333334,0.25469479166666664,"(1200, 1600)"
6382976c-ee87-4916-b798-4ef1373b2df0.png,1920000,1359686,560314,0.7081697916666667,0.29183020833333334,"(1200, 1600)"
6388e241-09a2-4fbe-a712-07d8fe714c51.png,1920000,1331594,588406,0.6935385416666666,0.3064614583333333,"(1200, 1600)"
63d36d2c-43a9-49ac-9504-028b4968c860.png,1920000,1350765,569235,0.7035234375,0.2964765625,"(1200, 1600)"
63ed5931-d93e-4f9b-a6f3-152713cb560e.png,1920000,1502408,417592,0.7825041666666667,0.21749583333333333,"(1200, 1600)"
640c4a52-3742-4f57-aee3-9e3dc0887622.png,1920000,868654,1051346,0.4524239583333333,0.5475760416666666,"(1200, 1600)"
64113b22-03b1-4ab8-89ab-b2f32154fbbd.png,1920000,1183501,736499,0.6164067708333333,0.38359322916666666,"(1200, 1600)"
645cd195-af50-409f-8da9-6e7c7f18ea09.png,1920000,1359309,560691,0.7079734375,0.2920265625,"(1200, 1600)"
6473ddb6-ad56-48a2-81e8-c7cb45f06825.png,1920000,1204798,715202,0.6274989583333334,0.37250104166666664,"(1200, 1600)"
64985a1e-16bb-4016-a01c-c21a5b86e572.png,2688552,1928103,760449,0.7171529507333315,0.2828470492666684,"(1383, 1944)"
64a678d4-9048-4491-90c7-1924f38be19a.png,1920000,1491563,428437,0.7768557291666667,0.22314427083333332,"(1200, 1600)"
64b0e49a-0e48-447d-8872-c1dd255e7a21.png,1920000,1198681,721319,0.6243130208333333,0.37568697916666666,"(1200, 1600)"
65054b19-5c6a-4870-99a9-eef994721d3a.png,1920000,1621796,298204,0.8446854166666666,0.15531458333333334,"(1200, 1600)"
65e3d6a6-012c-4b40-9a42-83078eb85e31.png,1920000,1045589,874411,0.5445776041666667,0.4554223958333333,"(1200, 1600)"
65e865f3-acfb-4d01-a75f-ff5a535ffa6a.png,1920000,1509201,410799,0.7860421875,0.2139578125,"(1200, 1600)"
65e8b0cd-05d1-4c8d-8efd-24bf71df3167.png,1920000,1537598,382402,0.8008322916666667,0.19916770833333333,"(1200, 1600)"
66183740-e1e5-43c9-8539-a87028bb3621.png,1920000,1167726,752274,0.608190625,0.391809375,"(1200, 1600)"
664c570b-4822-413c-9724-11b1d91fac44.png,1920000,1277378,642622,0.6653010416666667,0.33469895833333335,"(1200, 1600)"
66557580-fd38-4d4b-80d8-88611ecc78c6.png,1920000,1296856,623144,0.6754458333333333,0.32455416666666664,"(1200, 1600)"
666601e7-608d-4d19-999f-8fc6ab373a55.png,1920000,1400727,519273,0.7295453125,0.2704546875,"(1200, 1600)"
6695a204-e39c-4418-b904-3f080fdbe7e8.png,1920000,1214910,705090,0.632765625,0.367234375,"(1200, 1600)"
672e4ecf-a56b-462e-b83b-76f4efaa6634.png,1920000,1195455,724545,0.6226328125,0.3773671875,"(1200, 1600)"
674b0fd3-f247-4b7f-97f7-3e6c57c9ba9e.png,1920000,721946,1198054,0.3760135416666667,0.6239864583333333,"(1200, 1600)"
67582df6-bf13-4c83-a531-1214692b70de.png,1920000,1259041,660959,0.6557505208333333,0.34424947916666665,"(1200, 1600)"
6795acae-e84d-4e97-b9a1-b4f4f0a72cfd.png,1920000,1476983,443017,0.7692619791666667,0.23073802083333333,"(1200, 1600)"
679ae89f-4a02-4301-862e-1d844cc66cbf.png,1920000,1439208,480792,0.7495875,0.2504125,"(1200, 1600)"
67a4fb91-6f38-4ca2-8f20-6b2f5f1b29a7.png,1920000,1383225,536775,0.7204296875,0.2795703125,"(1200, 1600)"
67abb826-9b70-4459-8764-da76ecf35bfe.png,1920000,1556624,363376,0.8107416666666667,0.18925833333333333,"(1200, 1600)"
67acd5bc-4658-4c6e-a9b9-cd8ea3a03418.png,1920000,1315976,604024,0.6854041666666667,0.31459583333333335,"(1200, 1600)"
67f5ca94-d84e-490e-bf0d-4ffba7bdbe30.png,1920000,1551207,368793,0.8079203125,0.1920796875,"(1200, 1600)"
68442532-9cd2-4b42-9d4f-ddf8c13bb38c.png,1920000,1655629,264371,0.8623067708333333,0.13769322916666665,"(1200, 1600)"
686ed568-d5f8-475e-81ad-edab9dd473a0.png,1920000,893171,1026829,0.46519322916666667,0.5348067708333333,"(1200, 1600)"
68e69cfb-1a07-48d2-8abe-46b46fe264ed.png,1920000,1448542,471458,0.7544489583333334,0.24555104166666666,"(1200, 1600)"
68f34a9c-f73d-4238-8f55-4b05a8a2154c.png,1920000,1244839,675161,0.6483536458333333,0.3516463541666667,"(1200, 1600)"
693da701-2020-404c-866d-b64c12da951d.png,2688552,2249237,439315,0.8365979159041744,0.16340208409582557,"(1383, 1944)"
694222bb-cddf-469a-9526-f873c6fba58e.png,1920000,746585,1173415,0.3888463541666667,0.6111536458333333,"(1200, 1600)"
69565501-6e77-4f40-bd80-caa3dda34d8b.png,1920000,1501248,418752,0.7819,0.2181,"(1200, 1600)"
69569ecf-cfa1-4ddd-9342-b22c23387fdb.png,1920000,1362379,557621,0.7095723958333333,0.2904276041666667,"(1200, 1600)"
697bdbc0-6e31-4e48-ac74-ba4ab5760d32.png,1920000,1643233,276767,0.8558505208333334,0.14414947916666668,"(1200, 1600)"
69b5b3de-ec64-4e5d-bcc2-44f495e06e76.png,1920000,1633059,286941,0.8505515625,0.1494484375,"(1200, 1600)"
6ab870ba-b24b-49a9-9570-8eafe63aa74e.png,1920000,1342651,577349,0.6992973958333333,0.30070260416666666,"(1200, 1600)"
6ad3efc9-4392-4cee-98a5-186564a96373.png,1920000,1376680,543320,0.7170208333333333,0.28297916666666667,"(1200, 1600)"
6afb3717-f197-4668-929a-4fab389ae6e8.png,1920000,1551532,368468,0.8080895833333334,0.19191041666666667,"(1200, 1600)"
6afd8203-d61a-4e9b-a4cf-dcb53a16b57c.png,1920000,1272358,647642,0.6626864583333333,0.33731354166666666,"(1200, 1600)"
6b14c855-8561-417c-97a4-63fa552842fd.png,1920000,1680789,239211,0.8754109375,0.1245890625,"(1200, 1600)"
6b2ff7ca-c5b3-415c-9481-7b14efc6d7ef.png,1920000,1221663,698337,0.6362828125,0.3637171875,"(1200, 1600)"
6b473806-e936-4b19-98cf-a2b94cac35ff.png,1920000,1293262,626738,0.6735739583333333,0.32642604166666667,"(1200, 1600)"
6b4c79f5-b194-4586-be9f-e339c5af4188.png,1920000,1246534,673466,0.6492364583333333,0.3507635416666667,"(1200, 1600)"
6b5ed184-cb15-4d54-93bb-9a3ca00184a1.png,1920000,1532460,387540,0.79815625,0.20184375,"(1200, 1600)"
6b8048ed-ebd7-4789-ba87-c1ba94801481.png,1920000,1599734,320266,0.8331947916666667,0.16680520833333334,"(1200, 1600)"
6ba5d0b8-cdc7-4266-9d78-db76faa312e9.png,1920000,1233556,686444,0.6424770833333333,0.3575229166666667,"(1200, 1600)"
6bb4892c-27a9-4642-aba1-4b73f38f757c.png,1920000,1632839,287161,0.8504369791666667,0.14956302083333334,"(1200, 1600)"
6bc7b53c-5a98-48ef-a9de-59a476707ea4.png,1920000,1403709,516291,0.7310984375,0.2689015625,"(1200, 1600)"
6bfe6a90-8a69-4171-8e7f-42dc9417c6d9.png,1920000,1252845,667155,0.6525234375,0.3474765625,"(1200, 1600)"
6c20abb2-c4bb-4de0-8774-03f4d30ce93d.png,1920000,1627596,292404,0.84770625,0.15229375,"(1200, 1600)"
6c3f81d7-5670-46bd-9eaa-9b426413abb7.png,1920000,1684010,235990,0.8770885416666667,0.12291145833333333,"(1200, 1600)"
6c7095cd-ab6b-4f53-bd94-905d0cc95840.png,1920000,1669212,250788,0.86938125,0.13061875,"(1200, 1600)"
6d05ed67-43e2-43af-9d57-70c7a6eeef5e.png,1920000,1601526,318474,0.834128125,0.165871875,"(1200, 1600)"
6d91d1f0-636b-4f5a-a526-7c17fc857190.png,1920000,943791,976209,0.4915578125,0.5084421875,"(1200, 1600)"
6d9a2241-2cce-42b3-a11d-a3a6b432dd89.png,2688552,2140276,548276,0.7960701522603989,0.2039298477396011,"(1383, 1944)"
6dfafdf1-f588-4e80-8cf8-0126e1bf7af9.png,1920000,1004588,915412,0.5232229166666666,0.47677708333333335,"(1200, 1600)"
6e20a860-1f9a-4a74-b167-4c6a79bd8778.png,2688552,1945381,743171,0.723579458385034,0.276420541614966,"(1383, 1944)"
6e39fb0a-aa41-4b16-b783-7589e97bf289.png,1920000,1292401,627599,0.6731255208333333,0.3268744791666667,"(1200, 1600)"
6e7ed596-1b76-4998-8147-a846d53d91c5.png,1920000,1443126,476874,0.751628125,0.248371875,"(1200, 1600)"
6e86206f-dafe-4c28-bacc-7b83b2d40f0c.png,1920000,1483261,436739,0.7725317708333334,0.22746822916666667,"(1200, 1600)"
6f4ffe7b-395f-41ea-ad61-df5e0cbd531c.png,1920000,1601680,318320,0.8342083333333333,0.16579166666666667,"(1200, 1600)"
6f67a66b-56ec-4c36-ae7c-f250d3b86a23.png,1920000,1383121,536879,0.7203755208333333,0.27962447916666666,"(1200, 1600)"
6fa2b30f-9b89-46ac-9b79-c0bc105d4271.png,1920000,1059016,860984,0.5515708333333333,0.44842916666666666,"(1200, 1600)"
6fb707b1-5c07-479f-8385-5404bf5747b0.png,1920000,1527039,392961,0.7953328125,0.2046671875,"(1200, 1600)"
6fd30823-3b77-40c9-ba5d-e1eda9660674.png,1920000,1209301,710699,0.6298442708333334,0.37015572916666667,"(1200, 1600)"
701206c5-aaac-4b99-9cc0-4a6854359457.png,1920000,1315093,604907,0.6849442708333333,0.3150557291666667,"(1200, 1600)"
7029feb3-9ffe-46e4-9883-6a9df84f7b62.png,1920000,1300154,619846,0.6771635416666667,0.32283645833333335,"(1200, 1600)"
7094c11a-1e62-4f98-894e-d17d138a88e9.png,1920000,1259632,660368,0.6560583333333333,0.34394166666666665,"(1200, 1600)"
70a95e58-ba60-4c1f-adcd-49c198dc2ba0.png,1920000,1540691,379309,0.8024432291666667,0.19755677083333334,"(1200, 1600)"
711f6b3f-cd63-46d1-834a-bc8e9aa9b43e.png,1920000,854052,1065948,0.44481875,0.55518125,"(1200, 1600)"
71204a6d-814e-44b6-9cee-7b979f478021.png,1920000,1253052,666948,0.65263125,0.34736875,"(1200, 1600)"
715761a2-745e-4743-9849-956a034ad3c4.png,1920000,1242239,677761,0.6469994791666667,0.35300052083333333,"(1200, 1600)"
716273ea-19c4-49af-8604-df587b295eca.png,1920000,1452680,467320,0.7566041666666666,0.24339583333333334,"(1200, 1600)"
71881a39-a30c-40c7-8c4a-9f64c93e79d9.png,1920000,1464939,455061,0.7629890625,0.2370109375,"(1200, 1600)"
71925778-a26e-483e-a07c-f3aaf740122a.png,1920000,1329333,590667,0.6923609375,0.3076390625,"(1200, 1600)"
71bbdc58-11af-41f2-9a93-3fe9257c5cf3.png,1920000,1400632,519368,0.7294958333333333,0.27050416666666666,"(1200, 1600)"
71cf2467-77d3-4fac-ac6e-1d8767717c34.png,1920000,1654847,265153,0.8618994791666666,0.13810052083333332,"(1200, 1600)"
72029aca-f0bc-477f-b790-f345f86228ce.png,1920000,1571011,348989,0.8182348958333333,0.18176510416666666,"(1200, 1600)"
72088c26-d2dd-4906-b791-b8947fc7fbe4.png,1920000,760446,1159554,0.396065625,0.603934375,"(1200, 1600)"
72105bb0-8e39-48be-b7f7-5b32f047b99e.png,1920000,1588502,331498,0.8273447916666666,0.17265520833333334,"(1200, 1600)"
724e0c34-32cd-41f1-ae37-586038bc67ab.png,1920000,1418619,501381,0.7388640625,0.2611359375,"(1200, 1600)"
72732579-a812-4496-b2dd-ea1556924337.png,1920000,1264389,655611,0.6585359375,0.3414640625,"(1200, 1600)"
729733ff-a349-4a96-b636-ccabe7d7e167.png,1920000,1161334,758666,0.6048614583333334,0.3951385416666667,"(1200, 1600)"
729a38d6-66db-48e5-a00d-7d90d224290f.png,1920000,1576929,343071,0.8213171875,0.1786828125,"(1200, 1600)"
738b7be5-59b5-4d8c-8769-cbf2385b9fc7.png,2688552,1969891,718661,0.7326958898321476,0.26730411016785244,"(1383, 1944)"
73dd09d3-2bff-4b5e-b996-9da0b8b54a8f.png,1920000,1504792,415208,0.7837458333333334,0.21625416666666666,"(1200, 1600)"
74261741-4d6e-4dba-8ad4-4fbdf919c30f.png,1920000,1321842,598158,0.688459375,0.311540625,"(1200, 1600)"
749df49e-5212-49ea-9e88-7d66f258f1df.png,1920000,1338436,581564,0.6971020833333333,0.30289791666666666,"(1200, 1600)"
74bf1267-d98b-4532-a81d-9d8df63e0f75.png,2688552,2208097,480455,0.8212959987383543,0.17870400126164568,"(1383, 1944)"
7521ec48-57b5-48a8-a5d6-8280ad5da19c.png,1920000,1498395,421605,0.7804140625,0.2195859375,"(1200, 1600)"
75579b27-8191-4044-859b-268be969c42b.png,1920000,1380526,539474,0.7190239583333333,0.2809760416666667,"(1200, 1600)"
755e5bf8-e8e1-492b-a32f-f7d87cccaa40.png,1920000,1288231,631769,0.6709536458333333,0.32904635416666667,"(1200, 1600)"
75660b56-51c2-45a9-9c15-e18d12a3af8c.png,1920000,1667855,252145,0.8686744791666666,0.13132552083333332,"(1200, 1600)"
75c243e2-610d-4d5a-bc5a-4c53d99d9ae9.png,1920000,1479832,440168,0.7707458333333334,0.22925416666666668,"(1200, 1600)"
76021d69-8919-4688-95ef-7418eff620cc.png,1920000,1363996,556004,0.7104145833333333,0.28958541666666665,"(1200, 1600)"
7624ac36-1cf9-42fb-844d-376078309553.png,1920000,1361289,558711,0.7090046875,0.2909953125,"(1200, 1600)"
7625dfc4-858a-4c8e-907c-8943d665e9a7.png,1920000,1328504,591496,0.6919291666666667,0.30807083333333335,"(1200, 1600)"
766d5547-8dd2-4c8d-b78e-3007f83932e8.png,1920000,1301584,618416,0.6779083333333333,0.32209166666666667,"(1200, 1600)"
76a8a5f5-1328-4539-a131-baf877f40cf3.png,1920000,1522126,397874,0.7927739583333333,0.20722604166666667,"(1200, 1600)"
76b24246-8571-4e7b-8815-b185414a2c51.png,1920000,1446203,473797,0.7532307291666667,0.24676927083333333,"(1200, 1600)"
76dbce7f-dc3e-4a29-b1fe-ab9dce583080.png,1920000,1646217,273783,0.8574046875,0.1425953125,"(1200, 1600)"
770b8ca4-8377-479b-9ad5-5455ec3b44f8.png,1920000,1163471,756529,0.6059744791666667,0.3940255208333333,"(1200, 1600)"
77e76e62-2c71-4b52-9b21-0d1bcde9f9bf.png,1920000,1594155,325845,0.8302890625,0.1697109375,"(1200, 1600)"
781d4bea-c6a9-4b36-ae10-ba9e328c87fe.png,1920000,1381433,538567,0.7194963541666667,0.2805036458333333,"(1200, 1600)"
783ae4ad-6a35-4b3c-b19f-754974b67b2d.png,1920000,1275372,644628,0.66425625,0.33574375,"(1200, 1600)"
787abd97-dd37-4212-8b43-61696eb3abc0.png,1920000,1692836,227164,0.8816854166666667,0.11831458333333333,"(1200, 1600)"
78a5d1c3-44dd-44bc-ad5b-5e25bdcc4fae.png,1920000,1240514,679486,0.6461010416666667,0.35389895833333335,"(1200, 1600)"
78ac1e98-7062-4e27-8d58-25c392cae889.png,1920000,1654886,265114,0.8619197916666667,0.13808020833333334,"(1200, 1600)"
78ae52cf-8dad-4070-a40e-9af02faec1f0.png,2688552,2044661,643891,0.7605063989835421,0.23949360101645792,"(1383, 1944)"
78c35732-7e31-4153-842e-55ab1cd656f6.png,1920000,1403306,516694,0.7308885416666666,0.26911145833333333,"(1200, 1600)"
7942691b-6376-4c75-ae8a-ddf65454dcb2.png,1920000,1405502,514498,0.7320322916666666,0.26796770833333333,"(1200, 1600)"
795d0331-da56-4d45-a58a-54803408ffd9.png,1920000,1399412,520588,0.7288604166666667,0.2711395833333333,"(1200, 1600)"
79806898-0214-44bd-ba2c-b570e911be62.png,1920000,1449801,470199,0.7551046875,0.2448953125,"(1200, 1600)"
79b3a64f-2fb9-46e0-85d4-2bdd59c2075e.png,1920000,1538833,381167,0.8014755208333333,0.19852447916666666,"(1200, 1600)"
79d7a014-21ff-40f1-9ac4-a69839390654.png,1920000,867593,1052407,0.4518713541666667,0.5481286458333333,"(1200, 1600)"
79f2fbab-169d-4062-820d-3dfd12f062c8.png,1920000,1623167,296833,0.8453994791666667,0.15460052083333334,"(1200, 1600)"
79f63258-24ce-4e69-a5cb-8529635a89a9.png,1920000,1440456,479544,0.7502375,0.2497625,"(1200, 1600)"
7aae78ce-ac97-478d-983c-c0ec290171df.png,1920000,1754967,165033,0.9140453125,0.0859546875,"(1200, 1600)"
7abc0d26-dd66-4ef4-8c4e-4a661e589a7f.png,1920000,1437707,482293,0.7488057291666667,0.25119427083333334,"(1200, 1600)"
7ba9db7e-9d3f-413c-b672-2bba5fb5b415.png,1920000,1226838,693162,0.638978125,0.361021875,"(1200, 1600)"
7bcd3735-3134-46d1-8ca2-d4379f2d51c0.png,1920000,1334164,585836,0.6948770833333333,0.3051229166666667,"(1200, 1600)"
7bde7de1-889b-4218-b0e1-e2c04f6a7986.png,1920000,1196286,723714,0.623065625,0.376934375,"(1200, 1600)"
7beee655-6156-43b8-b185-dbae0eaf7f45.png,1920000,1549671,370329,0.8071203125,0.1928796875,"(1200, 1600)"
7c1cd7c7-7452-4428-a98e-dd7675c8ddea.png,1920000,1529199,390801,0.7964578125,0.2035421875,"(1200, 1600)"
7c66d2fd-68ee-4628-b860-9d7ad25b2a80.png,1920000,1489904,430096,0.7759916666666666,0.22400833333333334,"(1200, 1600)"
7c68c343-a7d3-4d26-b330-a5bb97ab8d9c.png,1920000,1667160,252840,0.8683125,0.1316875,"(1200, 1600)"
7c870293-2665-4a6b-a4fa-336959051dfc.png,1920000,1504379,415621,0.7835307291666667,0.21646927083333334,"(1200, 1600)"
7d041c38-11f2-4186-8a24-29d7d0f5c3cf.png,1920000,1331678,588322,0.6935822916666666,0.3064177083333333,"(1200, 1600)"
7d16d1e8-4abf-46fc-81bc-d71bd08ed6f2.png,2688552,2359439,329113,0.8775872663054314,0.12241273369456868,"(1383, 1944)"
7d4c2160-317f-48d1-a60a-788ec300b3e8.png,1920000,1611819,308181,0.8394890625,0.1605109375,"(1200, 1600)"
7d4d0646-26b5-46fa-ab25-452d986e887b.png,1920000,1527089,392911,0.7953588541666666,0.20464114583333334,"(1200, 1600)"
7d65d296-0f7b-41cc-9073-a547e24326c8.png,1920000,1452126,467874,0.756315625,0.243684375,"(1200, 1600)"
7d9c1422-6332-44e9-b134-3ac94f07b0f0.png,1920000,1403354,516646,0.7309135416666667,0.26908645833333333,"(1200, 1600)"
7db1373d-5bbf-47e6-ab40-30cba7678745.png,1920000,1612362,307638,0.839771875,0.160228125,"(1200, 1600)"
7dcc84ce-e8b4-46c8-9506-7c8ebda5da2f.png,1920000,1648007,271993,0.8583369791666666,0.14166302083333332,"(1200, 1600)"
7dfbfeaf-e3b1-4159-8dcd-d7f731280ac8.png,1920000,1180100,739900,0.6146354166666667,0.38536458333333334,"(1200, 1600)"
7e25ced3-5caf-47f8-ad0c-42946bd4468b.png,1920000,1182812,737188,0.6160479166666667,0.38395208333333336,"(1200, 1600)"
7e837856-3519-4dc0-b357-4cdcfd30b4eb.png,1920000,1163211,756789,0.6058390625,0.3941609375,"(1200, 1600)"
7eae1169-e294-4594-8e03-1366d23ff2d1.png,1920000,1378420,541580,0.7179270833333333,0.2820729166666667,"(1200, 1600)"
7eb95580-693f-41b6-9338-174be1430c23.png,1920000,1699566,220434,0.885190625,0.114809375,"(1200, 1600)"
7ef90770-6aeb-45eb-9744-49c5247dde30.png,1920000,1203449,716551,0.6267963541666667,0.3732036458333333,"(1200, 1600)"
7f528918-27d4-421f-ab57-0cf9c693e697.png,1920000,1486085,433915,0.7740026041666667,0.22599739583333334,"(1200, 1600)"
7fd2d254-b062-4f3d-8970-687e73c5a00a.png,1920000,1393306,526694,0.7256802083333334,0.27431979166666665,"(1200, 1600)"
7fdc8be8-7579-4a5c-b369-8a07ee0a8b7d.png,1920000,1360364,559636,0.7085229166666667,0.29147708333333333,"(1200, 1600)"
8002cb71-0f25-4fa4-a46f-b49e5aeded0c.png,1920000,1304687,615313,0.6795244791666667,0.32047552083333336,"(1200, 1600)"
801296d9-3403-426f-859e-5c532858e025.png,1920000,1451994,468006,0.756246875,0.243753125,"(1200, 1600)"
80da32ce-8c22-470e-9f35-558c5f7a5df9.png,1920000,1216529,703471,0.6336088541666667,0.3663911458333333,"(1200, 1600)"
8111cff9-4c04-448e-990b-9d5010f7be56.png,2688552,1888560,799992,0.7024450336091695,0.29755496639083046,"(1383, 1944)"
815bf40c-371a-4d34-aa41-c549c8221881.png,1920000,1336400,583600,0.6960416666666667,0.30395833333333333,"(1200, 1600)"
8190ec37-9a5e-419f-89ed-fbfb079370db.png,1920000,1368768,551232,0.7129,0.2871,"(1200, 1600)"
81a2748d-51c9-4439-995d-f747871d6544.png,1920000,1473190,446810,0.7672864583333333,0.23271354166666666,"(1200, 1600)"
81af1442-d835-46bf-b80b-a898dba3da1b.png,1920000,1553435,366565,0.8090807291666666,0.19091927083333332,"(1200, 1600)"
81c3c8f0-d5a9-4dda-afd5-e86f6afd9424.png,1920000,1085983,834017,0.5656161458333333,0.4343838541666667,"(1200, 1600)"
81edcae1-65bf-4752-b0e4-494376b71e49.png,1920000,1324545,595455,0.6898671875,0.3101328125,"(1200, 1600)"
81fed4a1-9d48-4938-90c9-c8bf3f5e6b1f.png,1920000,1502234,417766,0.7824135416666667,0.21758645833333334,"(1200, 1600)"
820bbfea-3dae-46fc-b61a-3d0ed2ea01c2.png,1920000,1694220,225780,0.88240625,0.11759375,"(1200, 1600)"
8271d0d8-9985-43eb-94b3-c702adca139f.png,1920000,1126326,793674,0.586628125,0.413371875,"(1200, 1600)"
8298aca0-5099-4d45-88ca-ec8ac7922e77.png,2688552,2197664,490888,0.8174154712276348,0.1825845287723652,"(1383, 1944)"
833b1d3e-d389-4d0f-8638-6aca5b89f917.png,1920000,1708896,211104,0.89005,0.10995,"(1200, 1600)"
834a30bb-26bf-4e60-9ea1-3250b926892e.png,1920000,1128514,791486,0.5877677083333334,0.41223229166666664,"(1200, 1600)"
83d4e1fe-da84-4175-a9e2-8efc18782dcf.png,1920000,1483453,436547,0.7726317708333333,0.22736822916666666,"(1200, 1600)"
83ec1cb9-1714-4bf1-81f6-115fde84564d.png,1920000,1590341,329659,0.8283026041666667,0.17169739583333332,"(1200, 1600)"
83ec8923-6232-40d7-ba1f-a1b8bf7cb66c.png,1920000,920956,999044,0.47966458333333334,0.5203354166666667,"(1200, 1600)"
84041bf9-dace-4066-9fe0-52170d08f826.png,1920000,1222075,697925,0.6364973958333333,0.3635026041666667,"(1200, 1600)"
8448ac8c-fa7a-475a-9ca2-dc0174f78a39.png,2688552,1729928,958624,0.6434422692958887,0.35655773070411134,"(1383, 1944)"
8490c623-3d88-4532-baf5-0d266a45b16f.png,1920000,1128942,791058,0.587990625,0.412009375,"(1200, 1600)"
84c88143-940d-4b62-bbd2-7acc4cadcb6b.png,1920000,1344611,575389,0.7003182291666666,0.29968177083333336,"(1200, 1600)"
84d7545e-c3a8-4b1f-9a39-36aab78c8699.png,1920000,1408499,511501,0.7335932291666667,0.2664067708333333,"(1200, 1600)"
84ee2ea3-9edd-4672-a1b3-f09c607d833a.png,1920000,1511063,408937,0.7870119791666667,0.21298802083333335,"(1200, 1600)"
85546330-4efd-43e2-87aa-d53a30220bfc.png,1920000,1361164,558836,0.7089395833333333,0.29106041666666665,"(1200, 1600)"
85a4d82e-cfb7-4983-b272-626c9e8c7583.png,1920000,1473543,446457,0.7674703125,0.2325296875,"(1200, 1600)"
861c3e06-aada-47a0-99ae-94fbc2772cc0.png,1920000,1373791,546209,0.7155161458333333,0.28448385416666666,"(1200, 1600)"
86495bbf-687b-429c-b9d3-6c2681ade7e2.png,1920000,1425568,494432,0.7424833333333334,0.25751666666666667,"(1200, 1600)"
867f30da-2568-4480-9968-cece78c61c64.png,1920000,1702372,217628,0.8866520833333333,0.11334791666666667,"(1200, 1600)"
8757be1e-b832-407a-8e95-62abae485b24.png,1920000,1139630,780370,0.5935572916666667,0.40644270833333335,"(1200, 1600)"
877d5e7f-19b6-40e7-81bd-c92f25e72503.png,1920000,1186265,733735,0.6178463541666667,0.38215364583333333,"(1200, 1600)"
87d6343b-70dd-4cdd-939f-d3ac0ca2e700.png,1920000,1289206,630794,0.6714614583333334,0.3285385416666667,"(1200, 1600)"
882b91b7-5906-4091-bad4-688d4375eeb5.png,1920000,1267215,652785,0.6600078125,0.3399921875,"(1200, 1600)"
883b726a-f61c-4382-9f1b-2fff302beba6.png,1920000,1613623,306377,0.8404286458333333,0.15957135416666668,"(1200, 1600)"
883d9731-a04d-4f84-83c9-d3bef954759d.png,1920000,1311693,608307,0.6831734375,0.3168265625,"(1200, 1600)"
8855c685-5a8c-4967-a356-942ed89e3471.png,1920000,1509246,410754,0.786065625,0.213934375,"(1200, 1600)"
8874ea02-d263-4830-99d1-e1b14230a56b.png,2688552,2029447,659105,0.7548475908221228,0.24515240917787717,"(1383, 1944)"
887cc81a-bae3-4360-a115-23ae05ac3a4f.png,2688552,2313024,375528,0.8603233264597449,0.13967667354025512,"(1383, 1944)"
8939e14b-fcdf-48b1-acb9-6514a2fc2fc0.png,1920000,1322029,597971,0.6885567708333333,0.31144322916666667,"(1200, 1600)"
89b276cc-cc8f-4378-a877-e01aff333373.png,1920000,1813497,106503,0.9445296875,0.0554703125,"(1200, 1600)"
89b3d781-2f81-4d23-bed4-84da064df7f3.png,1920000,1528506,391494,0.796096875,0.203903125,"(1200, 1600)"
89f10192-d3dd-4996-a571-4c851dbdc983.png,1920000,725213,1194787,0.37771510416666665,0.6222848958333334,"(1200, 1600)"
8a4aadac-cf5c-4a79-b875-271b3fbfd230.png,1920000,1673298,246702,0.871509375,0.128490625,"(1200, 1600)"
8a7deb24-d2b4-4acf-86c4-3aadd39157fa.png,1920000,1477552,442448,0.7695583333333333,0.23044166666666666,"(1200, 1600)"
8ab5c462-045e-4b59-b53a-9b2bc3ed2487.png,1920000,1354865,565135,0.7056588541666666,0.2943411458333333,"(1200, 1600)"
8ad7ba46-5db8-4ba9-b3e0-3cac52f7efc3.png,1920000,1412824,507176,0.7358458333333333,0.2641541666666667,"(1200, 1600)"
8b494b40-cab5-49d3-893d-c805000fbe88.png,1920000,605449,1314551,0.31533802083333334,0.6846619791666667,"(1200, 1600)"
8b89b3fc-95ef-4f2e-b94b-0291dbffe0f4.png,1920000,1634627,285373,0.8513682291666667,0.14863177083333334,"(1200, 1600)"
8bd71314-e38a-4670-bb25-5cd6c9acb595.png,1920000,1194357,725643,0.6220609375,0.3779390625,"(1200, 1600)"
8be185e7-2a1a-441c-a5c7-b50a9eb926cb.png,1920000,1229959,690041,0.6406036458333333,0.35939635416666665,"(1200, 1600)"
8cc6fe77-5f2f-4670-b4ac-1b49550241a8.png,1920000,966120,953880,0.5031875,0.4968125,"(1200, 1600)"
8cca114a-ed05-4b87-95b7-fae02487f08c.png,1920000,715965,1204035,0.3728984375,0.6271015625,"(1200, 1600)"
8d02117d-6c71-4e47-b50a-6cc8d5eb1d55.png,1920000,1204444,715556,0.6273145833333333,0.37268541666666666,"(1200, 1600)"
8d56197c-21d7-4cb6-92df-80637efd129b.png,1920000,1566816,353184,0.81605,0.18395,"(1200, 1600)"
8d5d5c22-2f75-4fe1-9ea3-03a3c7b92ea9.png,1920000,1557794,362206,0.8113510416666667,0.18864895833333334,"(1200, 1600)"
8d989997-038c-4924-b2d3-d02629a7cdf5.png,1920000,1427719,492281,0.7436036458333334,0.2563963541666667,"(1200, 1600)"
8dace03a-10c4-4d59-bcd9-a2c314c5df33.png,1920000,1327188,592812,0.69124375,0.30875625,"(1200, 1600)"
8db76867-671a-4488-a7b6-991e4dd2e05f.png,2688552,2170622,517930,0.8073572688941855,0.1926427311058146,"(1383, 1944)"
8e078333-8fa0-45be-a46e-fa05708cb365.png,1920000,1600906,319094,0.8338052083333334,0.16619479166666667,"(1200, 1600)"
8e0dfc1f-e3eb-4a3f-a1c4-249bdfbfaa27.png,1920000,1115992,804008,0.5812458333333334,0.41875416666666665,"(1200, 1600)"
8e1e0fd3-52fb-4ebb-82de-67bbd66fcf4d.png,2688552,2191859,496693,0.8152563164112132,0.18474368358878682,"(1383, 1944)"
8e22f8cc-b6ef-48cb-a06d-a44cb1fb5f2f.png,2688552,2237156,451396,0.8321044190329961,0.1678955809670038,"(1383, 1944)"
8e4bdd0d-1c72-4836-ae3e-05e2e50e4983.png,1920000,1097156,822844,0.5714354166666666,0.42856458333333336,"(1200, 1600)"
8e69098c-fae0-47a3-8833-c2bfdfb1a416.png,1920000,1227536,692464,0.6393416666666667,0.36065833333333336,"(1200, 1600)"
8e72e20e-e714-4db6-a1da-c05a409257d4.png,1920000,1481606,438394,0.7716697916666667,0.22833020833333334,"(1200, 1600)"
8eeb378e-90f0-47ea-ac1c-2a201eb8d090.png,1920000,1418415,501585,0.7387578125,0.2612421875,"(1200, 1600)"
8f84a2c9-ca38-4405-a488-12fcd101278b.png,1920000,1530383,389617,0.7970744791666666,0.20292552083333334,"(1200, 1600)"
8f96ee1f-4ef7-4279-a610-316319bedcf9.png,1920000,1444120,475880,0.7521458333333333,0.24785416666666665,"(1200, 1600)"
90171428-f208-428a-b40e-f57ee3bea457.png,1920000,1071147,848853,0.5578890625,0.4421109375,"(1200, 1600)"
90246988-0d6d-4bf8-8a76-94107de4121e.png,1920000,1227320,692680,0.6392291666666666,0.3607708333333333,"(1200, 1600)"
907650b5-edae-471d-bc54-a825be3d3fac.png,1920000,1489078,430922,0.7755614583333333,0.22443854166666666,"(1200, 1600)"
90a82250-1f68-48c9-9af9-15f18bf8c974.png,1920000,1503013,416987,0.7828192708333334,0.21718072916666667,"(1200, 1600)"
9106a6bb-1352-411f-ac26-0d6fe48c16a8.png,1920000,1498091,421909,0.7802557291666666,0.21974427083333334,"(1200, 1600)"
913099c5-8085-4908-bf4b-1f098bbfcf66.png,1920000,1171468,748532,0.6101395833333333,0.38986041666666665,"(1200, 1600)"
9147a21d-0de2-4c04-88da-b788311696ac.png,1920000,1521127,398873,0.7922536458333334,0.20774635416666667,"(1200, 1600)"
9174f910-3859-4839-8e30-2c3b25269322.png,1920000,1517332,402668,0.7902770833333334,0.20972291666666668,"(1200, 1600)"
91827f1a-9b04-4ef0-972c-12e90e60c516.png,1920000,1593172,326828,0.8297770833333333,0.17022291666666667,"(1200, 1600)"
91e93160-eb8d-4de0-b6bc-b98ec33d1663.png,1920000,1531431,388569,0.7976203125,0.2023796875,"(1200, 1600)"
91fd0c2e-8e9c-452d-97ab-304b05a049b3.png,2688552,2205573,482979,0.8203572034314381,0.1796427965685618,"(1383, 1944)"
9258fe22-6406-4d00-b6f0-3f9492925405.png,1920000,1632316,287684,0.8501645833333333,0.14983541666666667,"(1200, 1600)"
92e4fd7b-79ef-49c2-a52b-9ef13dd720ef.png,1920000,1429973,490027,0.7447776041666667,0.25522239583333334,"(1200, 1600)"
933e7e07-fc3d-42eb-be0c-6b1623ee60fa.png,1920000,1355649,564351,0.7060671875,0.2939328125,"(1200, 1600)"
939ad732-d7c5-4339-b087-4335b49d6a3c.png,1920000,1389093,530907,0.7234859375,0.2765140625,"(1200, 1600)"
93a306b8-594a-4c7f-8b4a-127fb6ad8f1a.png,1920000,1412565,507435,0.7357109375,0.2642890625,"(1200, 1600)"
93b47b14-7f78-4b31-8897-d63a81fdab01.png,1920000,1230685,689315,0.6409817708333333,0.35901822916666665,"(1200, 1600)"
93f40356-5676-45d3-8e83-8028708c93ba.png,1920000,1470002,449998,0.7656260416666667,0.23437395833333333,"(1200, 1600)"
93f7e207-0d8e-47f8-8258-09a0e03dbdd6.png,1920000,1454148,465852,0.75736875,0.24263125,"(1200, 1600)"
947348fe-4c70-468e-8009-3c14daeca69b.png,1920000,515495,1404505,0.26848697916666664,0.7315130208333334,"(1200, 1600)"
948c94ad-395c-41f4-9a68-8a1dcb76888c.png,1920000,1440368,479632,0.7501916666666667,0.24980833333333333,"(1200, 1600)"
94b5a9a1-1c88-4400-aca4-3d56f543fc4a.png,1920000,1592905,327095,0.8296380208333334,0.17036197916666668,"(1200, 1600)"
94d9fa50-d3e4-4eaf-acfc-92e7f2ed9ea5.png,1920000,1532995,387005,0.7984348958333334,0.20156510416666668,"(1200, 1600)"
95bea542-6cd0-41c5-82c5-509af8c3b505.png,1920000,844676,1075324,0.4399354166666667,0.5600645833333333,"(1200, 1600)"
95d5e689-c1d1-4ae8-a659-cc20c62a99f0.png,1920000,1620284,299716,0.8438979166666667,0.15610208333333334,"(1200, 1600)"
95fea6d8-413f-421e-b331-5d51c31df150.png,1920000,1242972,677028,0.64738125,0.35261875,"(1200, 1600)"
9615ff33-b3fc-4d1e-9c05-0b8e3ef936df.png,1920000,1483373,436627,0.7725901041666666,0.22740989583333332,"(1200, 1600)"
96287315-87a1-4045-9e16-119e045bf12a.png,2688552,2053310,635242,0.7637233722836679,0.23627662771633207,"(1383, 1944)"
96596a68-8c95-43f3-b74e-e9506c235144.png,1920000,1530150,389850,0.796953125,0.203046875,"(1200, 1600)"
9691c57a-ccf8-47f9-a8e9-9a324974585b.png,1920000,1635902,284098,0.8520322916666667,0.14796770833333334,"(1200, 1600)"
96957ec3-de17-41cf-855b-1388814e5918.png,2688552,2168739,519813,0.8066568918882729,0.19334310811172706,"(1383, 1944)"
96afe167-6a2f-4770-aa74-e083fbd5e926.png,2688552,2335857,352695,0.8688160020710033,0.13118399792899674,"(1383, 1944)"
97eff653-3908-4e66-931f-eab36bc336c8.png,1920000,1398597,521403,0.7284359375,0.2715640625,"(1200, 1600)"
98175327-da9e-4e0c-8912-ee68490a4672.png,1920000,1491828,428172,0.77699375,0.22300625,"(1200, 1600)"
9842445c-5899-4189-9f2e-3a3a179fdad3.png,1920000,1331257,588743,0.6933630208333333,0.30663697916666666,"(1200, 1600)"
984caf56-f400-4a29-be97-a4d6b9d1468d.png,1920000,1513717,406283,0.7883942708333334,0.21160572916666667,"(1200, 1600)"
985627c9-7b85-40de-a106-eb9cc47b47cb.png,1920000,1213139,706861,0.6318432291666667,0.3681567708333333,"(1200, 1600)"
98976666-9125-47fe-9601-43c41e58dfb4.png,1920000,1399846,520154,0.7290864583333333,0.27091354166666665,"(1200, 1600)"
989d86a1-6d76-4089-85cf-2f2ca0a8456c.png,1920000,1447348,472652,0.7538270833333334,0.24617291666666666,"(1200, 1600)"
98c25ffe-c329-420a-bc22-b082f565eac9.png,1920000,1490063,429937,0.7760744791666667,0.22392552083333334,"(1200, 1600)"
98efca97-37d2-4459-aca6-375ecc0c4539.png,1920000,1776553,143447,0.9252880208333333,0.07471197916666666,"(1200, 1600)"
997eabd9-55bf-4683-83c4-4cee4673a4ef.png,1920000,1265761,654239,0.6592505208333334,0.34074947916666665,"(1200, 1600)"
99a21c5c-f5a7-4c07-9cb6-5dda2d388f48.png,1920000,1571069,348931,0.8182651041666666,0.18173489583333333,"(1200, 1600)"
99b13257-b9d9-422f-8262-802da0bdc510.png,1920000,1356520,563480,0.7065208333333334,0.2934791666666667,"(1200, 1600)"
99d6a7e5-128e-4455-841d-8fbd1663905e.png,1920000,1533608,386392,0.7987541666666667,0.20124583333333335,"(1200, 1600)"
99e979d4-ee97-4d7f-9da6-00bead40db4d.png,1920000,1491800,428200,0.7769791666666667,0.22302083333333333,"(1200, 1600)"
9a1cd456-310c-47b6-a1f8-0fbd8e33d1fd.png,1920000,1540371,379629,0.8022765625,0.1977234375,"(1200, 1600)"
9a25f103-1683-47d1-8b07-ac20fe0b3ee9.png,1920000,1666700,253300,0.8680729166666666,0.13192708333333333,"(1200, 1600)"
9acf303a-fcba-4e52-be3e-8d061aa5e72a.png,1920000,1262808,657192,0.6577125,0.3422875,"(1200, 1600)"
9af1ee02-87fd-42bc-963e-fa9ac3eb45bb.png,1920000,1379394,540606,0.718434375,0.281565625,"(1200, 1600)"
9af4b8ae-c912-41fd-b4c0-34864c75360f.png,1920000,1621756,298244,0.8446645833333334,0.15533541666666667,"(1200, 1600)"
9b3fd401-dab0-440f-8498-eb3cc9ffa970.png,1920000,1235689,684311,0.6435880208333333,0.35641197916666667,"(1200, 1600)"
9b410534-3b70-4a88-9f93-205cf4e55a05.png,1920000,1339407,580593,0.6976078125,0.3023921875,"(1200, 1600)"
9bd40bc6-4949-42d3-b38f-d60422932f65.png,1920000,1592362,327638,0.8293552083333333,0.17064479166666666,"(1200, 1600)"
9c48fdf4-621d-4f40-bcd7-6a28cd530de7.png,1920000,1186758,733242,0.618103125,0.381896875,"(1200, 1600)"
9c4cb048-d64a-4b7f-84ff-ca28a8084fc7.png,1920000,1581225,338775,0.8235546875,0.1764453125,"(1200, 1600)"
9c5f48c0-0544-4c0c-92b4-59b7d7b7814c.png,1920000,1617947,302053,0.8426807291666667,0.15731927083333333,"(1200, 1600)"
9ca20b10-e2fd-4bd2-93ef-78298f763ed5.png,1920000,1161924,758076,0.60516875,0.39483125,"(1200, 1600)"
9cdee92c-6267-4188-a41e-125bc0abb9ae.png,1920000,1535337,384663,0.7996546875,0.2003453125,"(1200, 1600)"
9cf0b006-cb5c-47e7-b076-1dcacf1fbfb1.png,2688552,2027124,661428,0.7539835569481267,0.24601644305187328,"(1383, 1944)"
9cf3f75a-354c-46f9-8b53-0a9711ac8bee.png,2688552,2208940,479612,0.8216095504197055,0.1783904495802945,"(1383, 1944)"
9d155086-acf5-4c86-a9e1-94b587c46e87.png,1920000,1408901,511099,0.7338026041666666,0.26619739583333335,"(1200, 1600)"
9d819c89-4ea9-4e75-9b03-da87fa6c6f4d.png,1920000,1772100,147900,0.92296875,0.07703125,"(1200, 1600)"
9dc6ed5d-6698-48cf-aab3-fd156673729c.png,1920000,1296763,623237,0.6753973958333334,0.32460260416666664,"(1200, 1600)"
9e0e1928-d19a-4100-b093-0b962ac09e05.png,1920000,1242639,677361,0.6472078125,0.3527921875,"(1200, 1600)"
9e1b0217-0926-4fd1-bb9e-a815c05deb59.png,1920000,1531821,388179,0.7978234375,0.2021765625,"(1200, 1600)"
9e5437c6-b0d3-473b-b7c3-8f5afeb90c7a.png,1920000,1524004,395996,0.7937520833333334,0.20624791666666667,"(1200, 1600)"
9e74feb8-017d-4d53-8896-9ebda4327dd1.png,1920000,1302104,617896,0.6781791666666667,0.32182083333333333,"(1200, 1600)"
9e793460-d94c-47ac-b3a7-0d6ad86357da.png,1920000,1322484,597516,0.68879375,0.31120625,"(1200, 1600)"
9e82c996-2cfa-418d-9482-8ee23e9d0a5d.png,1920000,1406916,513084,0.73276875,0.26723125,"(1200, 1600)"
9eb66577-7857-43dc-a879-8f2c9d7f780f.png,1920000,1090128,829872,0.567775,0.432225,"(1200, 1600)"
9ebd623d-5534-4dd9-bff8-cdedf322db35.png,1920000,1455248,464752,0.7579416666666666,0.24205833333333332,"(1200, 1600)"
9ec1dcec-87c2-4aca-8e6b-0db3cd05509c.png,1920000,1311839,608161,0.6832494791666667,0.3167505208333333,"(1200, 1600)"
9ecf2006-8d49-4ae8-a14b-ed8b3b14ee7c.png,1920000,1592713,327287,0.8295380208333333,0.17046197916666667,"(1200, 1600)"
9edba799-e169-46cd-b100-c9f8fc7a8c7d.png,1920000,1111227,808773,0.5787640625,0.4212359375,"(1200, 1600)"
9f33e0ea-065b-4703-9df9-15829b891860.png,1920000,894984,1025016,0.4661375,0.5338625,"(1200, 1600)"
9f38055f-4fe6-47fd-a6dd-c0743db4eccf.png,1920000,546064,1373936,0.2844083333333333,0.7155916666666666,"(1200, 1600)"
9f4bc3b4-abb0-4bcb-baa8-ec9f25e2b9c6.png,1920000,1489129,430871,0.7755880208333333,0.22441197916666666,"(1200, 1600)"
9f959520-e15e-45c2-bc29-ef3c19154d1c.png,1920000,1324118,595882,0.6896447916666667,0.31035520833333335,"(1200, 1600)"
9fbf38ab-44b9-4096-a818-603017a4300e.png,1920000,1620834,299166,0.844184375,0.155815625,"(1200, 1600)"
9fd32265-07f2-442b-80b5-35069891d452.png,2688552,2063621,624931,0.767558522208237,0.232441477791763,"(1383, 1944)"
9fe8bdc8-847d-434e-93e5-ae14ff3b45e1.png,1920000,1378813,541187,0.7181317708333333,0.28186822916666665,"(1200, 1600)"
a054a8e2-55f2-4508-97df-207f76b89be2.png,1920000,1286467,633533,0.6700348958333333,0.3299651041666667,"(1200, 1600)"
a065c50b-341d-4803-b4b0-0fe8f04fdbb5.png,1920000,1328775,591225,0.6920703125,0.3079296875,"(1200, 1600)"
a0785022-e82b-4878-b9d4-19cb7b75213f.png,1920000,1553950,366050,0.8093489583333333,0.19065104166666666,"(1200, 1600)"
a0b277cb-20bc-4921-a6bd-5ccd5b91d14f.png,1920000,1688657,231343,0.8795088541666667,0.12049114583333333,"(1200, 1600)"
a0e2ef53-d39b-40cf-b8b6-4b148ac339ec.png,1920000,1589127,330873,0.8276703125,0.1723296875,"(1200, 1600)"
a0eedcb9-b85c-4612-b945-7e8227f53c35.png,1920000,1264178,655822,0.6584260416666666,0.3415739583333333,"(1200, 1600)"
a0eeeb10-d0cb-48d9-8c22-2c3a3c908d00.png,1920000,1448412,471588,0.75438125,0.24561875,"(1200, 1600)"
a11ed7d0-12f6-468f-abad-5cba7d968123.png,1920000,1454333,465667,0.7574651041666667,0.24253489583333335,"(1200, 1600)"
a1265844-329c-4a49-a37f-e0541b83a50c.png,2688552,2011359,677193,0.7481198057541755,0.25188019424582453,"(1383, 1944)"
a15e0fa8-2620-4f66-896e-175115c9dc3d.png,1920000,1099707,820293,0.5727640625,0.4272359375,"(1200, 1600)"
a1669b59-fe09-4fe6-ba9f-06bec6725502.png,1920000,1266586,653414,0.6596802083333333,0.34031979166666665,"(1200, 1600)"
a18f122f-3a3e-4478-8ac4-91b83e050e65.png,1920000,1321184,598816,0.6881166666666667,0.31188333333333335,"(1200, 1600)"
a1c140f9-75d7-42a3-b767-4c01a118892b.png,1920000,1374726,545274,0.716003125,0.283996875,"(1200, 1600)"
a1ff36df-71df-4e6e-a65f-ced9a2b381c3.png,1920000,1494487,425513,0.7783786458333334,0.22162135416666667,"(1200, 1600)"
a20d0b4b-6e2e-4507-bc22-f321dedc4ed9.png,1920000,1304490,615510,0.679421875,0.320578125,"(1200, 1600)"
a23f5539-bfe6-4885-9a0e-dba972475ea9.png,1920000,935543,984457,0.4872619791666667,0.5127380208333333,"(1200, 1600)"
a2754679-68b0-40f4-be01-bafad5ac1261.png,1920000,1239639,680361,0.6456453125,0.3543546875,"(1200, 1600)"
a27858ef-6533-413e-bc75-cc54690261a2.png,1920000,1637886,282114,0.853065625,0.146934375,"(1200, 1600)"
a27b451d-44a6-4740-861a-9e7e99915563.png,1920000,1294410,625590,0.674171875,0.325828125,"(1200, 1600)"
a2a20600-f851-4db7-90f9-6f7be027c8b5.png,1920000,823256,1096744,0.42877916666666666,0.5712208333333333,"(1200, 1600)"
a2ccbf70-e444-49a9-8b7e-9797a05220d8.png,1920000,1332573,587427,0.6940484375,0.3059515625,"(1200, 1600)"
a2d07312-2f97-40d2-8b09-7f2aca7b16fb.png,1920000,1579613,340387,0.8227151041666667,0.17728489583333334,"(1200, 1600)"
a2de1248-7bc0-44dc-b508-70a357eedd68.png,1920000,1359584,560416,0.7081166666666666,0.29188333333333333,"(1200, 1600)"
a2fc0093-8645-43c7-bdee-ec8ca9484815.png,1920000,1341066,578934,0.698471875,0.301528125,"(1200, 1600)"
a302a6fa-f635-4ade-b72b-b6f3c2a34ec9.png,1920000,1522450,397550,0.7929427083333334,0.20705729166666667,"(1200, 1600)"
a30da226-b452-408a-a556-bfae4d521464.png,1920000,1304411,615589,0.6793807291666667,0.32061927083333336,"(1200, 1600)"
a3548f89-1cb5-4e67-b460-482df95b10ee.png,2688552,2126426,562126,0.790918680390039,0.20908131960996104,"(1383, 1944)"
a3ada657-de00-44db-b1e2-54ba17e39983.png,1920000,1386317,533683,0.7220401041666666,0.27795989583333336,"(1200, 1600)"
a3c0a876-be12-4ede-8aed-18b32a64401b.png,1920000,1346221,573779,0.7011567708333334,0.29884322916666667,"(1200, 1600)"
a4409217-be11-4478-90a5-b406057d154d.png,1920000,1293939,626061,0.6739265625,0.3260734375,"(1200, 1600)"
a4851ed0-1499-4eae-9157-dcd34773254f.png,1920000,1167081,752919,0.6078546875,0.3921453125,"(1200, 1600)"
a4bd99a0-226a-4044-914b-8073d5890734.png,2688552,1741046,947506,0.6475775807944202,0.3524224192055798,"(1383, 1944)"
a4d7a7e1-5ae1-486d-b6ee-c9af1476ccad.png,1920000,1165520,754480,0.6070416666666667,0.39295833333333335,"(1200, 1600)"
a4fbb9f2-9b75-4fdc-877d-2feaafac25b3.png,1920000,1328232,591768,0.6917875,0.3082125,"(1200, 1600)"
a51d6c18-f9e8-4714-9dbb-38e1577445f2.png,1920000,1330848,589152,0.69315,0.30685,"(1200, 1600)"
a588091c-5e4c-4e61-914d-e96f3ee3e505.png,1920000,1477072,442928,0.7693083333333334,0.23069166666666666,"(1200, 1600)"
a5c3b3f8-7ceb-4573-a400-a76b9479af46.png,1920000,1423671,496329,0.7414953125,0.2585046875,"(1200, 1600)"
a5c8bf78-61e2-492d-bae5-0ffeea81212b.png,2688552,1704001,984551,0.6337987883440603,0.3662012116559397,"(1383, 1944)"
a5e05ba8-0c19-41e3-92d5-10e42a03b85e.png,1920000,1337882,582118,0.6968135416666666,0.30318645833333335,"(1200, 1600)"
a612e0d5-6a95-43cc-96a6-6fbcb8d45ff4.png,2688552,1919970,768582,0.7141279023057765,0.2858720976942235,"(1383, 1944)"
a6391703-0820-4913-a7cd-e843ff0d84ba.png,1920000,1542640,377360,0.8034583333333334,0.19654166666666667,"(1200, 1600)"
a63ce82f-f3d1-4818-9035-d3d230e5f686.png,1920000,1246910,673090,0.6494322916666667,0.35056770833333334,"(1200, 1600)"
a63fa2c7-3ec8-4bb7-bde6-a39e09d2f806.png,1920000,1419932,500068,0.7395479166666666,0.2604520833333333,"(1200, 1600)"
a6526894-e290-482d-ac43-f1df34864817.png,1920000,1288704,631296,0.6712,0.3288,"(1200, 1600)"
a6aa3b72-2970-4c78-b655-ea8dfe6e018c.png,1920000,1039548,880452,0.54143125,0.45856875,"(1200, 1600)"
a6ba808f-ec60-42a5-ad91-7b32412ab708.png,1920000,1281218,638782,0.6673010416666667,0.33269895833333335,"(1200, 1600)"
a6d85204-24b8-4b23-a8b1-c3e8b93f9f22.png,1920000,1434014,485986,0.7468822916666666,0.25311770833333336,"(1200, 1600)"
a6e72060-5bde-490c-bdd7-7d9cb0fce7fc.png,2688552,2008903,679649,0.7472063028723268,0.2527936971276732,"(1383, 1944)"
a6f8a029-44ee-4fe3-b807-38d137347729.png,1920000,1699552,220448,0.8851833333333333,0.11481666666666666,"(1200, 1600)"
a6fe423a-5204-4378-bcfa-d6d298a3e9aa.png,1920000,1606465,313535,0.8367005208333333,0.16329947916666668,"(1200, 1600)"
a72cd558-b7ac-4bf2-a344-2ce6c73a354e.png,1920000,1267559,652441,0.6601869791666667,0.3398130208333333,"(1200, 1600)"
a74b6d6a-7e04-40ac-9292-d62f13f7ded3.png,1920000,1187625,732375,0.6185546875,0.3814453125,"(1200, 1600)"
a7688988-2bcc-4458-83d3-5e482da5f87b.png,1920000,1432143,487857,0.7459078125,0.2540921875,"(1200, 1600)"
a777e78c-ad1f-4380-9ab2-b4f9f32b2d78.png,1920000,1250093,669907,0.6510901041666667,0.3489098958333333,"(1200, 1600)"
a7b6894d-eeea-4ed5-bc0e-785d6c6da8df.png,1920000,1353586,566414,0.7049927083333334,0.29500729166666667,"(1200, 1600)"
a7c3c52f-3b40-4c92-a212-df9462cf25d8.png,1920000,1174870,745130,0.6119114583333334,0.3880885416666667,"(1200, 1600)"
a7c91b63-b97c-4f4b-8d34-7ad2b08d7a17.png,1920000,1223446,696554,0.6372114583333334,0.3627885416666667,"(1200, 1600)"
a7f1bbb1-6058-4642-bd66-cfb90dce762e.png,1920000,1079919,840081,0.5624578125,0.4375421875,"(1200, 1600)"
a824b499-3736-4581-bbdc-be1b3b4cf756.png,1920000,1375571,544429,0.7164432291666667,0.28355677083333336,"(1200, 1600)"
a85cd1ae-0c94-4387-8305-84ab8d96d137.png,1920000,1360585,559415,0.7086380208333334,0.2913619791666667,"(1200, 1600)"
a86e0647-ae41-4b75-9d45-dd58f5ea65f5.png,1920000,1359765,560235,0.7082109375,0.2917890625,"(1200, 1600)"
a88a48b6-f85c-45c1-b42f-79716c8463f1.png,1920000,1340397,579603,0.6981234375,0.3018765625,"(1200, 1600)"
a89cace5-c818-4f23-a432-052b3433b81e.png,1920000,1014517,905483,0.5283942708333333,0.47160572916666665,"(1200, 1600)"
a8cb75ba-3f2f-40d8-8bc7-c79ebd1b9603.png,1920000,1206210,713790,0.628234375,0.371765625,"(1200, 1600)"
a9159b11-ba49-4885-902e-00c8d5095b98.png,1920000,1072811,847189,0.5587557291666667,0.44124427083333334,"(1200, 1600)"
a93c35ba-1690-4358-8837-669bcd850bb7.png,1920000,1408509,511491,0.7335984375,0.2664015625,"(1200, 1600)"
a9daf82a-a46d-4296-bd72-2c374ed0a193.png,1920000,1259372,660628,0.6559229166666667,0.3440770833333333,"(1200, 1600)"
a9feccda-18f2-405e-9aa1-409fa1f49fe4.png,1920000,1441046,478954,0.7505447916666667,0.24945520833333334,"(1200, 1600)"
aa2dfa24-2dc3-4279-a232-f84780ace190.png,1920000,1176589,743411,0.6128067708333333,0.38719322916666665,"(1200, 1600)"
aa3ad405-828e-4986-8251-20fd981f34d3.png,1920000,1321925,598075,0.6885026041666666,0.31149739583333336,"(1200, 1600)"
aa4a023b-55bd-4259-b15d-7086a9b491e0.png,1920000,1495322,424678,0.7788135416666667,0.22118645833333334,"(1200, 1600)"
aa57ec7c-8f35-4990-a790-62efc9df8fe8.png,2688552,2193508,495044,0.8158696577190994,0.18413034228090064,"(1383, 1944)"
aaade430-4c49-4038-97b7-f8cdd937db57.png,1920000,1460016,459984,0.760425,0.239575,"(1200, 1600)"
aabca37c-f9ef-4415-aab6-3246caa348e9.png,1920000,1454980,465020,0.7578020833333333,0.24219791666666668,"(1200, 1600)"
ab27173b-6e30-4957-bd68-29194328fd39.png,1920000,1016209,903791,0.5292755208333333,0.47072447916666665,"(1200, 1600)"
ab59c9e4-3e50-48b9-874d-060d317410cc.png,1920000,1522843,397157,0.7931473958333334,0.20685260416666668,"(1200, 1600)"
abb2f9d6-26fa-4328-983c-959ef6717c05.png,1920000,1441687,478313,0.7508786458333333,0.24912135416666667,"(1200, 1600)"
abb72ce2-4193-4dd3-a34c-61c2ee22ccff.png,2688552,2089796,598756,0.7772942461220761,0.22270575387792388,"(1383, 1944)"
abf4cf2a-4532-4772-9f0f-9e123cc1713d.png,1920000,1587889,332111,0.8270255208333334,0.17297447916666667,"(1200, 1600)"
ac3358f1-ef9a-4ccc-b66c-da5e47e352e0.png,1920000,885531,1034469,0.4612140625,0.5387859375,"(1200, 1600)"
ac4d6507-d710-497b-ad7c-e0dd75c1d06d.png,1920000,1502778,417222,0.782696875,0.217303125,"(1200, 1600)"
ac8df764-c8d8-4312-916d-70bfb37574b4.png,1920000,1447860,472140,0.75409375,0.24590625,"(1200, 1600)"
acb16781-11ad-4327-874a-5c9c35dcb085.png,1920000,1478704,441296,0.7701583333333333,0.22984166666666667,"(1200, 1600)"
acdc6e12-73d9-44ba-be8c-2a56aaffef4f.png,1920000,1240917,679083,0.6463109375,0.3536890625,"(1200, 1600)"
ad36bd67-594b-4f63-93e3-886af0bc618e.png,1920000,1033290,886710,0.538171875,0.461828125,"(1200, 1600)"
ad8731b7-0dae-4983-9dc6-dec31767d761.png,1920000,1451314,468686,0.7558927083333333,0.24410729166666667,"(1200, 1600)"
adff132d-3af0-4cef-942c-58fc09729bee.png,1920000,1160571,759429,0.6044640625,0.3955359375,"(1200, 1600)"
adff6e1d-ba9d-4c7b-a8fe-1ec458eaeeb8.png,1920000,1405409,514591,0.7319838541666667,0.26801614583333333,"(1200, 1600)"
ae17a099-18b5-4a42-a901-850ea056423e.png,1920000,1439718,480282,0.749853125,0.250146875,"(1200, 1600)"
ae779806-6d01-4dc6-89df-294c368db6bc.png,1920000,1322922,597078,0.689021875,0.310978125,"(1200, 1600)"
af2e63a3-9fde-46aa-a867-81c5c259d1dc.png,1920000,1239057,680943,0.6453421875,0.3546578125,"(1200, 1600)"
afa470d9-c74c-41cd-b4dc-7bf93fde8263.png,1920000,1491430,428570,0.7767864583333334,0.22321354166666665,"(1200, 1600)"
afbb264e-ff60-443a-83f5-49d09be1b835.png,1920000,1403532,516468,0.73100625,0.26899375,"(1200, 1600)"
afd39466-aafa-4d81-9520-483727418723.png,1920000,1257103,662897,0.6547411458333333,0.3452588541666667,"(1200, 1600)"
affa429c-0315-4c18-a002-13bb3ecab259.png,1920000,1524753,395247,0.7941421875,0.2058578125,"(1200, 1600)"
b02f6804-1697-4a5e-9be7-61931903ab55.png,1920000,1705663,214337,0.8883661458333333,0.11163385416666667,"(1200, 1600)"
b10ea12f-cd36-4f2c-994a-67d1665269ab.png,1920000,761428,1158572,0.39657708333333336,0.6034229166666667,"(1200, 1600)"
b1100ae1-0ac8-4fc2-b0ff-8819f7fbe724.png,1920000,1328141,591859,0.6917401041666666,0.30825989583333335,"(1200, 1600)"
b1145408-feae-4637-b4cf-3e70b99cc62d.png,1920000,1251549,668451,0.6518484375,0.3481515625,"(1200, 1600)"
b12ae3b1-613c-4c0e-9163-3c5cc314abf5.png,1920000,1347776,572224,0.7019666666666666,0.2980333333333333,"(1200, 1600)"
b197093e-2928-46a4-8e35-fa5ea7ea6dac.png,1920000,1625827,294173,0.8467848958333334,0.15321510416666667,"(1200, 1600)"
b1d312cf-1f52-4955-bf42-58d3664c254a.png,2688552,2145726,542826,0.7980972657400712,0.20190273425992877,"(1383, 1944)"
b2103776-9b32-4160-b4f0-0692deda19dc.png,1920000,1369181,550819,0.7131151041666667,0.2868848958333333,"(1200, 1600)"
b21f6c6e-4b45-407a-b4c7-034a115f3ee4.png,1920000,1191943,728057,0.6208036458333334,0.3791963541666667,"(1200, 1600)"
b234b6ea-b54d-470c-8461-ba7f4a024796.png,1920000,1333654,586346,0.6946114583333334,0.3053885416666667,"(1200, 1600)"
b2e34f5f-904e-4473-9dc7-c6bc1ce12640.png,1920000,678032,1241968,0.3531416666666667,0.6468583333333333,"(1200, 1600)"
b2f05937-b965-4c4b-b86e-f50e95d9d691.png,1920000,1519175,400825,0.7912369791666667,0.20876302083333334,"(1200, 1600)"
b3058064-d817-47dd-a8c4-cdb1f62374f8.png,1920000,1290228,629772,0.67199375,0.32800625,"(1200, 1600)"
b318889c-3c60-477c-b8f6-d18cb01a59df.png,1920000,1166501,753499,0.6075526041666667,0.3924473958333333,"(1200, 1600)"
b338766f-19b9-4874-bcc5-ae22b3c533e6.png,1920000,1498608,421392,0.780525,0.219475,"(1200, 1600)"
b34e65f6-c32e-42f1-a437-4a037c75a231.png,1920000,1426636,493364,0.7430395833333333,0.2569604166666667,"(1200, 1600)"
b3606d0e-6fe5-478a-bb4b-64d7c4889d86.png,1920000,1598949,321051,0.8327859375,0.1672140625,"(1200, 1600)"
b4261fa5-876d-48ea-b6da-ec7ca5b48fe2.png,1920000,1227296,692704,0.6392166666666667,0.36078333333333334,"(1200, 1600)"
b426ef1d-4a59-4f90-b593-50226af60a60.png,1920000,1241773,678227,0.6467567708333334,0.3532432291666667,"(1200, 1600)"
b47c1011-0cc6-400d-9300-1c72f873a6e5.png,2688552,1976038,712514,0.7349822506687614,0.2650177493312385,"(1383, 1944)"
b4bde4e8-f48b-4ae2-be01-86d8c91d0af9.png,1920000,1370095,549905,0.7135911458333334,0.28640885416666667,"(1200, 1600)"
b4c52960-bbee-439e-83dc-f89ddaade71b.png,1920000,1577189,342811,0.8214526041666667,0.17854739583333334,"(1200, 1600)"
b4d22412-a495-43a9-bec0-73a2322f8dad.png,1920000,776376,1143624,0.4043625,0.5956375,"(1200, 1600)"
b4dc3088-3fe2-4688-be24-70664a64e022.png,1920000,1371170,548830,0.7141510416666667,0.28584895833333335,"(1200, 1600)"
b4e5e08d-6427-46f3-aca8-a4df165a151d.png,1920000,1385578,534422,0.7216552083333333,0.27834479166666665,"(1200, 1600)"
b4f3b2a4-f4b9-48de-ac5d-0e681b77be27.png,1920000,887070,1032930,0.462015625,0.537984375,"(1200, 1600)"
b5143aae-6e98-4dc6-b546-980cb472de67.png,1920000,786667,1133333,0.4097223958333333,0.5902776041666666,"(1200, 1600)"
b523daee-317b-461d-bdc1-07b4add4d488.png,1920000,1364643,555357,0.7107515625,0.2892484375,"(1200, 1600)"
b5246b58-6f40-4c9e-8024-f49b0ed6bdbd.png,1920000,1188919,731081,0.6192286458333334,0.3807713541666667,"(1200, 1600)"
b5513d5b-46fc-4f44-a616-791087fbd608.png,1920000,1472761,447239,0.7670630208333333,0.23293697916666667,"(1200, 1600)"
b59dc3a0-3d54-4e3b-a485-33b3e43966de.png,1920000,1270362,649638,0.661646875,0.338353125,"(1200, 1600)"
b5acf759-1115-42f0-a753-656736192528.png,1920000,1204454,715546,0.6273197916666666,0.3726802083333333,"(1200, 1600)"
b600b38d-225b-46a5-b6f8-b607430f6a10.png,1920000,1477293,442707,0.7694234375,0.2305765625,"(1200, 1600)"
b618e87e-6059-496f-b0f6-e158f676a1fb.png,1920000,1721753,198247,0.8967463541666667,0.10325364583333334,"(1200, 1600)"
b62d47f9-2ff5-4902-abdc-b3610acfc7ba.png,1920000,1381209,538791,0.7193796875,0.2806203125,"(1200, 1600)"
b634137b-bc8b-4e88-b0e3-b536ad6e7e18.png,1920000,1102800,817200,0.574375,0.425625,"(1200, 1600)"
b6364a57-72a9-43f3-8d02-9f53a992dc95.png,1920000,1331908,588092,0.6937020833333334,0.30629791666666667,"(1200, 1600)"
b6573be3-9e04-49c3-9f48-6a145d065363.png,1920000,1345044,574956,0.70054375,0.29945625,"(1200, 1600)"
b666fcc2-d0b2-441e-bc5a-c660345eeb5d.png,1920000,1351341,568659,0.7038234375,0.2961765625,"(1200, 1600)"
b687c30d-cf15-445c-b3f6-5aca86584708.png,1920000,1516754,403246,0.7899760416666667,0.21002395833333334,"(1200, 1600)"
b6fe541f-3be2-41a8-8124-757fc1ad875e.png,2688552,2163983,524569,0.8048879099232598,0.19511209007674019,"(1383, 1944)"
b701b5c5-b922-4315-b12a-aac4ec65ee8b.png,1920000,1159004,760996,0.6036479166666666,0.3963520833333333,"(1200, 1600)"
b78b88f0-154a-4b54-8aaf-85d37a42a0f9.png,1920000,1525456,394544,0.7945083333333334,0.20549166666666666,"(1200, 1600)"
b78ba2c8-ecb3-45b2-9cda-2c8088fa95d1.png,1920000,1355311,564689,0.7058911458333333,0.29410885416666666,"(1200, 1600)"
b7a0d235-2217-43b4-aeff-cde4ccaf6789.png,1920000,1500113,419887,0.7813088541666666,0.21869114583333332,"(1200, 1600)"
b7d0ae11-a393-4aec-8f68-6ba07147f78a.png,1920000,1310302,609698,0.6824489583333333,0.31755104166666664,"(1200, 1600)"
b7f1a1eb-c150-4456-9c47-e7db8a5cb77a.png,1920000,1494788,425212,0.7785354166666667,0.22146458333333333,"(1200, 1600)"
b809b407-7b69-4334-873d-d6c49135f04a.png,1920000,1539615,380385,0.8018828125,0.1981171875,"(1200, 1600)"
b8339d7b-85ec-48d0-83e8-c8f831070459.png,1920000,1458616,461384,0.7596958333333333,0.24030416666666668,"(1200, 1600)"
b834cbf7-ff97-49d9-9561-566c9343735c.png,1920000,1378187,541813,0.7178057291666666,0.2821942708333333,"(1200, 1600)"
b8410821-a42b-47d0-8bcf-c2fc82e4e2d5.png,1920000,1704500,215500,0.8877604166666667,0.11223958333333334,"(1200, 1600)"
b85fc640-de49-4f7e-afc0-978ff020f2e2.png,1920000,1337710,582290,0.6967239583333333,0.30327604166666666,"(1200, 1600)"
b87fb62d-2c36-4f68-aba9-37fcd7d46eef.png,1920000,1272236,647764,0.6626229166666666,0.3373770833333333,"(1200, 1600)"
b88fe674-fb9a-41d4-b100-cb1c86440d44.png,1920000,1299117,620883,0.6766234375,0.3233765625,"(1200, 1600)"
b8a4d467-c40c-4ebf-91dd-1c19d0f2a7ae.png,1920000,1097393,822607,0.5715588541666666,0.4284411458333333,"(1200, 1600)"
b8dd6125-5027-47e2-a283-14e199274c80.png,1920000,1632883,287117,0.8504598958333334,0.14954010416666666,"(1200, 1600)"
b901c906-91be-48c4-88ec-2c527544a258.png,1920000,1209093,710907,0.6297359375,0.3702640625,"(1200, 1600)"
b9025f55-789d-4acb-9c0a-34e877c95c5c.png,2688552,1219306,1469246,0.4535177299899723,0.5464822700100277,"(1383, 1944)"
b910c1db-9c66-4207-892f-18a03ecc75bc.png,2688552,1820377,868175,0.6770845421624726,0.3229154578375274,"(1383, 1944)"
b91b1641-ee06-44d8-94cc-24cdb583cc37.png,1920000,1527445,392555,0.7955442708333333,0.20445572916666666,"(1200, 1600)"
b95ceeeb-8870-4492-9037-2091ff268c5a.png,1920000,1366252,553748,0.7115895833333333,0.28841041666666667,"(1200, 1600)"
b9c6db13-ca3a-4937-8ecf-e537047ed858.png,1920000,1527973,392027,0.7958192708333334,0.20418072916666666,"(1200, 1600)"
b9ccf7ca-953f-4832-9575-5e70b2a8c224.png,1920000,1061715,858285,0.5529765625,0.4470234375,"(1200, 1600)"
b9d65ef3-1adc-4479-abee-2e422f5a613a.png,1920000,1389071,530929,0.7234744791666666,0.2765255208333333,"(1200, 1600)"
b9de8b1a-f96a-4eb5-bc05-84ad43a054f3.png,1920000,1566900,353100,0.81609375,0.18390625,"(1200, 1600)"
baa87bf8-786c-444c-81e8-9fa0a41d8149.png,1920000,1417135,502865,0.7380911458333334,0.26190885416666665,"(1200, 1600)"
baab0701-3fd4-4940-8b90-b9c42d95888f.png,2688552,1647279,1041273,0.6127011863635147,0.3872988136364854,"(1383, 1944)"
bb137718-20ba-457d-8ffe-4f9420ecaab6.png,1920000,1508245,411755,0.7855442708333333,0.21445572916666666,"(1200, 1600)"
bb2042c5-35e1-43cc-8171-7de81b764361.png,1920000,1365927,554073,0.7114203125,0.2885796875,"(1200, 1600)"
bb337c84-f727-42a5-9c3d-934323a16c6a.png,1920000,1544460,375540,0.80440625,0.19559375,"(1200, 1600)"
bb3ae957-0f6d-4615-bfe5-24fbca50b459.png,1920000,1381301,538699,0.7194276041666666,0.2805723958333333,"(1200, 1600)"
bb795ddf-ce72-42d5-9006-124db4d5cf1c.png,1920000,1396422,523578,0.727303125,0.272696875,"(1200, 1600)"
bbaa004f-05dc-4cb8-8768-e148085bb0f9.png,1920000,1413673,506327,0.7362880208333333,0.26371197916666667,"(1200, 1600)"
bbe65c18-8a56-4dfe-875c-94e124a84125.png,1920000,1355557,564443,0.7060192708333334,0.2939807291666667,"(1200, 1600)"
bbecf1a8-a728-4c83-87f8-4dfbac0a1e03.png,1920000,1191659,728341,0.6206557291666667,0.37934427083333333,"(1200, 1600)"
bbedfcbe-9528-4ba9-9d86-4ebba7589ac5.png,1920000,1301702,618298,0.6779697916666667,0.32203020833333335,"(1200, 1600)"
bbf687b5-c6f9-4821-b2e5-a25df1acba47.png,1920000,1772179,147821,0.9230098958333334,0.07699010416666667,"(1200, 1600)"
bc1a58fd-736b-4812-a051-2c376cff50b7.png,1920000,1724006,195994,0.8979197916666667,0.10208020833333334,"(1200, 1600)"
bc377041-e098-45c4-9651-2b1ea90d1d7e.png,1920000,1316591,603409,0.6857244791666667,0.3142755208333333,"(1200, 1600)"
bc820fb6-5ba8-4438-affe-e250d2ad5eb0.png,2688552,1826731,861821,0.6794478961165713,0.3205521038834287,"(1383, 1944)"
bc832bde-d3ea-4a8e-be90-7a3329dcc314.png,1920000,1441918,478082,0.7509989583333333,0.24900104166666667,"(1200, 1600)"
bca27923-b270-45df-a0bf-3e1a7d135b2c.png,1920000,1689421,230579,0.8799067708333334,0.12009322916666666,"(1200, 1600)"
bcaefb02-682a-41b9-acc7-e6cc010f5b30.png,1920000,1239112,680888,0.6453708333333333,0.35462916666666666,"(1200, 1600)"
bcb447c9-5d37-414f-a513-d7076b04a532.png,1920000,744863,1175137,0.38794947916666667,0.6120505208333333,"(1200, 1600)"
bd432159-5956-457c-bdeb-1b5e702ba513.png,1920000,1180248,739752,0.6147125,0.3852875,"(1200, 1600)"
bd4da4f8-8996-47e0-a4e5-a3da5717441e.png,2688552,2472289,216263,0.9195615334946098,0.08043846650539026,"(1383, 1944)"
bd7937db-fca2-44d0-8538-460110210927.png,1920000,902938,1017062,0.47028020833333334,0.5297197916666667,"(1200, 1600)"
bd856928-96ee-4fc4-a377-f2fc4e84448b.png,1920000,1405885,514115,0.7322317708333334,0.26776822916666665,"(1200, 1600)"
bdb5d571-27bc-4a42-ae45-aa5a9af40a81.png,1920000,1357246,562754,0.7068989583333334,0.2931010416666667,"(1200, 1600)"
bdfbad30-fa2f-4285-bf02-6064ab6d869c.png,2688552,2066372,622180,0.7685817495811872,0.2314182504188128,"(1383, 1944)"
be5bb7d0-7c3f-4bb9-8bb4-f8bc8d875943.png,1920000,1239057,680943,0.6453421875,0.3546578125,"(1200, 1600)"
be6fe358-dee1-4dcf-9b0d-5d8612aba577.png,1920000,1421172,498828,0.74019375,0.25980625,"(1200, 1600)"
be779f52-0bfa-4c01-a16f-b7f0bc92ed7c.png,1920000,1484741,435259,0.7733026041666666,0.22669739583333334,"(1200, 1600)"
befe6182-266b-4f8a-ac82-3a4154f05f60.png,1920000,1580103,339897,0.8229703125,0.1770296875,"(1200, 1600)"
bf002a25-6535-4621-be19-56d468be5413.png,1920000,1186270,733730,0.6178489583333333,0.3821510416666667,"(1200, 1600)"
bf20d04d-ff8a-4910-91d7-94054c267d1b.png,1920000,1471684,448316,0.7665020833333334,0.23349791666666667,"(1200, 1600)"
bfbf234a-cbc4-4d00-ab7f-9043d1304b41.png,2688552,2020429,668123,0.7514933689212632,0.2485066310787368,"(1383, 1944)"
bfc61c48-685d-470b-86b1-e4c7eb85c4fd.png,1920000,1478516,441484,0.7700604166666667,0.22993958333333334,"(1200, 1600)"
bfe65b11-8aff-46aa-908b-1e989d25fdc4.png,1920000,1138556,781444,0.5929979166666667,0.4070020833333333,"(1200, 1600)"
bfefa21c-11e1-4dab-ac5d-8ff6f046d65f.png,1920000,1397640,522360,0.7279375,0.2720625,"(1200, 1600)"
c03d9b87-e19b-402b-ad86-b30d6e8aeb59.png,1920000,1223483,696517,0.6372307291666667,0.3627692708333333,"(1200, 1600)"
c0c3041f-78cd-46de-8e36-0a7dad0c04c4.png,1920000,1619306,300694,0.8433885416666667,0.15661145833333334,"(1200, 1600)"
c10b125d-10c2-474a-9c6a-5249935c638e.png,1920000,1476344,443656,0.7689291666666667,0.23107083333333334,"(1200, 1600)"
c11081a1-4fd9-4003-8bd9-0727eae62d0a.png,2688552,2233364,455188,0.8306939943880572,0.16930600561194278,"(1383, 1944)"
c118ff18-f9f2-4617-bddb-dc4091fb8f5f.png,1920000,1534737,385263,0.7993421875,0.2006578125,"(1200, 1600)"
c1423156-82b3-4dd3-8e74-08eb7ed8e1d6.png,1920000,1437801,482199,0.7488546875,0.2511453125,"(1200, 1600)"
c147584d-4c61-412a-bdaf-b02b22c18708.png,1920000,1417047,502953,0.7380453125,0.2619546875,"(1200, 1600)"
c17523c5-90a0-4a6b-9b33-2b4a6cf58d36.png,1920000,1269395,650605,0.6611432291666667,0.3388567708333333,"(1200, 1600)"
c186dcd1-af61-455f-9619-1fdd8c881b06.png,1920000,1447913,472087,0.7541213541666667,0.24587864583333333,"(1200, 1600)"
c22f7031-9cf8-48ce-b03b-1b12d0db4951.png,1920000,787661,1132339,0.4102401041666667,0.5897598958333333,"(1200, 1600)"
c244166d-12ca-445f-9ed9-a13d9caa412f.png,1920000,1531221,388779,0.7975109375,0.2024890625,"(1200, 1600)"
c2ec116f-f091-422c-926c-70b548a8f6ef.png,1920000,743439,1176561,0.3872078125,0.6127921875,"(1200, 1600)"
c3042130-a6e2-458f-9fde-bb012f68f5f2.png,1920000,1409359,510641,0.7340411458333334,0.26595885416666665,"(1200, 1600)"
c3209548-7f7c-4afd-b47c-b42a72b1ebf7.png,1920000,1738834,181166,0.9056427083333334,0.09435729166666666,"(1200, 1600)"
c3215597-a032-46be-9058-d6de1e5191d7.png,1920000,1509547,410453,0.7862223958333333,0.21377760416666666,"(1200, 1600)"
c328260d-bafa-4aaa-9e7a-79bc165d7fdb.png,2688552,2242567,445985,0.8341170265629975,0.1658829734370025,"(1383, 1944)"
c32b8bb8-c89d-4ae9-9c77-5b9356ca35a1.png,1920000,819726,1100274,0.426940625,0.573059375,"(1200, 1600)"
c35ee701-fde2-46b5-b178-1fe3f1ea7da2.png,1920000,1150947,769053,0.5994515625,0.4005484375,"(1200, 1600)"
c3631a04-b757-407b-8e7e-1ed3a6c463d4.png,2688552,2246193,442359,0.8354657079349777,0.16453429206502238,"(1383, 1944)"
c3ae7090-fc68-41b4-85a1-8d9bce9825a7.png,1920000,1257111,662889,0.6547453125,0.3452546875,"(1200, 1600)"
c3b07675-9d02-477c-91fe-f0737867049b.png,1920000,1410137,509863,0.7344463541666667,0.26555364583333335,"(1200, 1600)"
c415532c-4cce-4580-9fcd-623c172a1abd.png,1920000,1471991,448009,0.7666619791666667,0.23333802083333333,"(1200, 1600)"
c442e2d6-aaf9-417a-9905-4737a1115f33.png,1920000,972165,947835,0.5063359375,0.4936640625,"(1200, 1600)"
c4494d4f-732f-431a-8a9d-62403f0b74fe.png,1920000,1351653,568347,0.7039859375,0.2960140625,"(1200, 1600)"
c4c7ed75-dbdf-4bb6-b6ba-718903cf7264.png,1920000,1406294,513706,0.7324447916666667,0.26755520833333335,"(1200, 1600)"
c4d34e35-4db2-41de-ba77-1a94aa9ef788.png,1920000,1032260,887740,0.5376354166666667,0.46236458333333336,"(1200, 1600)"
c5084fb8-2b62-464c-8a77-1a07ea653266.png,1920000,1323968,596032,0.6895666666666667,0.31043333333333334,"(1200, 1600)"
c52f8cc8-afd7-441c-9f1f-18b6e16d79cf.png,1920000,1532020,387980,0.7979270833333333,0.20207291666666666,"(1200, 1600)"
c53fd511-31bd-4901-baac-3b44891f6744.png,1920000,1475831,444169,0.7686619791666667,0.23133802083333332,"(1200, 1600)"
c54fcef1-0c51-4426-9a93-15ec5f2bf58a.png,1920000,1583953,336047,0.8249755208333334,0.17502447916666666,"(1200, 1600)"
c5acd0ad-b0f2-478d-b0ad-5aa733aa7b32.png,1920000,1493300,426700,0.7777604166666666,0.22223958333333332,"(1200, 1600)"
c5db0fc0-b96c-496e-90b4-f9fb1b85b28e.png,1920000,1419792,500208,0.739475,0.260525,"(1200, 1600)"
c63f190a-e860-44fc-a2db-7980e1c80519.png,1920000,1490770,429230,0.7764427083333333,0.22355729166666666,"(1200, 1600)"
c649e1cb-4029-4433-b231-d67d68f7391a.png,1920000,1470799,449201,0.7660411458333334,0.23395885416666667,"(1200, 1600)"
c6530038-6d4e-49e1-8427-d1d3acc9fa21.png,1920000,1187707,732293,0.6185973958333333,0.38140260416666666,"(1200, 1600)"
c6575e75-c8ce-4766-841f-1137b9e0956c.png,1920000,1475484,444516,0.76848125,0.23151875,"(1200, 1600)"
c66a3e52-0f3f-4c81-bab9-0303499549f7.png,1920000,1499257,420743,0.7808630208333334,0.21913697916666666,"(1200, 1600)"
c66cb6b2-1480-446a-a9d2-b8032a3de0d7.png,1920000,1129986,790014,0.588534375,0.411465625,"(1200, 1600)"
c680004e-6ee2-43d7-877c-edc9b5ebeecc.png,1920000,1203866,716134,0.6270135416666667,0.3729864583333333,"(1200, 1600)"
c6807595-100a-4aa1-a5f6-882a20ca3d32.png,2688552,2304565,383987,0.857177023170837,0.14282297682916306,"(1383, 1944)"
c691c8ef-d3c7-47b6-a941-f6a1089f21a9.png,1920000,1148014,771986,0.5979239583333333,0.40207604166666666,"(1200, 1600)"
c6ab535c-30e5-4b6b-8273-1ec8d78cdd13.png,1920000,1419908,500092,0.7395354166666667,0.26046458333333333,"(1200, 1600)"
c6d97845-8ad2-4ab7-b385-66613628df5b.png,1920000,1727185,192815,0.8995755208333334,0.10042447916666666,"(1200, 1600)"
c7045ab6-230e-4c1e-a8e0-f624d41a00d9.png,1920000,1599552,320448,0.8331,0.1669,"(1200, 1600)"
c70894fa-50e8-4eed-a5a8-159a20153a49.png,2688552,1594046,1094506,0.5929013089573867,0.40709869104261326,"(1383, 1944)"
c736848a-437c-4121-b99f-58f186eb3a1d.png,2688552,2288438,400114,0.8511786270081442,0.14882137299185583,"(1383, 1944)"
c742ee2c-6814-46cd-af56-ae87bb9972f4.png,1920000,1399330,520670,0.7288177083333334,0.2711822916666667,"(1200, 1600)"
c776eb78-3323-4571-b39f-7ffc73ae63ce.png,1920000,1428529,491471,0.7440255208333333,0.25597447916666666,"(1200, 1600)"
c7a2d648-47cb-4b39-afa4-1b7fcfe51934.png,1920000,1555025,364975,0.8099088541666667,0.19009114583333334,"(1200, 1600)"
c7c1b873-0548-4a73-9618-f60912e164df.png,1920000,768866,1151134,0.4004510416666667,0.5995489583333333,"(1200, 1600)"
c7ec51d5-9f45-4209-8357-39e9a984a733.png,1920000,1469641,450359,0.7654380208333333,0.23456197916666666,"(1200, 1600)"
c84edeb4-311c-4e82-88f9-ae0505b3ad13.png,1920000,1253289,666711,0.6527546875,0.3472453125,"(1200, 1600)"
c890ee00-daa5-4b20-9cd5-930748ecc4e0.png,1920000,1294997,625003,0.6744776041666667,0.3255223958333333,"(1200, 1600)"
c8af0297-ce1f-40ea-bf44-9256dcdae4e9.png,1920000,1469670,450330,0.765453125,0.234546875,"(1200, 1600)"
c8d1b7ec-be9f-4c88-a39b-2c6bf46b2998.png,2688552,2075196,613356,0.771863813681119,0.22813618631888094,"(1383, 1944)"
c8fd1336-dd0a-4f97-abbf-be2c18b91e02.png,1920000,1677542,242458,0.8737197916666667,0.12628020833333334,"(1200, 1600)"
c94827ce-d619-4705-a68a-df63a2c95ffa.png,1920000,1420821,499179,0.7400109375,0.2599890625,"(1200, 1600)"
c9499a06-fb31-4552-a9e2-fb4ebb440859.png,1920000,1685942,234058,0.8780947916666667,0.12190520833333333,"(1200, 1600)"
c94a5851-b846-4fde-8c89-05bec3a8ac53.png,1920000,1337521,582479,0.6966255208333333,0.30337447916666666,"(1200, 1600)"
c956e531-6805-4fe1-b61c-8b96a9815a77.png,1920000,1245826,674174,0.6488677083333333,0.35113229166666665,"(1200, 1600)"
c9ad92d4-b408-4506-916e-def47b2e6ed0.png,1920000,1505722,414278,0.7842302083333333,0.21576979166666665,"(1200, 1600)"
ca16a5ad-b106-4e84-8a43-178710e854ba.png,1920000,1417916,502084,0.7384979166666666,0.26150208333333336,"(1200, 1600)"
ca5e6a15-ba65-48ea-8913-2d986e71bf3a.png,1920000,1560907,359093,0.8129723958333334,0.18702760416666667,"(1200, 1600)"
ca677c3c-083f-4d54-9dec-39f79f6a17d8.png,1920000,1062171,857829,0.5532140625,0.4467859375,"(1200, 1600)"
ca734448-0d52-42fa-b41c-17b2939e58ae.png,1920000,1094199,825801,0.5698953125,0.4301046875,"(1200, 1600)"
ca9626bc-21a4-46f4-ba94-e7ee7a4cf735.png,1920000,1359655,560345,0.7081536458333333,0.29184635416666665,"(1200, 1600)"
caeb2d62-1166-43f0-8eac-5b8fc48f02eb.png,1920000,1294374,625626,0.674153125,0.325846875,"(1200, 1600)"
cb08956d-dd6a-4e13-817b-40a0a93068f1.png,1920000,1314879,605121,0.6848328125,0.3151671875,"(1200, 1600)"
cb2fac19-90b0-48b4-bdc5-7dbbd58756d1.png,1920000,1463855,456145,0.7624244791666667,0.23757552083333333,"(1200, 1600)"
cbb58718-6319-48db-b84b-78ac9b12ff89.png,1920000,1334865,585135,0.6952421875,0.3047578125,"(1200, 1600)"
cbde7f7e-2458-4dda-9db2-3d5ccf950ced.png,1920000,1247142,672858,0.649553125,0.350446875,"(1200, 1600)"
cbec07ed-69d3-40e7-8b04-b3bd6680885b.png,1920000,1446068,473932,0.7531604166666667,0.24683958333333333,"(1200, 1600)"
cc275c45-7511-4070-84af-10b8ffebda53.png,1920000,1557277,362723,0.8110817708333333,0.18891822916666667,"(1200, 1600)"
cc453255-b583-425e-bc3e-284ccf120944.png,2688552,2307820,380732,0.8583877120472284,0.14161228795277161,"(1383, 1944)"
cc882eae-a341-4783-bd19-8bdedf798538.png,1920000,1437843,482157,0.7488765625,0.2511234375,"(1200, 1600)"
cc94eabb-a3dc-4cfc-9fff-55c76b5b4a71.png,1920000,1276965,643035,0.6650859375,0.3349140625,"(1200, 1600)"
ccb4b13d-ab20-4222-892f-5adf70249aaa.png,1920000,1370689,549311,0.7139005208333333,0.28609947916666667,"(1200, 1600)"
cd2774a0-dab2-4d68-aae9-7568b9f3d2a6.png,1920000,1279530,640470,0.666421875,0.333578125,"(1200, 1600)"
cdb086a8-2bf8-4436-b1ef-96cdd801f247.png,1920000,1682716,237284,0.8764145833333333,0.12358541666666667,"(1200, 1600)"
cea1cd9b-9b03-407b-ad8d-348155567dab.png,2688552,1742930,945622,0.6482783297477601,0.3517216702522399,"(1383, 1944)"
cecbf663-0751-4e7f-b298-770c88afc2c1.png,1920000,1242807,677193,0.6472953125,0.3527046875,"(1200, 1600)"
cf90d82f-2814-4fb7-a3ff-a86b7c5efca7.png,1920000,1572103,347897,0.8188036458333333,0.18119635416666666,"(1200, 1600)"
cfab01d3-0616-4efb-9290-11f0fd8bf5a3.png,1920000,1723371,196629,0.8975890625,0.1024109375,"(1200, 1600)"
cfe6086f-eb0b-4cb0-a430-8cd7de6556e2.png,1920000,1273982,646018,0.6635322916666667,0.33646770833333334,"(1200, 1600)"
d0347b49-8f98-4632-a384-1a4f57ac6374.png,1920000,1325144,594856,0.6901791666666667,0.3098208333333333,"(1200, 1600)"
d09eed76-e09b-4d90-b8f0-5a801beae41c.png,1920000,1694324,225676,0.8824604166666666,0.11753958333333334,"(1200, 1600)"
d0d3ae45-b434-4869-a518-427320ebe62d.png,1920000,1517311,402689,0.7902661458333333,0.20973385416666668,"(1200, 1600)"
d1144956-5a0c-4bd2-b67d-8498c82d6a12.png,1920000,1472357,447643,0.7668526041666667,0.23314739583333333,"(1200, 1600)"
d12c5f45-6b20-46d6-a66f-c5a4683c25b3.png,1920000,1504022,415978,0.7833447916666667,0.21665520833333332,"(1200, 1600)"
d1394e1a-dedd-4458-a024-044dae2cd69d.png,2688552,2081657,606895,0.7742669660099563,0.2257330339900437,"(1383, 1944)"
d1617cf7-eb56-42ee-85af-66c4748753c0.png,1920000,1550675,369325,0.8076432291666666,0.19235677083333333,"(1200, 1600)"
d1924af6-7512-4ccc-9c6b-adbbaa8db41f.png,1920000,1307810,612190,0.6811510416666666,0.3188489583333333,"(1200, 1600)"
d1b48634-9ad5-46e8-b816-42d1d97c93cd.png,1920000,1258419,661581,0.6554265625,0.3445734375,"(1200, 1600)"
d31dd2c0-ae8e-4499-86bb-7cabb6e438b9.png,1920000,1465783,454217,0.7634286458333334,0.23657135416666666,"(1200, 1600)"
d32022fa-e492-4b31-a776-9435cfdef6d6.png,1920000,1534119,385881,0.7990203125,0.2009796875,"(1200, 1600)"
d3283f5b-3b3a-40ea-800b-79960ca851cb.png,1920000,1376847,543153,0.7171078125,0.2828921875,"(1200, 1600)"
d33bc9fc-3444-4f26-8082-307f9fccc52b.png,1920000,1661032,258968,0.8651208333333333,0.13487916666666666,"(1200, 1600)"
d3b79739-aea2-4804-8c7a-183b7ed07de3.png,1920000,1410036,509964,0.73439375,0.26560625,"(1200, 1600)"
d3dcdf92-9328-4796-adf4-918646877ba1.png,1920000,1232905,687095,0.6421380208333334,0.3578619791666667,"(1200, 1600)"
d3ed519e-2152-4e30-838d-a3ea23be512f.png,1920000,1314245,605755,0.6845026041666666,0.31549739583333336,"(1200, 1600)"
d47cd049-d78b-4ba3-a7d4-399be4dd1dde.png,1920000,1531015,388985,0.7974036458333333,0.20259635416666666,"(1200, 1600)"
d4fef0c5-6597-48b6-97e9-32ed504488e6.png,1920000,1741920,178080,0.90725,0.09275,"(1200, 1600)"
d5009906-bce1-4353-90b4-f4c79362f4cf.png,1920000,1343161,576839,0.6995630208333333,0.3004369791666667,"(1200, 1600)"
d532e31c-10ce-4313-9a36-bd5e01230254.png,1920000,1541421,378579,0.8028234375,0.1971765625,"(1200, 1600)"
d57b3894-c912-47e8-b00a-e1a2a7aba644.png,1920000,1385826,534174,0.721784375,0.278215625,"(1200, 1600)"
d615b706-8f50-4d96-8de5-6858897528d0.png,1920000,1547931,372069,0.8062140625,0.1937859375,"(1200, 1600)"
d6352a03-ef81-421d-915e-226499555d20.png,1920000,1288984,631016,0.6713458333333333,0.3286541666666667,"(1200, 1600)"
d64cd75a-df26-44d5-ac25-69061a4e4d57.png,1920000,1406145,513855,0.7323671875,0.2676328125,"(1200, 1600)"
d67398c5-8b0e-463f-a04e-8583c820786c.png,1920000,1388167,531833,0.7230036458333333,0.2769963541666667,"(1200, 1600)"
d67655e6-0a80-4a86-b552-1f5e85788377.png,1920000,1363857,556143,0.7103421875,0.2896578125,"(1200, 1600)"
d67fb447-4dd7-4a82-a305-2b70927b69bb.png,1920000,1697682,222318,0.884209375,0.115790625,"(1200, 1600)"
d6942996-5664-4370-ad87-2bdcbd49ac16.png,1920000,1071044,848956,0.5578354166666667,0.44216458333333336,"(1200, 1600)"
d7581cb0-7a12-471d-a3d8-68dcea362213.png,1920000,1388042,531958,0.7229385416666667,0.27706145833333334,"(1200, 1600)"
d75933ed-d26e-4d1f-bda3-96bc0d77fb36.png,1920000,1406323,513677,0.7324598958333334,0.2675401041666667,"(1200, 1600)"
d79b4e90-c45d-4f5d-a498-49c3e323c291.png,1920000,1134036,785964,0.59064375,0.40935625,"(1200, 1600)"
d7c7eb2c-2acd-4f86-8a5a-09ab3dd02d16.png,1920000,1195066,724934,0.6224302083333333,0.37756979166666665,"(1200, 1600)"
d82c657e-5678-41da-9a6e-3ad29430b759.png,1920000,1517009,402991,0.7901088541666667,0.20989114583333332,"(1200, 1600)"
d8632217-ec33-4d0a-98e6-427824c58869.png,1920000,1232356,687644,0.6418520833333333,0.3581479166666667,"(1200, 1600)"
d8f7e159-b7e3-49e4-86e8-aed8c5fbcd97.png,1920000,831137,1088863,0.4328838541666667,0.5671161458333334,"(1200, 1600)"
d9255d7f-1282-442d-b152-73d7388526f9.png,2688552,1919647,768905,0.714007763286706,0.285992236713294,"(1383, 1944)"
d9345456-b76d-46cc-b81e-46d4a0a7b652.png,1920000,1263225,656775,0.6579296875,0.3420703125,"(1200, 1600)"
d997337e-e4a8-4ef0-b8ba-975e6c43b62c.png,1920000,1403157,516843,0.7308109375,0.2691890625,"(1200, 1600)"
d9c9479e-f1ea-4d6e-861f-843ff9a90d19.png,1920000,1310786,609214,0.6827010416666667,0.3172989583333333,"(1200, 1600)"
d9ecacb0-14c7-4862-930b-18bb51d5f392.png,2688552,2143830,544722,0.7973920534176018,0.20260794658239825,"(1383, 1944)"
da111ca5-520f-4ea8-97ad-ae5fce58ee91.png,1920000,868767,1051233,0.4524828125,0.5475171875,"(1200, 1600)"
da2197c7-7911-4be6-8bb9-164f47fd270a.png,2688552,2080330,608222,0.7737733917737132,0.22622660822628687,"(1383, 1944)"
da49db57-0c2f-4213-b322-c88c19fb9296.png,1920000,1412912,507088,0.7358916666666667,0.26410833333333333,"(1200, 1600)"
dacf7e3f-1d8c-42a0-8539-3abe3971c956.png,1920000,1120240,799760,0.5834583333333333,0.41654166666666664,"(1200, 1600)"
daea4860-a296-4f6d-acef-996ab0882676.png,1920000,1136127,783873,0.5917328125,0.4082671875,"(1200, 1600)"
db0a1123-0b35-48d7-8337-3b1ebd6af0cc.png,1920000,979533,940467,0.5101734375,0.4898265625,"(1200, 1600)"
db249e5a-4142-432c-8288-bacd10d7273d.png,1920000,876454,1043546,0.45648645833333334,0.5435135416666667,"(1200, 1600)"
db3f4098-02e4-45a3-a7af-5dda37ac1526.png,1920000,1696592,223408,0.8836416666666667,0.11635833333333333,"(1200, 1600)"
db7c5ec1-fefe-4e9d-83c1-da8fb982f1e2.png,1920000,1514186,405814,0.7886385416666667,0.21136145833333334,"(1200, 1600)"
db871d17-28fd-4ceb-b421-e4e4afa0a7a0.png,1920000,1330799,589201,0.6931244791666666,0.30687552083333336,"(1200, 1600)"
dbdfad64-110c-421f-a1c7-f68fd9e82d67.png,1920000,1051149,868851,0.5474734375,0.4525265625,"(1200, 1600)"
dc3bdfe9-1565-4cda-9c4e-0979846dab60.png,1920000,1279315,640685,0.6663098958333333,0.33369010416666667,"(1200, 1600)"
dc4270fb-e5c2-414f-96e9-6769ba1d77e4.png,1920000,1679420,240580,0.8746979166666666,0.12530208333333334,"(1200, 1600)"
dc6ac71b-2616-431e-bfd5-4c38139e4ddd.png,1920000,1650897,269103,0.8598421875,0.1401578125,"(1200, 1600)"
dca685a8-a609-45d8-93d7-da1e4165b9bd.png,1920000,1593722,326278,0.8300635416666666,0.16993645833333335,"(1200, 1600)"
dcb21739-3c36-459d-b3cc-1be5871d6fe7.png,1920000,1204746,715254,0.627471875,0.372528125,"(1200, 1600)"
dcc1a193-7b74-44f8-ad8d-813751d8fa6b.png,1920000,1372367,547633,0.7147744791666667,0.28522552083333336,"(1200, 1600)"
dce55b59-c6c3-4693-aa75-6b348c8f52cd.png,1920000,1392619,527381,0.7253223958333334,0.27467760416666664,"(1200, 1600)"
dcf7a19a-ec3d-44ef-8d7c-33b1e91fb9af.png,1920000,1591370,328630,0.8288385416666667,0.17116145833333332,"(1200, 1600)"
dd090806-e4ac-4a78-b2ee-55a30626369c.png,1920000,1469888,450112,0.7655666666666666,0.23443333333333333,"(1200, 1600)"
dd60b6a7-c545-45b9-8250-d1633aa1ac75.png,1920000,1682322,237678,0.876209375,0.123790625,"(1200, 1600)"
dd6f047e-af73-43df-9c46-354534fc20e0.png,1920000,1563887,356113,0.8145244791666667,0.18547552083333332,"(1200, 1600)"
dd7142e4-2d86-4170-a41f-e825743e8907.png,1920000,1489420,430580,0.7757395833333334,0.22426041666666666,"(1200, 1600)"
dd944a6b-c1d3-4f9f-bbdc-3709707984f7.png,1920000,1540233,379767,0.8022046875,0.1977953125,"(1200, 1600)"
de00f9a5-aa8b-4679-8ec6-85528a942d6f.png,1920000,1524502,395498,0.7940114583333333,0.20598854166666666,"(1200, 1600)"
de0321fa-6f7d-4dd1-b96b-186701c3b1d9.png,1920000,1472357,447643,0.7668526041666667,0.23314739583333333,"(1200, 1600)"
de2b8835-552c-4f01-98b7-67bc4910062e.png,1920000,1208758,711242,0.6295614583333333,0.3704385416666667,"(1200, 1600)"
de5d19b7-e670-4ac7-843b-7ce7bcebdf45.png,1920000,1175843,744157,0.6124182291666667,0.38758177083333334,"(1200, 1600)"
de6d3020-9347-473b-9146-8909627790f6.png,1920000,1271226,648774,0.662096875,0.337903125,"(1200, 1600)"
de81bf7a-7a56-437f-a068-4d9c3e01134c.png,1920000,1450177,469823,0.7553005208333333,0.24469947916666668,"(1200, 1600)"
dea9006d-c360-4118-b77b-8bc959fa5f8a.png,2688552,2199785,488767,0.8182043717212835,0.18179562827871656,"(1383, 1944)"
deaa1931-5f97-45bf-8c00-be6ddeb37b9a.png,1920000,1262548,657452,0.6575770833333333,0.3424229166666667,"(1200, 1600)"
deab75c9-00bc-488c-8b20-ff4515d85212.png,2688552,1705365,983187,0.6343061246351196,0.3656938753648804,"(1383, 1944)"
dec61ae1-5037-4c3a-8952-15371becca7d.png,1920000,1211401,708599,0.6309380208333333,0.36906197916666666,"(1200, 1600)"
dedbb10c-43f1-45fb-bb40-3ce2fb874015.png,1920000,1577817,342183,0.8217796875,0.1782203125,"(1200, 1600)"
deeaa5b3-3895-4aec-a2ce-ed6404862cdf.png,1920000,925765,994235,0.48216927083333333,0.5178307291666666,"(1200, 1600)"
df3d98b9-3dd7-4107-8d4a-ae1b7f247793.png,1920000,809127,1110873,0.4214203125,0.5785796875,"(1200, 1600)"
df49578a-60d4-4a3b-9ee0-79d9d59bc72a.png,1920000,1492412,427588,0.7772979166666667,0.22270208333333333,"(1200, 1600)"
df4fd610-fa16-45ca-b3a3-a25a14e5c4e9.png,2688552,1861295,827257,0.6923038869993959,0.30769611300060407,"(1383, 1944)"
dfac6c92-8f0f-429a-8caf-9b7732bf78da.png,1920000,1544350,375650,0.8043489583333333,0.19565104166666666,"(1200, 1600)"
dfc026a9-079f-4f45-8666-e0ccba5bb437.png,1920000,1448694,471306,0.754528125,0.245471875,"(1200, 1600)"
e02301ac-68f7-4daf-b2ba-254b917f1cca.png,2688552,1753018,935534,0.652030535396005,0.347969464603995,"(1383, 1944)"
e02edd82-c424-4dee-98a7-575640655d9b.png,1920000,1605294,314706,0.836090625,0.163909375,"(1200, 1600)"
e0e6b676-c39c-4542-8adf-de257a8e92e2.png,1920000,1526642,393358,0.7951260416666667,0.20487395833333333,"(1200, 1600)"
e0ef520d-7b65-485d-9888-e6859f189f70.png,1920000,1476185,443815,0.7688463541666667,0.23115364583333334,"(1200, 1600)"
e0ff3476-226f-4125-b182-8e524d5503dd.png,1920000,1236135,683865,0.6438203125,0.3561796875,"(1200, 1600)"
e11515b4-9527-4c23-a0ba-43719bacca0d.png,1920000,1401674,518326,0.7300385416666667,0.26996145833333335,"(1200, 1600)"
e13f2327-fbf4-4d84-a8c1-09cb1e449c8c.png,1920000,1575343,344657,0.8204911458333334,0.17950885416666668,"(1200, 1600)"
e16c0dab-780d-4035-872e-1bb91e49f9d2.png,1920000,1101651,818349,0.5737765625,0.4262234375,"(1200, 1600)"
e1937e32-85d5-4cd8-bb4a-b9cf8ee7ceeb.png,1920000,1617976,302024,0.8426958333333333,0.15730416666666666,"(1200, 1600)"
e234ce8b-4ec4-4d93-9068-d7854d77ddf4.png,1920000,1460194,459806,0.7605177083333333,0.23948229166666668,"(1200, 1600)"
e26b88c6-5884-4b5c-94d7-ad780379c8ad.png,2688552,1928608,759944,0.7173407841842002,0.2826592158157997,"(1383, 1944)"
e2e68cb3-0588-40bb-95b4-356f9cacffc3.png,1920000,1795079,124921,0.9349369791666666,0.06506302083333333,"(1200, 1600)"
e36cb882-c6d0-4467-812e-d18c169a9a47.png,1920000,1327918,592082,0.6916239583333333,0.30837604166666666,"(1200, 1600)"
e3a4b3e7-9500-4b6c-a402-b6d3f45e714b.png,1920000,1085145,834855,0.5651796875,0.4348203125,"(1200, 1600)"
e3ade58d-086c-47fa-9120-76beacb45395.png,1920000,1222967,697033,0.6369619791666666,0.3630380208333333,"(1200, 1600)"
e3c1442a-717f-41dd-bf97-81e1233ac9fa.png,1920000,1064589,855411,0.5544734375,0.4455265625,"(1200, 1600)"
e3e9c2de-0a24-4c7e-8a69-3d3093d5bdab.png,1920000,1148023,771977,0.5979286458333334,0.4020713541666667,"(1200, 1600)"
e3ea07d7-884a-412e-874a-40fd6b856736.png,1920000,1060562,859438,0.5523760416666667,0.44762395833333335,"(1200, 1600)"
e40000b4-1b26-42ce-909d-4715e04f0a6e.png,1920000,1327104,592896,0.6912,0.3088,"(1200, 1600)"
e474a20b-2769-48f1-a520-4f6ef5a0dbf5.png,1920000,1333864,586136,0.6947208333333333,0.30527916666666666,"(1200, 1600)"
e4827c85-311a-4df1-89c2-99dad0c3558c.png,1920000,1165145,754855,0.6068463541666667,0.39315364583333334,"(1200, 1600)"
e4eea7ea-8989-46a9-9c98-25a178146b28.png,1920000,795681,1124319,0.4144171875,0.5855828125,"(1200, 1600)"
e5731221-814c-4894-a44e-e46b71460fa4.png,1920000,1373810,546190,0.7155260416666667,0.28447395833333333,"(1200, 1600)"
e597f7ce-46c6-4dce-9063-50a2703fdd45.png,1920000,1366817,553183,0.7118838541666667,0.28811614583333334,"(1200, 1600)"
e5fd5949-4cd0-4cb6-837a-02c26a5eb87a.png,1920000,1290051,629949,0.6719015625,0.3280984375,"(1200, 1600)"
e61e6af2-7f8b-47b0-bbe7-acb2ed0299ab.png,1920000,1199272,720728,0.6246208333333333,0.37537916666666665,"(1200, 1600)"
e63e1607-f344-43d6-a0d8-e10cf2e5054a.png,1920000,1455274,464726,0.7579552083333333,0.24204479166666668,"(1200, 1600)"
e640ae51-cbf1-4a84-b7cf-d38b17f59c2f.png,1920000,1370532,549468,0.71381875,0.28618125,"(1200, 1600)"
e683144c-0465-43a2-86b1-3cf52599d5e0.png,1920000,1293639,626361,0.6737703125,0.3262296875,"(1200, 1600)"
e6a7743e-4040-40fa-b097-ca6874c469b7.png,2688552,2010572,677980,0.7478270831287622,0.2521729168712378,"(1383, 1944)"
e6d7c5e1-43fc-4712-86d5-aa70252b978f.png,1920000,1472964,447036,0.76716875,0.23283125,"(1200, 1600)"
e726dac6-f962-449c-acff-4dd56847b685.png,1920000,1285247,634753,0.6693994791666666,0.33060052083333336,"(1200, 1600)"
e79bd81b-f878-4bee-9be2-d91a722c031e.png,1920000,1296453,623547,0.6752359375,0.3247640625,"(1200, 1600)"
e8058bed-c362-4e1c-85dc-62f80f32938f.png,1920000,1450551,469449,0.7554953125,0.2445046875,"(1200, 1600)"
e80bad38-66d0-473e-85dd-92142dba37e6.png,1920000,1175475,744525,0.6122265625,0.3877734375,"(1200, 1600)"
e81bf478-27ff-458c-ac30-9e1f8480bc5c.png,1920000,1452549,467451,0.7565359375,0.2434640625,"(1200, 1600)"
e871f52c-77a6-4813-80d4-95bd97985f1a.png,1920000,1207926,712074,0.629128125,0.370871875,"(1200, 1600)"
e93e617e-ed36-43d9-bd1a-4ffd2fba64e9.png,2688552,1861377,827175,0.6923343866884479,0.30766561331155207,"(1383, 1944)"
e94a811d-3145-4313-ba42-2d5ed283179f.png,1920000,1175398,744602,0.6121864583333333,0.38781354166666665,"(1200, 1600)"
e98baeb2-aa58-4cce-8c61-66685dd2b239.png,1920000,1314379,605621,0.6845723958333333,0.31542760416666665,"(1200, 1600)"
e98ea067-82b5-4a0d-87bf-b4bbdc10ddab.png,1920000,1202099,717901,0.6260932291666667,0.37390677083333335,"(1200, 1600)"
e9916e11-9be6-4dec-9df6-2e7d1a8e1735.png,1920000,1575020,344980,0.8203229166666667,0.17967708333333332,"(1200, 1600)"
e9e78ff8-831b-46e9-9785-3eee9acbfcd8.png,1920000,1024869,895131,0.5337859375,0.4662140625,"(1200, 1600)"
ea6b012a-3425-4bfc-a61d-88563aa2a264.png,1920000,1467146,452854,0.7641385416666666,0.23586145833333333,"(1200, 1600)"
eaf4b781-b3aa-41ce-8c5e-287979b4e15a.png,1920000,869342,1050658,0.45278229166666667,0.5472177083333334,"(1200, 1600)"
eb0173a3-7e5e-4f53-8124-03d9d6317844.png,1920000,1460629,459371,0.7607442708333333,0.23925572916666665,"(1200, 1600)"
eb5f4f2f-2275-4a80-84a5-78a1eaf4ce4d.png,1920000,1448013,471987,0.7541734375,0.2458265625,"(1200, 1600)"
eb6e8684-b84e-483d-b835-f59286d2516b.png,1920000,1097423,822577,0.5715744791666667,0.42842552083333335,"(1200, 1600)"
eb77e4a9-acb0-4d83-8055-2c5fcaa54b45.png,1920000,789987,1130013,0.4114515625,0.5885484375,"(1200, 1600)"
eb86033f-4f1c-4e8c-ae84-e8e4c7e08626.png,1920000,1315689,604311,0.6852546875,0.3147453125,"(1200, 1600)"
eba73bff-fbe1-436d-9a5f-0a61331a0ea2.png,1920000,1171547,748453,0.6101807291666667,0.38981927083333334,"(1200, 1600)"
ebb53337-1d4f-4ab5-9b6d-83a66f48fe2e.png,2688552,2575530,113022,0.957961757853298,0.042038242146702015,"(1383, 1944)"
ebc4056e-d766-43cf-b6b4-5dac79d96e84.png,2688552,1862672,825880,0.6928160586070122,0.30718394139298777,"(1383, 1944)"
ebfd9f67-138e-49f0-9cef-a0352069eedb.png,1920000,1219431,700569,0.6351203125,0.3648796875,"(1200, 1600)"
ec301f62-1302-4407-96f9-fcfe45c150ae.png,1920000,1233157,686843,0.6422692708333333,0.35773072916666665,"(1200, 1600)"
ec60ab26-3343-4c5f-9667-cdae999c7d86.png,1920000,1555677,364323,0.8102484375,0.1897515625,"(1200, 1600)"
ecd68ba2-48af-4866-826a-7cd1c147c055.png,1920000,1334795,585205,0.6952057291666667,0.3047942708333333,"(1200, 1600)"
ed0bee2f-05e0-4392-8357-19750cec577c.png,1920000,817739,1102261,0.4259057291666667,0.5740942708333333,"(1200, 1600)"
ed0d8763-e734-4506-b61b-53fc32a8d8c9.png,1920000,1418986,501014,0.7390552083333334,0.2609447916666667,"(1200, 1600)"
edcb4d77-a4d3-465d-9b59-eb3087766b1c.png,1920000,1084579,835421,0.5648848958333333,0.43511510416666666,"(1200, 1600)"
edd09b2e-2673-4405-8ac0-e476e003e96a.png,1920000,1257991,662009,0.6552036458333333,0.34479635416666665,"(1200, 1600)"
edd3862f-04e1-49cf-97dd-ca566d17e71a.png,1920000,1241145,678855,0.6464296875,0.3535703125,"(1200, 1600)"
edea6ca9-3d52-4b4f-bec3-93799b1c26e3.png,2688552,2162411,526141,0.8043032085672883,0.19569679143271174,"(1383, 1944)"
ee57e743-a876-4f69-9fe5-bf5d01b44689.png,1920000,995462,924538,0.5184697916666666,0.4815302083333333,"(1200, 1600)"
eeac81a5-9202-4965-b7de-35b12910cdf6.png,1920000,1556515,363485,0.8106848958333334,0.18931510416666666,"(1200, 1600)"
eeb06e39-482b-443d-8cf6-b9b5c763df78.png,1920000,1673614,246386,0.8716739583333334,0.12832604166666667,"(1200, 1600)"
eed298b3-35f2-4127-88ad-0c4a9062207b.png,1920000,1296782,623218,0.6754072916666667,0.3245927083333333,"(1200, 1600)"
eef2ac0b-42de-4bc3-a3c3-d5fcd597fbe4.png,1920000,1413845,506155,0.7363776041666666,0.26362239583333336,"(1200, 1600)"
ef1419e0-3a3a-458a-b3b2-7efddac50404.png,1920000,1290033,629967,0.6718921875,0.3281078125,"(1200, 1600)"
ef1a9020-5e45-450d-a237-165114308592.png,1920000,1275990,644010,0.664578125,0.335421875,"(1200, 1600)"
ef55f2ac-5a04-4986-99ab-0d2b5052ab3e.png,2688552,1923049,765503,0.7152731284349345,0.2847268715650655,"(1383, 1944)"
ef815e3a-02a6-4cf8-9262-45bc74c50b00.png,1920000,1186947,733053,0.6182015625,0.3817984375,"(1200, 1600)"
ef83ed4c-2724-4d5f-8abe-1a18d25cea35.png,1920000,912606,1007394,0.475315625,0.524684375,"(1200, 1600)"
ef8fcfa4-8466-4186-8c69-f5f4904eb489.png,1920000,1218045,701955,0.6343984375,0.3656015625,"(1200, 1600)"
efb85f8e-c780-4a19-b6ce-555a154b0d10.png,2688552,1497456,1191096,0.5569749069387536,0.4430250930612464,"(1383, 1944)"
effd6334-516f-4d48-9f3c-5272a99780fb.png,1920000,1376620,543380,0.7169895833333333,0.28301041666666665,"(1200, 1600)"
f01f6659-2114-4801-9d28-1f411432a589.png,1920000,1690585,229415,0.8805130208333334,0.11948697916666666,"(1200, 1600)"
f05ffdca-dc3a-47bd-a231-2a0d9bd1d50e.png,1920000,1283302,636698,0.6683864583333333,0.3316135416666667,"(1200, 1600)"
f06ba705-5509-479b-8067-127ffb37c5b6.png,1920000,1443956,476044,0.7520604166666667,0.24793958333333332,"(1200, 1600)"
f070a212-e4e2-4743-804c-80789a36f495.png,2688552,2173118,515434,0.8082856496731327,0.1917143503268674,"(1383, 1944)"
f0713bee-2a71-4ced-b953-4041ea99496a.png,1920000,1324102,595898,0.6896364583333333,0.3103635416666667,"(1200, 1600)"
f07174a5-f799-4286-ac43-5b0f5c5777ac.png,1920000,1225091,694909,0.6380682291666666,0.36193177083333333,"(1200, 1600)"
f0804a5e-e7f5-4cf2-a5df-b65e66502bf1.png,1920000,1382032,537968,0.7198083333333334,0.28019166666666667,"(1200, 1600)"
f08e873b-9617-42b3-9c7a-55d0e39c2663.png,2688552,2221233,467319,0.8261819001455059,0.17381809985449417,"(1383, 1944)"
f09acb0c-b270-4e91-99f8-410adfa7f34a.png,1920000,1338029,581971,0.6968901041666666,0.3031098958333333,"(1200, 1600)"
f0ee03d6-c57b-43a0-8812-359330bdb93a.png,2688552,1243636,1444916,0.4625672109001425,0.5374327890998575,"(1383, 1944)"
f0fe292d-85ae-4c3a-a676-037dde2594e6.png,1920000,1279833,640167,0.6665796875,0.3334203125,"(1200, 1600)"
f11d05e4-538a-4024-8711-b08a4ce3c540.png,1920000,1471845,448155,0.7665859375,0.2334140625,"(1200, 1600)"
f1872d08-f8a6-4b21-aa29-f56bbf607883.png,1920000,1416593,503407,0.7378088541666666,0.2621911458333333,"(1200, 1600)"
f1cda808-69a9-4d10-ba0a-6607c98e362d.png,1920000,1197902,722098,0.6239072916666667,0.37609270833333336,"(1200, 1600)"
f1de7c7e-e7d3-45ae-a66c-58538bf6cac1.png,1920000,1649379,270621,0.8590515625,0.1409484375,"(1200, 1600)"
f1f9df6d-c4cb-4b42-9ca2-8fb47b1b0e91.png,1920000,1396843,523157,0.7275223958333333,0.27247760416666666,"(1200, 1600)"
f1faab5f-3033-45ea-9673-8b816fea5ce8.png,1920000,1368783,551217,0.7129078125,0.2870921875,"(1200, 1600)"
f20a4fcf-ea8e-4c14-883d-d26a9e08ce25.png,1920000,1481908,438092,0.7718270833333334,0.22817291666666667,"(1200, 1600)"
f232eec3-02c0-43f9-bf32-3e60245397e2.png,1920000,980147,939853,0.5104932291666666,0.4895067708333333,"(1200, 1600)"
f234a2de-f3c8-4521-a306-8cfdf52dd597.png,1920000,1344676,575324,0.7003520833333333,0.2996479166666667,"(1200, 1600)"
f23ae29e-1bda-4784-b10c-d736757d39b8.png,1920000,1569585,350415,0.8174921875,0.1825078125,"(1200, 1600)"
f24c8fe0-a534-44cf-9995-b2b314d945ba.png,1920000,1516791,403209,0.7899953125,0.2100046875,"(1200, 1600)"
f2574be3-81c6-4fc3-8a40-0230d1264f52.png,1920000,1003071,916929,0.5224328125,0.4775671875,"(1200, 1600)"
f25a2ac8-cb6e-4e05-a0cd-cc00ac47718a.png,1920000,1331722,588278,0.6936052083333333,0.30639479166666667,"(1200, 1600)"
f274b784-b995-4a7e-a2c2-6cc31c24c4b4.png,1920000,1120181,799819,0.5834276041666666,0.41657239583333333,"(1200, 1600)"
f28e6d66-af71-40c1-b30c-da71d7230a3f.png,1920000,1571500,348500,0.8184895833333333,0.18151041666666667,"(1200, 1600)"
f2a8a483-b254-43aa-817f-7d525adb8911.png,1920000,1375320,544680,0.7163125,0.2836875,"(1200, 1600)"
f2b1ae99-8169-42ea-bdb4-3351175e4cb6.png,2688552,1828568,859984,0.6801311635408205,0.3198688364591795,"(1383, 1944)"
f329e01b-fbd3-4fb5-9738-a7ff4c8622b8.png,1920000,1667285,252715,0.8683776041666667,0.13162239583333332,"(1200, 1600)"
f32b21ae-5ca7-490b-bc40-6db9396d933c.png,1920000,1374183,545817,0.7157203125,0.2842796875,"(1200, 1600)"
f39e2289-fedd-4d12-9e64-ffdafb89247e.png,1920000,1166570,753430,0.6075885416666666,0.39241145833333335,"(1200, 1600)"
f3bd0fcc-647d-4ca0-8c43-a16bd6ea3878.png,1920000,1343265,576735,0.6996171875,0.3003828125,"(1200, 1600)"
f3d84be2-8af0-4d62-9f72-23d3dc08cbbe.png,1920000,1124053,795947,0.5854442708333333,0.41455572916666666,"(1200, 1600)"
f4722a74-35e7-42bd-8ef6-dfff04b9cd22.png,1920000,1180577,739423,0.6148838541666667,0.3851161458333333,"(1200, 1600)"
f48bf825-13c4-42fc-8dd8-10cc4ae6b202.png,1920000,1498749,421251,0.7805984375,0.2194015625,"(1200, 1600)"
f4a27dfd-4c52-459f-96b5-ee6b452a3395.png,1920000,1346210,573790,0.7011510416666666,0.29884895833333336,"(1200, 1600)"
f4c00b8c-d675-4255-8277-ca65bd757f51.png,1920000,1453321,466679,0.7569380208333333,0.24306197916666666,"(1200, 1600)"
f4c2b43f-a2e7-4746-8034-0b34aebba8ee.png,1920000,1471230,448770,0.766265625,0.233734375,"(1200, 1600)"
f5419bc0-4415-41b6-b832-5326cfcc534b.png,1920000,1598197,321803,0.8323942708333333,0.16760572916666666,"(1200, 1600)"
f5869ba8-6253-426b-93f3-82af59a86144.png,1920000,1273112,646888,0.6630791666666667,0.33692083333333334,"(1200, 1600)"
f5c395f1-f94c-440d-8221-cc656e52c0b1.png,1920000,1643980,276020,0.8562395833333334,0.14376041666666667,"(1200, 1600)"
f5c51193-8a27-4ef3-83ad-771395d63caf.png,1920000,1629591,290409,0.8487453125,0.1512546875,"(1200, 1600)"
f5eb7c5e-bd77-4638-ba9f-58d42f87476b.png,1920000,1140986,779014,0.5942635416666666,0.4057364583333333,"(1200, 1600)"
f62d4fb6-df7c-446c-94a8-d5aede0b1e0c.png,1920000,542036,1377964,0.2823104166666667,0.7176895833333333,"(1200, 1600)"
f632981c-1330-4078-8a12-691beb2dab02.png,1920000,1309864,610136,0.6822208333333334,0.31777916666666667,"(1200, 1600)"
f65a1633-9935-4984-a285-a60d30aa1707.png,1920000,1595422,324578,0.8309489583333334,0.16905104166666668,"(1200, 1600)"
f68ae8e9-e760-4106-88e0-4bdef2785f06.png,1920000,1143215,776785,0.5954244791666666,0.4045755208333333,"(1200, 1600)"
f6ab936d-924b-4038-aa47-71b07c26b4e2.png,1920000,999414,920586,0.520528125,0.479471875,"(1200, 1600)"
f6f8a69a-3fd2-4684-ac77-3e83ea0fb36d.png,1920000,1221664,698336,0.6362833333333333,0.3637166666666667,"(1200, 1600)"
f7231477-f2c1-439a-9c8b-204de07686a4.png,1920000,1506773,413227,0.7847776041666666,0.21522239583333333,"(1200, 1600)"
f77d7469-d083-4c2d-a4ea-5a9ff162e3e2.png,1920000,1287235,632765,0.6704348958333334,0.3295651041666667,"(1200, 1600)"
f7a4334a-4332-4de8-b39b-22da907976f2.png,1920000,1143365,776635,0.5955026041666667,0.40449739583333333,"(1200, 1600)"
f7cced00-9b41-45ec-9fdf-fb9e1a74da90.png,1920000,1478875,441125,0.7702473958333333,0.22975260416666668,"(1200, 1600)"
f81806a8-5883-446c-be78-f0145b12dbdd.png,1920000,1469056,450944,0.7651333333333333,0.23486666666666667,"(1200, 1600)"
f8242b97-b8d5-48b5-b808-0b0f75a5de97.png,1920000,1686512,233488,0.8783916666666667,0.12160833333333333,"(1200, 1600)"
f8a8b148-60e4-4a5c-ae19-941b19ec0846.png,1920000,1540447,379553,0.8023161458333333,0.19768385416666667,"(1200, 1600)"
f8b14fc4-dd6b-4ad0-a96d-c62845f48681.png,1920000,1468236,451764,0.76470625,0.23529375,"(1200, 1600)"
f8b6a868-60e9-4569-ae69-638a0c39834d.png,1920000,1321800,598200,0.6884375,0.3115625,"(1200, 1600)"
f8ebe0c8-a90d-4a64-9f6a-f9985e38c340.png,2688552,1996373,692179,0.7425458016062177,0.25745419839378225,"(1383, 1944)"
f91670db-be74-474c-bd72-68120aed4756.png,1920000,1421271,498729,0.7402453125,0.2597546875,"(1200, 1600)"
f939782b-f5a2-40a3-9c22-6c6d7e18edc3.png,1920000,1057604,862396,0.5508354166666667,0.4491645833333333,"(1200, 1600)"
f97c7c87-5e27-45ea-9f93-3285d74091de.png,1920000,1452107,467893,0.7563057291666667,0.24369427083333334,"(1200, 1600)"
fa1f9f89-cecb-4972-842c-d14c632f89a9.png,1920000,1233101,686899,0.6422401041666667,0.35775989583333334,"(1200, 1600)"
fa4f8d1a-cb3a-4722-a566-6c7072f30606.png,1920000,1535659,384341,0.7998223958333334,0.20017760416666666,"(1200, 1600)"
fac4b0e2-6b52-4c0e-b762-4fa65d552856.png,1920000,1705048,214952,0.8880458333333333,0.11195416666666666,"(1200, 1600)"
faead1c7-bb2c-4adf-bfce-9ff36cd2cf6a.png,1920000,1526783,393217,0.7951994791666667,0.20480052083333333,"(1200, 1600)"
fb05b297-180a-4171-b633-09d5616d7534.png,1920000,1101268,818732,0.5735770833333333,0.42642291666666665,"(1200, 1600)"
fbb1b44c-d75a-4550-a6c0-0eb62b96bfce.png,1920000,1523988,396012,0.79374375,0.20625625,"(1200, 1600)"
fbc1f360-4382-48bb-a32e-3f5f2f9dbe57.png,1920000,1284019,635981,0.6687598958333333,0.33124010416666666,"(1200, 1600)"
fbcb2ef0-3c97-4d7a-8b96-0147c73f3941.png,1920000,1419735,500265,0.7394453125,0.2605546875,"(1200, 1600)"
fc15659f-6264-4dd5-ab17-43d89fb297b9.png,1920000,1444545,475455,0.7523671875,0.2476328125,"(1200, 1600)"
fc8df086-39e0-43f8-b0c7-2d23a349539b.png,1920000,1505813,414187,0.7842776041666667,0.21572239583333333,"(1200, 1600)"
fcc2b245-f47f-447f-8527-275b0005677c.png,1920000,1245720,674280,0.6488125,0.3511875,"(1200, 1600)"
fcdf6632-c03f-49a8-9fb3-42e87c99b9d0.png,1920000,1400257,519743,0.7293005208333333,0.27069947916666665,"(1200, 1600)"
fd1302e2-3cd2-4a1a-9c13-00f810a9c41b.png,1920000,1390204,529796,0.7240645833333333,0.27593541666666666,"(1200, 1600)"
fd1c4c7a-24bc-43f2-b84f-fee182207aee.png,1920000,1531244,388756,0.7975229166666666,0.20247708333333334,"(1200, 1600)"
fde0fd54-49cc-42e1-90c6-6b612cd062d8.png,1920000,1427588,492412,0.7435354166666667,0.25646458333333333,"(1200, 1600)"
fe00fa09-d3c8-485b-9d0f-3cce556c9edd.png,1920000,1522280,397720,0.7928541666666666,0.20714583333333333,"(1200, 1600)"
fe0c5e48-f65e-488c-9c3c-1ea7c7835c0c.png,1920000,1352737,567263,0.7045505208333334,0.29544947916666664,"(1200, 1600)"
fe1ee954-ba71-47b3-954a-d20ab940cd7b.png,1920000,1049355,870645,0.5465390625,0.4534609375,"(1200, 1600)"
fe436c09-b680-4f4c-8faf-aa10a55a335b.png,1920000,1265314,654686,0.6590177083333333,0.34098229166666666,"(1200, 1600)"
fe691faa-3bc7-475e-b558-aa8fe7b795bc.png,1920000,1256705,663295,0.6545338541666667,0.34546614583333335,"(1200, 1600)"
fe851c88-692d-4199-87e0-d19d9c4eb591.png,1920000,705524,1214476,0.3674604166666667,0.6325395833333334,"(1200, 1600)"
fed6ba05-36a5-45dc-a4e1-9baa7de2c622.png,1920000,1049213,870787,0.5464651041666667,0.45353489583333334,"(1200, 1600)"
ff1b23d0-3cef-459b-b81f-39bfcdb6526f.png,1920000,1434960,485040,0.747375,0.252625,"(1200, 1600)"
ff37dd9b-2e3c-444d-9d29-6db186cfa2fb.png,1920000,1217243,702757,0.6339807291666667,0.36601927083333335,"(1200, 1600)"
ff3b9d4d-373c-48ef-a75a-d23e2c2ade87.png,1920000,1251896,668104,0.6520291666666667,0.34797083333333334,"(1200, 1600)"
ffb7be9a-65df-4f0b-99ae-cfd34e81cd34.png,1920000,1475314,444686,0.7683927083333333,0.23160729166666666,"(1200, 1600)"
ffd59802-46c6-4b58-80fe-e534e39781a7.png,1920000,1618431,301569,0.8429328125,0.1570671875,"(1200, 1600)"
